customer_id,company_name,industry,country,company_size_employees,signup_date,acquisition_channel,account_owner,customer_status
100000,Solstice Supply Holdings,Retail,United States,54.0,2023-04-04,Paid Search,,Active
100001,Vantage Retail Ventures,Manufacturing,United States,55.0,2021-03-16,Organic Search,Grace Lin,Active
100002,Solstice Freight Solutions,SaaS,United States,35.0,2021-07-06,Partner,Devon Wallace,Active
100003,Solstice Learning Networks,Retail,Australia,178.0,2024-04-24,Organic Search,Mei Chen,Active
100004,Driftwood Supply Industries,SaaS,United States,8.0,2021-10-09,Partner,Jordan Kim,Active
100005,Windward Learning LLC,Manufacturing,Japan,12.0,2022-07-19,Paid Search,Grace Lin,Active
100006,Quarrystone Finance Systems,Media,United States,7.0,2024-09-06,Referral,,Active
100007,Pinecrest Works Collective,Education,United States,52.0,2022-03-10,Referral,Mei Chen,Churned
100008,Windward Media Co.,Logistics,United Kingdom,14.0,2021-08-05,Content/Social,,Churned
100009,Quarrystone Learning Co.,Manufacturing,Canada,8.0,2022-02-16,Paid Search,,Active
100010,Fieldstone Digital LLC,Media,United States,175.0,2021-02-01,Organic Search,Isaac Brennan,Churned
100011,Keystone Inc.,Healthcare,United States,,2021-03-03,Outbound Sales,Sam O'Rourke,Active
100012,Halcyon Systems Technologies,Media,United Kingdom,13.0,2021-01-15,Content/Social,,Active
100013,Ridgeline Logic Corp.,Manufacturing,United States,3.0,2023-09-16,Partner,,Active
100014,Palisade Health LLC,SaaS,United Kingdom,226.0,2022-08-10,Partner,Marcus Webb,Churned
100015,Brackenridge Finance Collective,SaaS,Canada,37.0,2021-08-13,Referral,,Active
100016,Cinder Systems Corp.,Logistics,United States,35.0,2021-06-12,Referral,,Churned
100017,Anchor Health Systems,Healthcare,Canada,23.0,2022-09-22,Partner,Mei Chen,Paused
100018,Granite Data Labs,Financial Services,USA,7.0,2023-12-13,Content/Social,Isaac Brennan,Active
100019,Meridian Supply Industries,Media,Australia,12.0,2021-08-24,Partner,,Active
100020,Wrenfield Supply Partners,Media,Netherlands,48.0,2021-08-07,Partner,,Churned
100021,Brackenridge Retail Technologies,SaaS,United Kingdom,,2023-07-06,Content/Social,,Active
100022,Basalt Health LLC,Education,Singapore,35.0,2023-10-12,Paid Search,Farah Sultan,Churned
100023,Amberlight Systems Group,Logistics,Canada,20.0,2023-12-03,Organic Search,Owen Fitzgerald,Active
100024,Amberlight Logic Industries,Healthcare,United States,5.0,2021-08-19,Content/Social,Owen Fitzgerald,Churned
100025,Amberlight Analytics Solutions,Education,United States,,2021-03-11,Referral,,Churned
100026,Brightline Freight Networks,Healthcare,United States,43.0,2021-11-11,Paid Search,Nadia Petrov,Churned
100027,Vantage Logic Ventures,Manufacturing,United States,31.0,2021-08-15,Referral,Grace Lin,Churned
100028,Ridgeline Freight LLC,SaaS,United Kingdom,41.0,2023-09-03,Outbound Sales,Leo Castillo,Active
100029,Harborview Supply Ventures,Education,United States,2.0,2021-01-11,Partner,Priya Anand,Active
100030,Vantage Systems Ventures,Financial Services,India,11.0,2022-06-28,Partner,Nadia Petrov,Active
100031,Steadfast Technologies,Manufacturing,United States,3.0,2023-11-18,Paid Search,Hannah Ostrowski,Active
100032,Redwood Freight Holdings,Financial Services,United States,24.0,2024-09-17,Referral,,Active
100033,Bluepeak Systems Group,Logistics,United States,31.0,2022-07-15,Paid Search,,Active
100034,Copperfield Data Corp.,Logistics,Brazil,24.0,2024-04-14,Content/Social,Leo Castillo,Active
100035,Windward Systems Holdings,Healthcare,United States,93.0,2021-02-27,Paid Search,Priya Anand,Churned
100036,Amberlight Freight Technologies,SaaS,United States,3.0,2021-09-27,Outbound Sales,Devon Wallace,Active
100037,Windward Robotics Co.,Financial Services,United States,7.0,2021-01-12,Referral,Farah Sultan,Churned
100038,Wildflower Robotics Inc.,Education,South Africa,34.0,2024-09-26,Outbound Sales,Farah Sultan,Active
100039,Bluepeak Digital LLC,Media,United States,28.0,2023-11-03,Referral,Nadia Petrov,Active
100040,Vantage Freight Holdings,Education,United Kingdom,4.0,2021-01-09,Outbound Sales,Hannah Ostrowski,Churned
100041,Amberlight Labs,Education,United States,95.0,2021-01-09,Outbound Sales,Tariq Rahman,Active
100042,Cobalt Supply Labs,SaaS,United States,149.0,2021-09-20,Paid Search,,Active
100043,Ridgeline Robotics Labs,Media,India,35.0,2021-07-17,Organic Search,Leo Castillo,Churned
100044,Solstice Robotics Corp.,Healthcare,United Kingdom,3.0,2023-06-14,Referral,Leo Castillo,Active
100045,Harborview Robotics Inc.,Financial Services,India,25.0,2021-04-08,Organic Search,,Active
100046,Cascade Retail Networks,Financial Services,United States,31.0,2023-02-15,Partner,Sam O'Rourke,Active
100047,Crestline Digital Co.,SaaS,France,,2022-03-08,Organic Search,,Churned
100048,Fallowmere Inc.,Financial Services,United Kingdom,116.0,2021-09-14,Partner,Tariq Rahman,Active
100049,Redwood Systems Inc.,Financial Services,Brazil,17.0,2021-04-10,Paid Search,,Churned
100050,Halcyon Analytics Collective,Retail,United States,310.0,2024-12-25,Partner,Nadia Petrov,Active
100051,Beacon Retail Holdings,Retail,United States,56.0,2022-06-21,Paid Search,Elena Torres,Active
100052,Bluepeak Robotics Systems,SaaS,United States,29.0,2021-11-05,Referral,Sam O'Rourke,Active
100053,Windward Holdings,Logistics,India,66.0,2021-09-27,Organic Search,Elena Torres,Active
100054,Clearwater Retail Co.,Healthcare,India,147.0,2023-11-19,Outbound Sales,Devon Wallace,Active
100055,Copperfield Analytics Group,Media,United States,65.0,2023-04-10,Paid Search,Owen Fitzgerald,Active
100056,Summit Data LLC,Media,United States,18.0,2023-03-15,Partner,,Active
100057,Solstice Supply Industries,Financial Services,United States,9.0,2022-05-06,Referral,Tariq Rahman,Churned
100058,Marrow Finance Industries,Media,United States,5.0,2023-09-02,Content/Social,,Churned
100059,Lumen Systems,Retail,Canada,1.0,2021-08-12,Outbound Sales,Elena Torres,Active
100060,Wrenfield Logic Systems,Retail,United States,25.0,2022-09-22,Outbound Sales,Sam O'Rourke,Active
100061,Marrow Finance Co.,Logistics,United States,12.0,2021-10-10,Partner,Devon Wallace,Paused
100062,Lumen Health Solutions,Manufacturing,United States,13.0,2022-05-11,Paid Search,,Churned
100063,Harborview Freight Holdings,Manufacturing,United States,77.0,2024-12-28,Outbound Sales,,Active
100064,Hollowbrook Health Networks,Logistics,France,17.0,2024-10-28,Organic Search,,Active
100065,Solstice Health LLC,SaaS,United States,236.0,2022-01-13,Partner,Leo Castillo,Active
100066,Summit Partners,Retail,Germany,10.0,2022-04-02,Paid Search,Mei Chen,Active
100067,Basalt Finance Industries,Logistics,India,6.0,2023-10-20,Referral,Grace Lin,Active
100068,Fieldstone Digital Corp.,Retail,United Kingdom,4.0,2024-10-21,Outbound Sales,Elena Torres,Active
100069,Brackenridge Digital Corp.,Financial Services,United States,51.0,2023-01-26,Referral,Sam O'Rourke,Active
100070,Catalyst Freight Corp.,SaaS,India,90.0,2021-02-27,Organic Search,Marcus Webb,Active
100071,Fieldstone Supply Technologies,Healthcare,India,9.0,2021-08-18,Referral,Jordan Kim,Churned
100072,Cobalt Cloud Co.,Retail,United States,5.0,2023-10-03,Partner,,Active
100073,Basalt Logic Co.,Healthcare,Germany,147.0,2022-12-07,Paid Search,,Paused
100074,Palisade Works Industries,Media,United States,3.0,2022-11-21,Organic Search,,Active
100075,Harborview Systems Labs,Healthcare,United States,75.0,2022-08-18,Content/Social,,Churned
100076,Keystone Works Co.,Media,United States,10.0,2021-10-13,Content/Social,,Churned
100077,Halcyon Data Corp.,Logistics,India,34.0,2021-10-12,Paid Search,Farah Sultan,Churned
100078,Granite Freight Holdings,Education,United States,81.0,2023-03-20,Referral,,Active
100079,Vantage Analytics Holdings,Education,United States,37.0,2021-08-12,Paid Search,,Churned
100080,Meridian Robotics LLC,Healthcare,United States,14.0,2022-09-05,Content/Social,,Active
100081,Sable Media LLC,Manufacturing,United States,123.0,2022-10-28,Referral,Tariq Rahman,Churned
100082,Lattice Retail Corp.,Media,United States,29.0,2023-06-10,Organic Search,,Active
100083,Northwind Works Systems,Media,Australia,2410.0,2021-08-08,Organic Search,Devon Wallace,Active
100084,Anchor Analytics Holdings,Retail,United States,2.0,2022-11-02,Referral,Owen Fitzgerald,Churned
100085,Meridian Freight LLC,Manufacturing,Japan,2.0,2021-03-14,Paid Search,,Active
100086,Lumen Robotics Corp.,Retail,India,73.0,2021-04-28,Partner,Devon Wallace,Churned
100087,Lumen Analytics Collective,Financial Services,India,19.0,2021-10-05,Referral,,Active
100088,Fallowmere Robotics Co.,SaaS,Germany,,2021-02-07,Referral,,Active
100089,Cascade Media Labs,Education,United States,5.0,2024-04-05,Partner,Sam O'Rourke,Active
100090,Beacon Data Group,Media,United Kingdom,22.0,2023-11-03,Paid Search,Marcus Webb,Active
100091,Aldergate Retail Systems,Media,United States,36.0,2021-01-17,Paid Search,Nadia Petrov,Active
100092,Amberlight Systems Inc.,Manufacturing,United States,10.0,2023-05-09,Referral,Isaac Brennan,Churned
100093,Solstice Digital Systems,Education,United States,27.0,2022-01-22,Partner,Farah Sultan,Active
100094,Cinder Finance Co.,Education,India,3.0,2022-09-12,Paid Search,Farah Sultan,Churned
100095,Wrenfield Logic Labs,SaaS,Canada,34.0,2023-09-18,Partner,,Active
100096,Keystone Finance Ventures,Manufacturing,United States,132.0,2022-04-03,Referral,Farah Sultan,Active
100097,Catalyst Technologies,Manufacturing,India,,2021-03-10,Referral,Sam O'Rourke,Active
100098,Keystone Learning Ventures,Retail,United States,4.0,2021-01-12,Referral,Sam O'Rourke,Active
100099,Vantage Analytics Inc.,Manufacturing,United States,94.0,2021-12-02,Paid Search,,Active
100100,Pinecrest Systems Inc.,Financial Services,United States,4.0,2024-04-12,Organic Search,Elena Torres,Churned
100101,Overlook Learning Group,Education,United Kingdom,60.0,2022-04-14,Partner,Elena Torres,Active
100102,Harborview Learning Technologies,MEDIA,United States,22.0,2021-09-12,Organic Search,Sam O'Rourke,Churned
100103,Ironclad Media Industries,Healthcare,United States,12.0,2021-01-15,Referral,,Active
100104,Ironclad Analytics Solutions,Logistics,United States,135.0,2023-12-23,Content/Social,,Active
100105,Sable Supply Industries,Financial Services,United Kingdom,67.0,2021-08-22,Paid Search,,Churned
100106,Wrenfield Supply Technologies,Education,Canada,29.0,2022-09-01,Referral,Isaac Brennan,Active
100107,Ironclad Media Collective,SaaS,United States,1.0,2022-09-18,Organic Search,Devon Wallace,Active
100108,Brackenridge Digital Solutions,SaaS,India,51.0,2021-07-26,Paid Search,Priya Anand,Active
100109,Vertex Logic Labs,Healthcare,United Kingdom,5.0,2021-02-25,Content/Social,Sam O'Rourke,Active
100110,Keystone Health Technologies,Logistics,United States,15.0,2021-10-10,Content/Social,Grace Lin,Active
100111,Quarrystone Finance Ventures,Healthcare,United States,20.0,2021-08-22,Organic Search,Mei Chen,Active
100112,Brackenridge Analytics Solutions,Financial Services,Germany,237.0,2022-09-23,Content/Social,Mei Chen,Active
100113,Aldergate Media Technologies,Media,United States,14.0,2023-04-11,Paid Search,Hannah Ostrowski,Churned
100114,Ridgeline Learning Collective,Healthcare,United States,3.0,2021-06-25,Content/Social,Elena Torres,Churned
100115,Silverline Networks,Media,Australia,136.0,2022-02-18,Partner,Farah Sultan,Active
100116,Anchor Logic Systems,SaaS,Canada,52.0,2021-01-22,Paid Search,Mei Chen,Churned
100117,Northwind Analytics Co.,Retail,India,54.0,2021-06-21,Referral,Sam O'Rourke,Active
100118,Brackenridge Group,SaaS,Canada,,2022-12-22,Partner,Isaac Brennan,Churned
100119,Overlook Cloud Corp.,SaaS,United States,189.0,2023-02-27,Organic Search,,Active
100120,Halcyon Solutions,Education,India,,2023-01-25,Organic Search,Grace Lin,Active
100121,Overlook Logic Systems,SaaS,United States,3.0,2021-04-12,Outbound Sales,,Churned
100122,Amberlight Analytics Inc.,Education,Australia,,2022-03-16,Paid Search,Elena Torres,Churned
100123,Thornbury Health Holdings,Education,United States,14.0,2021-11-19,Paid Search,Priya Anand,Active
100124,Clearwater Health Collective,Retail,United States,16.0,2024-11-24,Organic Search,Hannah Ostrowski,Churned
100125,Solstice Supply Corp.,SaaS,United States,5.0,2022-07-11,Partner,,Active
100126,Pinecrest Digital Inc.,Retail,India,43.0,2024-02-09,Organic Search,Mei Chen,Active
100127,Wrenfield Solutions,Retail,United States,34.0,2021-04-21,Referral,Marcus Webb,Active
100128,Vertex Logic LLC,Education,India,16.0,2021-11-27,Paid Search,,Active
100129,Quarrystone Group,Logistics,United States,3.0,2022-12-26,Paid Search,Owen Fitzgerald,Active
100130,Lattice Works Partners,Financial Services,United States,97.0,2021-09-05,Outbound Sales,Isaac Brennan,Active
100131,Fernway Freight Collective,Manufacturing,United Kingdom,28.0,2022-06-26,Paid Search,,Active
100132,Northwind Works Technologies,Healthcare,United States,86.0,2022-01-23,Outbound Sales,Farah Sultan,Churned
100133,Harborview Corp.,SaaS,India,1.0,2024-11-05,Organic Search,,Active
100134,Summit Systems,Retail,Brazil,,2021-05-01,Outbound Sales,Farah Sultan,Active
100135,Wildflower Retail Group,Financial Services,United Kingdom,8.0,2024-02-06,Organic Search,,Active
100136,Wrenfield Data Group,Media,United States,21.0,2021-10-27,Partner,,Churned
100137,Redwood Analytics LLC,Retail,United States,68.0,2021-12-22,Paid Search,,Active
100138,Nimbus Freight Networks,Logistics,Germany,32.0,2022-02-17,Content/Social,Marcus Webb,Active
100139,Bluepeak Analytics Systems,Manufacturing,India,21.0,2021-07-18,Organic Search,,Active
100140,Wrenfield Freight Corp.,Healthcare,Canada,20.0,2024-07-12,Paid Search,Devon Wallace,Active
100141,Fernway Retail Group,Education,United States,3.0,2023-11-26,Referral,,Churned
100142,Tidewater Systems Inc.,Manufacturing,India,6.0,2024-08-05,Organic Search,Priya Anand,Churned
100143,Palisade Cloud Corp.,Manufacturing,United States,86.0,2024-12-09,Referral,,Active
100144,Quarrystone Logic Co.,Media,India,10.0,2022-08-06,Partner,Isaac Brennan,Active
100145,Bluepeak Robotics Collective,Manufacturing,Australia,88.0,2021-11-24,Partner,Nadia Petrov,Churned
100146,Solstice Retail Networks,SaaS,Germany,59.0,2023-07-16,Outbound Sales,Marcus Webb,Active
100147,Harborview Logic Systems,Financial Services,United States,63.0,2021-01-20,Content/Social,Nadia Petrov,Churned
100148,Wildflower Media Technologies,Logistics,Canada,31.0,2023-05-26,Referral,,Active
100149,Aldergate Learning Technologies,Retail,United States,11.0,2021-12-06,Paid Search,Mei Chen,Active
100150,Brackenridge Systems,Financial Services,United States,17.0,2022-08-28,Partner,Sam O'Rourke,Churned
100151,Vertex Robotics Labs,Education,India,46.0,2021-09-04,Organic Search,,Churned
100152,Meridian Media Ventures,Education,United States,1.0,2021-09-22,Paid Search,,Paused
100153,Ironclad Supply Group,Media,United States,101.0,2021-01-20,Paid Search,Owen Fitzgerald,Churned
100154,Lattice Retail Group,Education,India,10.0,2021-11-24,Organic Search,Jordan Kim,Active
100155,Brackenridge Logic Labs,SaaS,United Kingdom,18.0,2021-10-05,Organic Search,Sam O'Rourke,Active
100156,Anchor Corp.,Retail,United Kingdom,18.0,2021-06-27,Organic Search,,Churned
100157,Copperfield Retail Systems,Manufacturing,United States,19.0,2021-06-23,Referral,Farah Sultan,Churned
100158,Ridgeline Systems Ventures,Media,India,4.0,2022-04-04,Partner,Sam O'Rourke,Active
100159,Nimbus Media LLC,Manufacturing,United States,24.0,2021-08-16,Content/Social,Tariq Rahman,Active
100160,Beacon Systems Solutions,Manufacturing,United States,43.0,2023-05-23,Paid Search,,Active
100161,Windward Finance Solutions,Retail,United States,1.0,2021-03-14,Paid Search,Owen Fitzgerald,Active
100162,Summit Learning Corp.,SaaS,India,4.0,2022-04-11,Referral,,Active
100163,Hollowbrook Collective,Logistics,United States,64.0,2021-04-08,Paid Search,,Active
100164,Lattice Robotics Technologies,Education,United States,51.0,2022-02-15,Organic Search,,Active
100165,Clearwater Logic Partners,Manufacturing,Germany,30.0,2022-03-28,Outbound Sales,Mei Chen,Active
100166,Wrenfield Retail LLC,Logistics,Australia,8.0,2022-07-18,Partner,Isaac Brennan,Churned
100167,Sable Collective,Retail,United Kingdom,51.0,2021-11-21,Paid Search,Owen Fitzgerald,Active
100168,Catalyst Finance Systems,Media,Canada,4.0,2022-01-22,Outbound Sales,,Churned
100169,Silverline Digital Solutions,Healthcare,Singapore,17.0,2021-05-22,Outbound Sales,Leo Castillo,Active
100170,Fallowmere Supply Ventures,Manufacturing,United Kingdom,4.0,2021-12-12,Partner,Devon Wallace,Active
100171,Copperfield LLC,Financial Services,United States,16.0,2021-09-22,Organic Search,Farah Sultan,Active
100172,Overlook Cloud Systems,Retail,United Kingdom,5.0,2022-08-10,Partner,Sam O'Rourke,Churned
100173,Fernway Health Group,Logistics,Germany,54.0,2021-11-17,Partner,Nadia Petrov,Active
100174,Anchor Systems Technologies,Healthcare,India,35.0,2023-01-09,Organic Search,Owen Fitzgerald,Churned
100175,Harborview Group,SaaS,United States,10.0,2021-11-27,Outbound Sales,Mei Chen,Active
100176,Basalt Labs,Retail,Germany,83.0,2021-06-21,Outbound Sales,Leo Castillo,Active
100177,Lumen Logic Technologies,Logistics,India,6.0,2021-07-17,Organic Search,Devon Wallace,Active
100178,Brightline Logic Co.,Media,United States,19.0,2021-01-13,Referral,Owen Fitzgerald,Churned
100179,Ironclad Learning Inc.,Manufacturing,Japan,9.0,2022-02-15,Referral,Elena Torres,Active
100180,Palisade Data Group,Media,India,53.0,2023-05-22,Partner,Devon Wallace,Active
100181,Lumen Systems Inc.,Manufacturing,Canada,46.0,2022-12-08,Paid Search,,Active
100182,Vantage Robotics Systems,Logistics,Germany,109.0,2021-11-24,Referral,Isaac Brennan,Active
100183,Marrow Systems Partners,SaaS,United States,22.0,2021-05-08,Paid Search,Sam O'Rourke,Active
100184,Quarrystone Analytics Networks,SaaS,Canada,1.0,2023-08-04,Outbound Sales,Devon Wallace,Active
100185,Wildflower Supply Collective,Manufacturing,United States,11.0,2021-02-21,Outbound Sales,Priya Anand,Active
100186,Windward Labs,Logistics,Australia,154.0,2021-10-20,Referral,Owen Fitzgerald,Active
100187,Northwind Finance Group,Education,Australia,13.0,2023-07-10,Referral,Marcus Webb,Churned
100188,Overlook Digital Solutions,Logistics,Canada,2.0,2021-10-19,Organic Search,,Active
100189,Silverline Media Labs,Financial Services,Canada,36.0,2021-03-21,Organic Search,Elena Torres,Paused
100190,Aldergate Retail Technologies,Manufacturing,Canada,40.0,2021-07-23,Partner,,Active
100191,Northwind Data Partners,Education,United States,8.0,2022-05-27,Paid Search,,Active
100192,Wrenfield Learning Collective,Logistics,United States,15.0,2021-04-24,Partner,,Churned
100193,Ironclad Cloud Ventures,Manufacturing,United States,7.0,2022-07-13,Outbound Sales,Mei Chen,Active
100194,Ironclad Data Co.,Financial Services,Canada,40.0,2021-11-07,Content/Social,Farah Sultan,Active
100195,Wrenfield Freight LLC,Retail,United Kingdom,,2021-09-03,Organic Search,,Active
100196,Quarrystone Ventures,Healthcare,United Kingdom,4.0,2021-06-17,Referral,Elena Torres,Active
100197,Basalt Digital Networks,SaaS,United States,20.0,2023-04-19,Paid Search,Elena Torres,Churned
100198,Summit Systems Labs,Retail,United Kingdom,8.0,2021-10-20,Content/Social,,Active
100199,Thornbury Media Holdings,Education,United States,134.0,2022-11-01,Outbound Sales,Elena Torres,Active
100200,Hollowbrook Systems Corp.,SaaS,Brazil,64.0,2021-11-20,Outbound Sales,Priya Anand,Churned
100201,Bluepeak Systems Labs,Financial Services,Australia,17.0,2021-03-23,Outbound Sales,Owen Fitzgerald,Active
100202,Summit Learning Networks,SaaS,United States,,2021-11-21,Organic Search,Leo Castillo,Churned
100203,Halcyon Co.,Retail,Canada,75.0,2022-01-15,Outbound Sales,Elena Torres,Active
100204,Windward Health Industries,Manufacturing,United States,16.0,2021-11-01,Partner,Isaac Brennan,Active
100205,Ridgeline Digital Solutions,SaaS,United States,54.0,2023-04-14,Paid Search,Grace Lin,Active
100206,Cobalt Logic Co.,Healthcare,United Kingdom,137.0,2023-11-19,Content/Social,Devon Wallace,Churned
100207,Amberlight Logic Co., Retail ,India,,2023-01-16,Content/Social,,Active
100208,Hollowbrook Digital Partners,SaaS,United States,,2022-04-17,Content/Social,,Active
100209,Pinecrest Learning Partners,Retail,United States,117.0,2022-02-15,Partner,,Active
100210,Driftwood Analytics Co.,SaaS,United States,,2022-07-16,Organic Search,Leo Castillo,Churned
100211,Pinecrest Works Industries,SaaS,United States,11.0,2021-07-10,Referral,Elena Torres,Active
100212,Redwood Analytics Corp.,Manufacturing,United States,27.0,2023-03-17,Paid Search,Sam O'Rourke,Active
100213,Aldergate Freight Collective,SaaS,USA,15.0,2023-07-08,Partner,,Active
100214,Halcyon Finance Corp.,Logistics,Germany,,2021-07-14,Paid Search,Devon Wallace,Churned
100215,Summit Finance Labs,Financial Services,United States,40.0,2023-11-12,Content/Social,,Active
100216,Brackenridge Systems (1),Financial Services,United States,5.0,2023-06-20,Organic Search,,Active
100217,Sable Works Ventures,Logistics,United States,13.0,2021-11-26,Paid Search,Jordan Kim,Churned
100218,Keystone Learning Corp.,Media,United States,13.0,2023-11-18,Paid Search,,Active
100219,Ridgeline Cloud Technologies,Financial Services,India,3.0,2021-03-04,Outbound Sales,Marcus Webb,Active
100220,Lumen Supply Inc.,Logistics,United States,,2021-01-19,Paid Search,Priya Anand,Active
100221,Crestline Robotics Industries,Education,United States,15.0,2021-09-10,Paid Search,Jordan Kim,Active
100222,Wildflower Collective,Manufacturing,Germany,109.0,2022-03-02,Paid Search,,Churned
100223,Bluepeak Holdings,Logistics,Canada,15.0,2021-09-06,Organic Search,,Churned
100224,Ridgeline Cloud Holdings,Manufacturing,United States,12.0,2024-03-28,Content/Social,Elena Torres,Active
100225,Driftwood Robotics LLC,Education,United States,6.0,2021-07-12,Referral,,Active
100226,Orbital Industries,Education,Canada,21.0,2021-07-06,Organic Search,Sam O'Rourke,Churned
100227,Bluepeak Networks,Manufacturing,India,,2022-06-04,Paid Search,Grace Lin,Active
100228,Lumen Systems Co.,Logistics,Germany,,2021-01-19,Paid Search,,Churned
100229,Fernway Finance Corp.,Manufacturing,United States,22.0,2022-10-22,Organic Search,Grace Lin,Active
100230,Fallowmere Systems Collective,Healthcare,Canada,,2021-09-10,Paid Search,Grace Lin,Churned
100231,Aldergate Cloud Solutions,SaaS,United States,36.0,2024-09-03,Paid Search,Hannah Ostrowski,Active
100232,Driftwood Robotics Inc.,Media,United States,6.0,2022-09-10,Paid Search,Mei Chen,Active
100233,Solstice Learning Holdings,Financial Services,India,5.0,2021-02-19,Organic Search,,Active
100234,Lumen Works LLC,Financial Services,India,40.0,2021-03-04,Partner,Owen Fitzgerald,Active
100235,Brightline Data Labs,Logistics,United States,,2021-02-08,Paid Search,,Churned
100236,Amberlight Finance Industries,Retail,United States,44.0,2024-05-01,Outbound Sales,Tariq Rahman,Active
100237,Orbital Supply Corp.,SaaS,Canada,64.0,2022-09-14,Outbound Sales,Hannah Ostrowski,Churned
100238,Wrenfield Systems Systems,Manufacturing,United States,66.0,2021-11-05,Content/Social,,Paused
100239,Granite Digital Labs,Logistics,United States,6.0,2021-05-06,Paid Search,,Active
100240,Bluepeak Ventures,Media,USA,67.0,2023-08-04,Partner,Isaac Brennan,Churned
100241,Ironclad Systems LLC,Media,United States,31.0,2021-05-21,Content/Social,,Churned
100242,Driftwood Cloud Systems,Media,Canada,9.0,2022-09-14,Content/Social,Priya Anand,Active
100243,Sable Supply Co.,Manufacturing,United States,16.0,2022-12-27,Partner,Mei Chen,Active
100244,Wrenfield Supply Solutions,Logistics,United States,,2021-08-12,Paid Search,Nadia Petrov,Active
100245,Cinder Supply Partners,Healthcare,India,8.0,2022-01-07,Content/Social,Tariq Rahman,Active
100246,Driftwood Ventures,Manufacturing,United States,30.0,2021-06-06,Partner,Priya Anand,Active
100247,Thornbury Media Technologies,SaaS,United Kingdom,132.0,2021-09-27,Paid Search,Owen Fitzgerald,Churned
100248,Windward Health Systems,Education,United States,70.0,2024-07-17,Paid Search,Owen Fitzgerald,Churned
100249,Harborview Analytics Group,Healthcare,Canada,22.0,2022-09-10,Content/Social,,Active
100250,Brackenridge Logic LLC,Logistics,Canada,27.0,2023-06-19,Paid Search,Sam O'Rourke,Active
100251,Wrenfield Learning Co.,Financial Services,Canada,,2022-02-16,Partner,Hannah Ostrowski,Churned
100252,Driftwood Health LLC,Retail,United States,10.0,2021-06-04,Organic Search,Hannah Ostrowski,Active
100253,Driftwood Works Labs,Education,Canada,3.0,2022-10-20,Outbound Sales,Owen Fitzgerald,Active
100254,Aldergate Partners,SaaS,United Kingdom,28.0,2022-01-04,Paid Search,Jordan Kim,Churned
100255,Windward Media Systems,Retail,United States,49.0,2021-05-06,Outbound Sales,Owen Fitzgerald,Churned
100256,Bluepeak Health Holdings,Financial Services,United States,18.0,2021-10-20,Referral,Nadia Petrov,Active
100257,Fallowmere Data Industries,Manufacturing,United States,6.0,2022-06-13,Content/Social,,Active
100258,Halcyon Co. (1),Education,United States,22.0,2022-11-07,Paid Search,Hannah Ostrowski,Churned
100259,Ironclad Digital Ventures,SaaS,United States,115.0,2021-06-02,Paid Search,Owen Fitzgerald,Active
100260,Tidewater Media LLC,Manufacturing,Germany,,2023-09-17,Paid Search,,Churned
100261,Bluepeak Finance Labs,SaaS,Singapore,19.0,2021-10-20,Paid Search,Owen Fitzgerald,Active
100262,Vertex Freight Labs,Media,United States,288.0,2021-07-06,Content/Social,Tariq Rahman,Active
100263,Nimbus Cloud Co.,SaaS,Germany,671.0,2021-05-12,Paid Search,,Active
100264,Driftwood Systems Co.,SaaS,India,,2023-03-10,Paid Search,Elena Torres,Active
100265,Beacon Co.,Education,United States,15.0,2021-09-25,Partner,Mei Chen,Active
100266,Harborview Retail Inc.,Media,Singapore,49.0,2021-12-23,Organic Search,Hannah Ostrowski,Churned
100267,Harborview Learning Collective,Media,India,6.0,2021-06-08,Organic Search,Grace Lin,Active
100268,Driftwood Systems Labs,Education,United Kingdom,61.0,2022-09-15,Outbound Sales,Owen Fitzgerald,Active
100269,Ironclad Retail Networks,RETAIL,United States,23.0,2023-01-26,Organic Search,,Active
100270,Northwind Industries,Logistics,United States,33.0,2021-09-10,Partner,Mei Chen,Churned
100271,Beacon Systems Ventures,SaaS,Germany,10.0,2024-04-04,Outbound Sales,Nadia Petrov,Active
100272,Northwind Cloud Holdings,Healthcare,United States,,2021-01-09,Organic Search,Sam O'Rourke,Active
100273,Fallowmere Data Holdings,Media,United States,2.0,2021-04-17,Referral,,Active
100274,Bluepeak Media Holdings,Education,United States,138.0,2022-04-28,Content/Social,Leo Castillo,Active
100275,Solstice Freight Collective,Media,United States,68.0,2022-09-09,Organic Search,Owen Fitzgerald,Churned
100276,Tidewater Data Solutions,Media,United States,,2021-06-02,Outbound Sales,Mei Chen,Active
100277,Silverline Finance Group,Logistics,Germany,32.0,2022-03-06,Organic Search,,Churned
100278,Halcyon Supply Ventures,Education,United States,1.0,2021-08-12,Referral,Isaac Brennan,Active
100279,Anchor Data Collective,Media,Australia,8.0,2022-03-03,Outbound Sales,Sam O'Rourke,Active
100280,Beacon Media Collective,Retail,United Kingdom,14.0,2022-07-01,Paid Search,Sam O'Rourke,Active
100281,Vertex Data Inc.,Retail,United States,5.0,2024-08-19,Referral,Elena Torres,Churned
100282,Meridian Data Ventures,SaaS,United States,2.0,2021-11-24,Paid Search,,Churned
100283,Hollowbrook Ventures,Retail,United States,,2022-07-07,Outbound Sales,Nadia Petrov,Active
100284,Brackenridge Digital Technologies,SaaS,Australia,21.0,2022-04-15,Outbound Sales,Hannah Ostrowski,Active
100285,Halcyon Digital Inc.,Media,Canada,21.0,2021-08-17,Organic Search,,Active
100286,Cinder Systems Networks,Financial Services,United States,65.0,2021-07-19,Paid Search,Nadia Petrov,Churned
100287,Wrenfield Logic Corp.,Financial Services,Germany,294.0,2024-10-28,Content/Social,Isaac Brennan,Churned
100288,Halcyon Freight Ventures,Manufacturing,Canada,,2021-05-25,Organic Search,,Active
100289,Quarrystone Finance Inc.,Healthcare,United States,16.0,2023-02-09,Organic Search,Sam O'Rourke,Active
100290,Fieldstone Works LLC,Education,United Kingdom,209.0,2021-04-28,Paid Search,Tariq Rahman,Active
100291,Bluepeak Freight Systems,SaaS,Canada,3.0,2023-03-01,Referral,Jordan Kim,Active
100292,Orbital Supply Labs,Manufacturing,Canada,1.0,2021-05-27,Organic Search,Isaac Brennan,Churned
100293,Ridgeline Cloud Ventures,Media,United States,6.0,2024-07-04,Partner,,Active
100294,Fieldstone Logic Ventures,SaaS,United States,58.0,2022-09-04,Outbound Sales,Grace Lin,Active
100295,Driftwood Data Group,SaaS,United States,,2021-02-04,Paid Search,Priya Anand,Churned
100296,Nimbus Digital LLC,Retail,United States,5.0,2022-09-04,Referral,Marcus Webb,Active
100297,Palisade Learning Networks,Education,United States,8.0,2022-05-13,Organic Search,,Churned
100298,Lattice Media Systems,Media,United Kingdom,4.0,2021-09-18,Paid Search,,Active
100299,Northwind Cloud Holdings (1),Media,United States,4.0,2021-07-21,Outbound Sales,Owen Fitzgerald,Active
100300,Nimbus Data Solutions,Media,United States,,2022-10-01,Paid Search,Nadia Petrov,Active
100301,Overlook Finance Industries,Education,United Kingdom,17.0,2022-11-09,Content/Social,Owen Fitzgerald,Active
100302,Clearwater Works Partners,Manufacturing,United States,200.0,2021-08-04,Referral,,Active
100303,Solstice Supply Group,Healthcare,United States,6.0,2023-09-05,Paid Search,,Active
100304,Pinecrest Labs,Manufacturing,Canada,38.0,2021-07-21,Content/Social,,Churned
100305,Fieldstone Learning Corp.,Retail,australia,27.0,2021-02-18,Referral,,Churned
100306,Silverline Media Collective,Logistics,United States,63.0,2022-05-06,Paid Search,Leo Castillo,Active
100307,Brightline Finance Group,SaaS,Australia,28.0,2021-03-09,Referral,Sam O'Rourke,Churned
100308,Silverline Labs,Logistics,Australia,72.0,2021-07-26,Content/Social,Leo Castillo,Churned
100309,Harborview Retail Labs,Financial Services,United Kingdom,41.0,2022-01-17,Referral,,Active
100310,Orbital Freight Solutions,Manufacturing,France,5.0,2021-07-07,Referral,Marcus Webb,Active
100311,Sable Retail Networks,Retail,United States,52.0,2021-06-27,Referral,Priya Anand,Active
100312,Meridian Logic Co.,Healthcare,United States,18.0,2022-09-06,Organic Search,Leo Castillo,Churned
100313,Wildflower Freight Co.,Media,Canada,7.0,2022-02-09,Paid Search,,Churned
100314,Basalt Finance LLC,SaaS,united states,50.0,2023-06-20,Referral,Owen Fitzgerald,Active
100315,Ironclad Group,Retail,United States,67.0,2022-04-15,Content/Social,,Churned
100316,Aldergate Analytics LLC,Manufacturing,United States,11.0,2021-12-02,Outbound Sales,Grace Lin,Active
100317,Harborview Media Co.,Media,United States,13.0,2021-07-23,Paid Search,,Active
100318,Windward Robotics Co. (1),Financial Services,United States,3.0,2023-02-07,Organic Search,,Churned
100319,Ridgeline Co.,SaaS,United States,2.0,2021-05-20,Paid Search,Mei Chen,Paused
100320,Meridian Retail Ventures,Retail,Netherlands,15.0,2021-06-10,Organic Search,Nadia Petrov,Churned
100321,Crestline Labs,Logistics,United States,,2023-06-22,Outbound Sales,,Active
100322,Hollowbrook Analytics Collective,Retail,Canada,10.0,2022-11-26,Organic Search,,Active
100323,Vertex Analytics Co.,Education,United States,129.0,2022-05-22,Partner,Tariq Rahman,Active
100324,Amberlight Finance Group,Logistics,United States,,2021-01-26,Referral,,Active
100325,Redwood Cloud Labs,Financial Services,Germany,15.0,2021-03-16,Outbound Sales,Marcus Webb,Active
100326,Cascade Robotics Labs,SaaS,USA,14.0,2021-12-02,Content/Social,,Active
100327,Palisade Learning Holdings,Media,United States,72.0,2022-11-16,Outbound Sales,Jordan Kim,Active
100328,Fernway Media Holdings,Media,Canada,6.0,2021-12-13,Content/Social,Elena Torres,Active
100329,Harborview Digital Corp.,Manufacturing,United States,,2021-01-21,Partner,Devon Wallace,Churned
100330,Cascade Learning Group,Logistics,United States,10.0,2021-05-07,Referral,Mei Chen,Churned
100331,Vantage Learning Holdings,Media,Netherlands,10.0,2022-04-20,Organic Search,,Active
100332,Orbital Health Networks,Manufacturing,United States,21.0,2022-09-13,Organic Search,Elena Torres,Churned
100333,Wildflower Systems Corp.,Healthcare,United Kingdom,17.0,2021-01-19,Content/Social,Priya Anand,Churned
100334,Keystone LLC,SaaS,United States,79.0,2021-01-12,Paid Search,,Active
100335,Wrenfield Systems,Manufacturing,United States,20.0,2021-07-11,Content/Social,Grace Lin,Active
100336,Driftwood Learning Technologies,Media,United States,,2021-02-06,Organic Search,,Active
100337,Windward Digital Technologies,Manufacturing,India,25.0,2022-02-24,Outbound Sales,Grace Lin,Paused
100338,Wildflower Partners,Manufacturing,United States,125.0,2021-03-02,Organic Search,,Churned
100339,Granite Data LLC,Manufacturing,Australia,,2022-07-07,Content/Social,,Active
100340,Northwind Cloud Collective,Healthcare,Canada,14.0,2023-01-12,Paid Search,,Active
100341,Halcyon Systems Inc.,SaaS,United Kingdom,53.0,2024-08-05,Organic Search,,Active
100342,Cobalt Analytics Labs,Manufacturing,United States,13.0,2024-04-26,Content/Social,,Active
100343,Summit Finance Group,Logistics,United Kingdom,38.0,2021-07-10,Organic Search,Marcus Webb,Churned
100344,Driftwood Analytics Inc.,Retail,India,420.0,2021-01-07,Organic Search,,Churned
100345,Lattice Inc.,SaaS,United States,6.0,2021-08-08,Content/Social,Devon Wallace,Churned
100346,Vantage Systems Industries,Manufacturing,Australia,147.0,2022-10-06,Partner,Leo Castillo,Active
100347,Halcyon Retail Partners,Financial Services,United States,11.0,2021-02-19,Paid Search,Jordan Kim,Churned
100348,Palisade Logic Solutions,Logistics,Germany,114.0,2021-09-14,Referral,,Active
100349,Hollowbrook Freight LLC,Financial Services,South Africa,49.0,2021-08-07,Organic Search,Nadia Petrov,Active
100350,Wildflower Health Systems,Education,United States,44.0,2021-06-25,Paid Search,,Active
100351,Aldergate Cloud Networks,SaaS,United States,17.0,2022-09-19,Outbound Sales,Priya Anand,Active
100352,Fieldstone Supply Co.,Logistics,United States,15.0,2022-07-12,Paid Search,,Active
100353,Harborview Supply Industries,Healthcare,United States,8.0,2022-02-15,Referral,,Active
100354,Meridian Freight Corp.,Financial Services,Canada,20.0,2023-11-19,Organic Search,,Active
100355,Steadfast Holdings,Manufacturing,United States,16.0,2021-03-05,Partner,,Active
100356,Summit Data Industries,Media,United Kingdom,26.0,2021-04-23,Referral,,Active
100357,Crestline Supply Systems,Media,Germany,3.0,2021-10-08,Paid Search,Mei Chen,Active
100358,Amberlight Logic Industries (1),Media,France,,2022-07-01,Content/Social,,Churned
100359,Lumen Retail Ventures,SaaS,United States,104.0,2022-04-15,Partner,,Active
100360,Wrenfield Networks,SaaS,Singapore,69.0,2021-02-25,Organic Search,,Churned
100361,Keystone Works Ventures,Media,United States,21.0,2024-06-21,Content/Social,,Active
100362,Copperfield Holdings,Logistics,United States,562.0,2021-08-09,Organic Search,Owen Fitzgerald,Churned
100363,Meridian Learning Co.,Education,United States,9.0,2021-09-12,Organic Search,Jordan Kim,Active
100364,Halcyon Retail Technologies,Logistics,United Kingdom,18.0,2022-06-17,Organic Search,Sam O'Rourke,Churned
100365,Solstice Corp.,Healthcare,United States,3.0,2024-04-07,Paid Search,,Active
100366,Northwind Retail Systems,Healthcare,United States,12.0,2022-08-23,Outbound Sales,Leo Castillo,Active
100367,Amberlight Group,Retail,United States,205.0,2024-05-09,Referral,Isaac Brennan,Active
100368,Harborview Works Solutions,Media,Germany,12.0,2021-05-07,Content/Social,,Active
100369,Basalt Inc.,Manufacturing,United Kingdom,3.0,2022-06-03,Organic Search,Farah Sultan,Churned
100370,Ridgeline Digital Group,Retail,India,62.0,2023-05-20,Paid Search,Mei Chen,Active
100371,Beacon Works Systems,Logistics,India,33.0,2022-01-01,Organic Search,,Active
100372,Fallowmere Robotics Industries,SaaS,United States,59.0,2021-09-23,Paid Search,Nadia Petrov,Active
100373,Granite Data Group,Media,United States,14.0,2024-10-28,Content/Social,,Active
100374,Catalyst Digital Ventures,Retail,United States,5.0,2021-04-04,Outbound Sales,Sam O'Rourke,Churned
100375,Halcyon Holdings,Media,United States,16.0,2021-10-03,Partner,Farah Sultan,Active
100376,Keystone Media Co.,Financial Services,Germany,41.0,2023-08-27,Partner,Grace Lin,Active
100377,Cinder Systems Corp. (1),Retail,United States,18.0,2023-10-04,Organic Search,,Active
100378,Hollowbrook Cloud Industries,SaaS,india,33.0,2024-09-12,Paid Search,,Active
100379,Pinecrest Supply Labs,Education,Canada,10.0,2023-09-25,Referral,,Active
100380,Overlook Health Collective,Retail,Germany,35.0,2021-02-04,Partner,Grace Lin,Churned
100381,Halcyon Analytics Systems,Financial Services,United States,20.0,2024-01-19,Organic Search,,Active
100382,Orbital Supply Industries,Logistics,Germany,8.0,2021-11-11,Paid Search,Isaac Brennan,Churned
100383,Halcyon Health Systems,Logistics,United Kingdom,24.0,2022-07-13,Outbound Sales,Priya Anand,Churned
100384,Vantage Technologies,Financial Services,USA,,2021-10-27,Paid Search,,Active
100385,Fernway Logic Ventures,Manufacturing,Canada,45.0,2023-03-19,Referral,,Churned
100386,Steadfast Health Labs,Media,united states,62.0,2022-04-09,Paid Search,Priya Anand,Active
100387,Granite Systems,Education,Canada,39.0,2023-06-27,Referral,Mei Chen,Churned
100388,Wildflower Cloud Inc.,Retail,United Kingdom,2.0,2021-05-17,Organic Search,Isaac Brennan,Active
100389,Steadfast Collective,Media,Canada,6.0,2021-05-03,Content/Social,,Churned
100390,Ridgeline Media Partners,SaaS,Australia,9.0,2021-11-11,Outbound Sales,Farah Sultan,Active
100391,Lumen Data Partners,Education,United Kingdom,7.0,2021-01-07,Paid Search,Hannah Ostrowski,Churned
100392,Harborview Works Solutions (1),Media,United States,10.0,2022-09-18,Partner,Tariq Rahman,Active
100393,Vertex Robotics Collective,Education,United States,67.0,2021-08-25,Partner,,Churned
100394,Marrow Finance Co. (1),Healthcare,Australia,50.0,2022-03-02,Outbound Sales,Farah Sultan,Active
100395,Harborview Logic Labs,Financial Services,United Kingdom,12.0,2021-02-22,Content/Social,Priya Anand,Active
100396,Brightline Data Co.,Financial Services,Australia,43.0,2021-04-26,Partner,Farah Sultan,Churned
100397,Catalyst Works Industries,Manufacturing,United States,31.0,2022-06-28,Paid Search,Nadia Petrov,Active
100398,Orbital Media Industries,Logistics,United States,19.0,2021-08-19,Organic Search,Nadia Petrov,Active
100399,Fallowmere Systems Holdings,Media,Australia,89.0,2021-06-09,Organic Search,Nadia Petrov,Active
100400,Tidewater Finance Networks,Healthcare,India,9.0,2021-06-05,Referral,Jordan Kim,Churned
100401,Thornbury Media Collective,SaaS,United States,,2021-06-27,Content/Social,,Churned
100402,Wildflower Freight Technologies,Financial Services,United States,5.0,2022-06-12,Outbound Sales,Hannah Ostrowski,Active
100403,Brackenridge Media Corp.,Media,Australia,5.0,2021-04-10,Organic Search,Hannah Ostrowski,Churned
100404,Amberlight LLC,Manufacturing,Canada,3.0,2021-09-21,Content/Social,Marcus Webb,Churned
100405,Ironclad Learning Industries,Healthcare,United States,6.0,2022-09-21,Outbound Sales,Hannah Ostrowski,Active
100406,Copperfield Retail Holdings,SaaS,United States,22.0,2022-01-23,Organic Search,Marcus Webb,Active
100407,Keystone Holdings,Healthcare,United States,14.0,2022-05-25,Content/Social,,Churned
100408,Clearwater LLC,Manufacturing,United States,,2021-06-25,Organic Search,Elena Torres,Churned
100409,Fallowmere Logic Technologies,Manufacturing,United States,14.0,2024-02-05,Referral,,Active
100410,Quarrystone Supply Networks,Financial Services,United States,201.0,2021-10-05,Referral,,Active
100411,Lattice Media Partners,Healthcare,Canada,5.0,2021-07-06,Content/Social,,Churned
100412,Nimbus Logic Technologies,Retail,United States,4.0,2023-11-18,Organic Search,Isaac Brennan,Active
100413,Northwind Learning Corp.,Logistics,Canada,7.0,2022-07-17,Organic Search,,Churned
100414,Brackenridge Finance Collective (1),Financial Services,United States,18.0,2022-05-25,Outbound Sales,Elena Torres,Active
100415,Fallowmere Co.,Media,United States,,2023-09-24,Content/Social,,Active
100416,Summit Solutions,Financial Services,United States,,2021-02-23,Paid Search,Devon Wallace,Active
100417,Clearwater Cloud Corp.,Education,United States,69.0,2023-05-03,Paid Search,,Churned
100418,Sable Cloud Solutions,Manufacturing,India,17.0,2022-08-20,Content/Social,,Active
100419,Keystone Learning Ventures (1),Healthcare,Germany,12.0,2021-09-24,Partner,Leo Castillo,Active
100420,Catalyst Co.,Logistics,India,168.0,2021-07-28,Organic Search,Nadia Petrov,Active
100421,Quarrystone Digital Inc.,Financial Services,Canada,1.0,2021-03-10,Organic Search,Isaac Brennan,Active
100422,Northwind Health Networks,Media,Australia,22.0,2024-03-22,Referral,Priya Anand,Paused
100423,Northwind Health LLC,Logistics,Canada,,2021-04-12,Outbound Sales,,Active
100424,Wrenfield Freight Corp. (1),Financial Services,United Kingdom,229.0,2021-07-05,Referral,Mei Chen,Churned
100425,Palisade Media Corp.,Retail,India,2.0,2022-09-10,Partner,Priya Anand,Active
100426,Nimbus Corp.,Logistics,United States,12.0,2022-10-08,Paid Search,Mei Chen,Active
100427,Driftwood Retail Ventures,Media,United States,3.0,2021-04-26,Partner,,Active
100428,Steadfast Data Collective,Media,India,2.0,2023-03-05,Paid Search,Leo Castillo,Active
100429,Redwood Cloud Holdings,Logistics,India,15.0,2022-01-04,Content/Social,Mei Chen,Active
100430,Redwood Co.,SaaS,United States,59.0,2023-06-17,Paid Search,,Churned
100431,Nimbus Systems,Logistics,Singapore,96.0,2021-02-17,Paid Search,,Active
100432,Catalyst Freight Systems,SaaS,United States,10.0,2021-01-16,Paid Search,,Active
100433,Vertex Supply Co.,Retail,India,48.0,2022-06-05,Organic Search,,Active
100434,Marrow Holdings,Retail,France,16.0,2021-04-14,Organic Search,Grace Lin,Active
100435,Cinder Digital Solutions,SaaS,United States,41.0,2022-01-27,Outbound Sales,Tariq Rahman,Active
100436,Clearwater Systems,SaaS,Germany,90.0,2021-01-03,Content/Social,,Active
100437,Cascade Systems Ventures,Retail,Canada,,2023-01-23,Referral,Grace Lin,Churned
100438,Basalt Analytics Industries,Financial Services,India,81.0,2023-10-04,Referral,Elena Torres,Active
100439,Fernway Finance Partners,Healthcare,Netherlands,4.0,2023-06-07,Organic Search,,Active
100440,Ironclad Digital Labs,Healthcare,United Kingdom,,2024-06-26,Partner,Elena Torres,Active
100441,Overlook Group,Retail,United States,77.0,2023-11-09,Paid Search,Grace Lin,Active
100442,Cinder Cloud Industries,Logistics,India,67.0,2021-11-15,Organic Search,,Active
100443,Cascade Finance Industries,Healthcare,united states,4.0,2021-10-11,Paid Search,,Churned
100444,Vantage Systems Labs,Financial Services,United States,15.0,2023-10-18,Paid Search,Grace Lin,Active
100445,Fallowmere Media Technologies,Retail,United States,30.0,2024-01-12,Referral,Nadia Petrov,Churned
100446,Thornbury Retail Labs,Retail,United States,36.0,2024-08-13,Paid Search,Farah Sultan,Active
100447,Bluepeak Logic Labs,Retail,Canada,23.0,2022-12-23,Paid Search,Jordan Kim,Churned
100448,Anchor Ventures,Logistics,Germany,129.0,2021-05-16,Partner,Devon Wallace,Active
100449,Palisade Supply Labs,Retail,Singapore,4.0,2024-04-16,Paid Search,,Active
100450,Cobalt Retail Systems,Education,United States,15.0,2024-04-23,Outbound Sales,Nadia Petrov,Active
100451,Basalt Works Systems,Education,United Kingdom,2.0,2022-08-12,Organic Search,,Active
100452,Cascade Logic LLC,SaaS,United Kingdom,45.0,2023-07-24,Content/Social,,Churned
100453,Pinecrest Cloud LLC,Healthcare,United States,41.0,2022-03-21,Outbound Sales,Priya Anand,Churned
100454,Cascade Works Labs,SaaS,United Kingdom,1561.0,2024-03-25,Paid Search,Isaac Brennan,Active
100455,Nimbus Analytics Co.,Retail,United States,76.0,2021-03-13,Content/Social,Mei Chen,Active
100456,Brackenridge Media Collective,Manufacturing,Germany,31.0,2023-08-16,Organic Search,,Active
100457,Cascade Finance Co.,Education,United States,28.0,2021-02-04,Organic Search,Mei Chen,Churned
100458,Overlook Networks,Financial Services,Canada,13.0,2021-09-04,Outbound Sales,Sam O'Rourke,Churned
100459,Lattice Learning Labs,Retail,Australia,,2021-04-04,Outbound Sales,Owen Fitzgerald,Churned
100460,Fallowmere Analytics Partners,EDUCATION,India,29.0,2021-12-18,Organic Search,,Churned
100461,Overlook Health Solutions,Logistics,United States,2.0,2021-06-10,Organic Search,,Churned
100462,Brightline Analytics Collective,Media,United States,26.0,2024-05-09,Paid Search,,Active
100463,Basalt Analytics Systems,Retail,Japan,23.0,2022-03-17,Referral,,Churned
100464,Fallowmere Supply Solutions,Manufacturing,United States,196.0,2023-10-12,Content/Social,,Active
100465,Fernway Media Holdings (1),Retail,United States,17.0,2021-07-04,Organic Search,Mei Chen,Active
100466,Vertex Analytics Ventures,Media,South Africa,,2021-01-16,Content/Social,Nadia Petrov,Active
100467,Silverline Analytics Technologies,Financial Services,Canada,28.0,2023-01-16,Paid Search,,Churned
100468,Lumen Logic Partners,Manufacturing,India,22.0,2022-09-04,Partner,Priya Anand,Paused
100469,Tidewater Data Technologies,Education,United States,17.0,2022-02-08,Content/Social,,Active
100470,Cobalt Robotics Solutions,Manufacturing,United States,4.0,2023-04-07,Outbound Sales,Mei Chen,Active
100471,Windward Robotics Corp.,Logistics,Canada,16.0,2023-06-20,Paid Search,Owen Fitzgerald,Churned
100472,Ridgeline Retail Ventures,Retail,United States,9.0,2022-04-07,Organic Search,Priya Anand,Active
100473,Amberlight Networks,Logistics,United States,15.0,2024-07-01,Paid Search,,Active
100474,Fernway Freight Solutions,Financial Services,United States,52.0,2022-10-08,Outbound Sales,Sam O'Rourke,Active
100475,Copperfield Freight Collective,Retail,United Kingdom,8.0,2022-08-14,Content/Social,,Churned
100476,Catalyst Systems Systems,Financial Services,United States,15.0,2021-09-22,Organic Search,Grace Lin,Active
100477,Anchor Works Labs,SaaS,Australia,41.0,2021-01-02,Paid Search,Farah Sultan,Active
100478,Harborview Cloud Co.,Education,United States,14.0,2021-06-25,Organic Search,,Active
100479,Sable Analytics Networks,Financial Services,United States,597.0,2022-12-10,Referral,Marcus Webb,Active
100480,Thornbury Learning Networks,Financial Services,Brazil,28.0,2022-10-10,Referral,,Active
100481,Vantage Logic Inc.,Financial Services,Singapore,4.0,2021-08-01,Organic Search,Priya Anand,Active
100482,Wrenfield Corp.,Education,India,,2022-06-08,Partner,Hannah Ostrowski,Active
100483,Ironclad Analytics Inc.,Media,Germany,6.0,2021-05-14,Paid Search,,Active
100484,Northwind Digital Labs,Financial Services,United States,7.0,2021-07-18,Outbound Sales,Tariq Rahman,Active
100485,Cobalt Co.,SaaS,United States,40.0,2024-04-22,Referral,,Churned
100486,Catalyst Learning Corp.,Education,United States,5.0,2021-10-15,Paid Search,Priya Anand,Active
100487,Harborview Data Inc.,Logistics,United States,,2021-06-03,Outbound Sales,Isaac Brennan,Churned
100488,Halcyon Logic Holdings,Financial Services,Canada,89.0,2021-12-11,Outbound Sales,Nadia Petrov,Active
100489,Steadfast Supply Inc.,SaaS,Canada,10.0,2021-10-21,Referral,,Active
100490,Overlook Freight Co.,Logistics,United States,48.0,2022-10-18,Partner,Grace Lin,Active
100491,Crestline Technologies,Financial Services,United States,2.0,2024-06-17,Referral,Marcus Webb,Active
100492,Granite Retail Solutions,Healthcare,Netherlands,12.0,2022-04-15,Organic Search,,Active
100493,Clearwater Logic Inc.,Healthcare,United Kingdom,,2022-04-15,Content/Social,Leo Castillo,Active
100494,Beacon Logic Co.,Manufacturing,United States,30.0,2021-09-28,Content/Social,Isaac Brennan,Active
100495,Tidewater Logic Inc.,Retail,United States,5.0,2022-03-17,Paid Search,Jordan Kim,Active
100496,Ironclad Learning Technologies,Education,United States,,2021-08-17,Content/Social,,Churned
100497,Granite Data Technologies,Healthcare,United States,2.0,2021-01-10,Partner,Priya Anand,Churned
100498,Clearwater Retail Labs,Financial Services,United States,88.0,2023-08-14,Paid Search,Isaac Brennan,Active
100499,Windward Finance Ventures,Retail,United States,63.0,2021-11-20,Referral,Marcus Webb,Active
100500,Orbital Digital Solutions,Media,United States,30.0,2021-12-25,Paid Search,,Churned
100501,Summit Robotics Solutions,Financial Services,United States,22.0,2021-02-22,Referral,,Churned
100502,Basalt Finance Ventures,Logistics,United States,224.0,2023-05-19,Content/Social,Priya Anand,Active
100503,Marrow Health Solutions,Media,United States,,2021-04-22,Organic Search,,Active
100504,Lattice Analytics Solutions,Media,United States,15.0,2021-10-01,Referral,Owen Fitzgerald,Active
100505,Wrenfield Finance Inc.,Financial Services,Australia,25.0,2023-06-08,Organic Search,,Active
100506,Granite Finance Ventures,Logistics,Canada,10.0,2021-11-07,Referral,,Active
100507,Palisade Works Group,Education,United States,4.0,2024-01-19,Partner,Hannah Ostrowski,Active
100508,Hollowbrook Data Technologies,Financial Services,United States,37.0,2021-05-22,Paid Search,Priya Anand,Active
100509,Bluepeak Data Collective,Healthcare,United Kingdom,28.0,2022-10-05,Referral,Marcus Webb,Active
100510,Solstice Data Collective,Logistics,United States,,2024-09-06,Organic Search,,Active
100511,Anchor Systems Inc.,Healthcare,India,36.0,2022-02-14,Partner,Elena Torres,Active
100512,Meridian Cloud Industries,Logistics,South Africa,29.0,2022-09-28,Outbound Sales,Jordan Kim,Churned
100513,Ridgeline Finance Solutions,Retail,United States,9.0,2021-10-01,Outbound Sales,Hannah Ostrowski,Active
100514,Solstice Robotics Solutions,Media,United States,8.0,2022-11-25,Organic Search,Nadia Petrov,Active
100515,Fernway Freight Ventures,Healthcare,United States,35.0,2023-11-06,Referral,Jordan Kim,Churned
100516,Granite Data Technologies (1),Media,United Kingdom,163.0,2022-09-08,Outbound Sales,Grace Lin,Churned
100517,Halcyon Learning Holdings,Media,United States,34.0,2024-02-18,Outbound Sales,Hannah Ostrowski,Active
100518,Fieldstone Logic Collective,Manufacturing,United Kingdom,55.0,2022-04-21,Referral,Sam O'Rourke,Active
100519,Thornbury Ventures,Logistics,United States,7.0,2022-04-25,Content/Social,Devon Wallace,Active
100520,Beacon Digital Solutions,Education,India,12.0,2021-08-01,Organic Search,,Churned
100521,Basalt Robotics Co.,Media,United Kingdom,44.0,2022-10-02,Paid Search,Sam O'Rourke,Active
100522,Brackenridge Robotics Collective,Education,United States,3.0,2023-09-14,Content/Social,,Active
100523,Fallowmere Cloud Partners,SaaS,Japan,26.0,2022-07-16,Paid Search,Hannah Ostrowski,Churned
100524,Driftwood Systems Group,Financial Services,Canada,38.0,2021-06-08,Content/Social,,Churned
100525,Harborview Learning Corp.,SaaS,United States,19.0,2022-02-18,Outbound Sales,,Active
100526,Ironclad Robotics Technologies,Manufacturing,Japan,,2022-12-08,Content/Social,,Active
100527,Crestline Learning Co.,Retail,Canada,22.0,2024-03-27,Referral,Nadia Petrov,Active
100528,Ridgeline Analytics Ventures,Healthcare,United States,9.0,2021-04-05,Partner,Farah Sultan,Churned
100529,Cobalt Inc.,Media,United Kingdom,4.0,2021-03-19,Outbound Sales,Isaac Brennan,Active
100530,Driftwood Health Partners,Manufacturing,United Kingdom,18.0,2021-10-15,Referral,,Active
100531,Nimbus Freight Group,Healthcare,United Kingdom,109.0,2021-03-03,Organic Search,Isaac Brennan,Active
100532,Sable Supply Ventures,Education,Germany,76.0,2024-09-17,Paid Search,Jordan Kim,Active
100533,Palisade Analytics Corp.,Education,United States,13.0,2021-11-05,Organic Search,Priya Anand,Churned
100534,Quarrystone Analytics LLC,Healthcare,United States,12.0,2022-02-16,Content/Social,Sam O'Rourke,Active
100535,Overlook Logic Labs,Manufacturing,United States,11.0,2021-06-18,Organic Search,,Active
100536,Redwood Logic Corp.,Retail,Canada,11.0,2021-11-03,Partner,Jordan Kim,Active
100537,Meridian Freight Industries,Financial Services,United States,29.0,2024-10-07,Referral,Devon Wallace,Active
100538,Cobalt Works Corp.,Healthcare,United States,79.0,2021-12-09,Organic Search,,Churned
100539,Wildflower Logic Networks,Manufacturing,United States,381.0,2021-01-26,Content/Social,Farah Sultan,Churned
100540,Catalyst Data Collective,Manufacturing,India,7.0,2021-06-07,Paid Search,,Active
100541,Nimbus Learning Networks,Media,United States,47.0,2024-09-26,Referral,Farah Sultan,Active
100542,Brightline Robotics Partners,Healthcare,United States,41.0,2024-11-15,Referral,Grace Lin,Active
100543,Bluepeak Robotics Collective (1),Retail,United States,13.0,2021-05-27,Paid Search,Isaac Brennan,Paused
100544,Solstice Co.,SaaS,United States,5.0,2022-05-24,Paid Search,,Active
100545,Orbital Logic Holdings,Media,United States,29.0,2021-02-09,Outbound Sales,Sam O'Rourke,Active
100546,Anchor Digital Industries,Healthcare,United States,316.0,2022-04-16,Paid Search,,Active
100547,Northwind Finance Labs,Media,India,28.0,2021-03-21,Partner,Nadia Petrov,Churned
100548,Bluepeak Analytics Partners,Healthcare,United States,7.0,2023-04-03,Outbound Sales,Farah Sultan,Active
100549,Cinder Ventures,Healthcare,United States,16.0,2024-03-19,Paid Search,,Active
100550,Anchor Data Inc.,Retail,United Kingdom,5.0,2021-05-13,Organic Search,,Churned
100551,Fernway Logic Solutions,Media,United States,,2021-12-01,Paid Search,Mei Chen,Active
100552,Halcyon Ventures,Healthcare,United States,49.0,2021-03-25,Partner,Elena Torres,Active
100553,Silverline Media Holdings,Healthcare,United States,8.0,2021-09-08,Referral,Farah Sultan,Churned
100554,Anchor Learning Systems,Manufacturing,United States,1.0,2021-02-25,Paid Search,Marcus Webb,Active
100555,Steadfast Supply Industries,Education,United States,29.0,2021-07-06,Referral,Mei Chen,Churned
100556,Orbital Supply Corp. (1),Manufacturing,France,10.0,2024-11-16,Referral,Isaac Brennan,Active
100557,Brightline Digital Corp.,SaaS,United States,8.0,2021-01-11,Outbound Sales,Jordan Kim,Active
100558,Palisade Group,Logistics,United Kingdom,7.0,2023-07-26,Paid Search,,Active
100559,Clearwater Systems (1),Retail,Germany,34.0,2021-02-27,Paid Search,Mei Chen,Active
100560,Aldergate Data Inc.,SaaS,United States,12.0,2022-02-22,Organic Search,,Churned
100561,Windward Health Systems (1),SaaS,Canada,67.0,2021-11-24,Outbound Sales,Mei Chen,Active
100562,Vantage Retail Networks,Healthcare,United States,69.0,2024-01-22,Outbound Sales,Jordan Kim,Active
100563,Solstice Supply Collective,Financial Services,United Kingdom,14.0,2021-05-09,Organic Search,Leo Castillo,Churned
100564,Sable Retail Group,SaaS,germany,10.0,2021-05-26,Paid Search,,Active
100565,Marrow Finance Group,Education,USA,24.0,2022-11-15,Outbound Sales,Tariq Rahman,Paused
100566,Cascade Solutions,Education,Germany,17.0,2022-10-10,Paid Search,Marcus Webb,Active
100567,Lumen Freight Group,Media,United States,2.0,2022-09-06,Referral,Owen Fitzgerald,Churned
100568,Basalt Networks,SaaS,United Kingdom,242.0,2021-01-20,Referral,Owen Fitzgerald,Active
100569,Basalt Digital Solutions,SaaS,United States,51.0,2021-07-08,Organic Search,,Churned
100570,Cascade Finance Collective,Retail,United States,11.0,2023-06-19,Referral,Sam O'Rourke,Active
100571,Driftwood Media Collective,Financial Services,United States,,2022-05-02,Paid Search,Tariq Rahman,Active
100572,Sable Health Co.,Education,Germany,,2022-05-18,Referral,Hannah Ostrowski,Active
100573,Wildflower Cloud Corp.,Retail,United Kingdom,9.0,2021-08-18,Paid Search,,Active
100574,Sable Supply Labs,Healthcare,Australia,19.0,2021-07-15,Organic Search,Mei Chen,Churned
100575,Windward Labs (1),Education,United States,1.0,2024-04-19,Referral,Leo Castillo,Active
100576,Fieldstone Cloud Corp.,Education,United States,11.0,2022-10-28,Paid Search,Jordan Kim,Churned
100577,Basalt Freight Ventures,Education,United States,12.0,2021-03-24,Outbound Sales,Elena Torres,Active
100578,Tidewater Systems Systems,Manufacturing,United States,16.0,2024-02-13,Partner,,Active
100579,Solstice Data Solutions,Media,United States,,2022-04-25,Content/Social,Tariq Rahman,Active
100580,Vantage Supply Co.,Media,Germany,21.0,2021-09-27,Paid Search,Leo Castillo,Active
100581,Vertex Works Networks,Logistics,Australia,145.0,2021-10-05,Paid Search,,Active
100582,Fallowmere Health Ventures,Financial Services,United States,,2022-10-11,Organic Search,Grace Lin,Active
100583,Palisade Collective,Healthcare,United States,6.0,2021-09-21,Content/Social,,Churned
100584,Ridgeline Retail Holdings,Healthcare,United Kingdom,2.0,2022-04-15,Organic Search,,Churned
100585,Harborview Health Holdings,Healthcare,United Kingdom,10.0,2022-10-04,Organic Search,Priya Anand,Churned
100586,Brightline Robotics Partners (1),Education,India,3.0,2021-05-14,Partner,Marcus Webb,Active
100587,Clearwater Data Holdings,Education,United States,70.0,2024-03-11,Paid Search,Hannah Ostrowski,Churned
100588,Brightline Systems,SaaS,United States,18.0,2021-09-21,Referral,Tariq Rahman,Active
100589,Amberlight Cloud Group,Logistics,United States,,2021-11-15,Referral,Elena Torres,Active
100590,Summit Health Partners,SaaS,Brazil,135.0,2022-09-04,Outbound Sales,Owen Fitzgerald,Churned
100591,Steadfast Supply LLC,Financial Services,India,7.0,2022-05-02,Outbound Sales,Isaac Brennan,Active
100592,Summit Logic Technologies,Financial Services,Germany,,2021-11-09,Organic Search,,Active
100593,Marrow Data Partners,Healthcare,United States,,2022-07-05,Outbound Sales,Elena Torres,Active
100594,Vertex Industries,Retail,United States,26.0,2023-11-25,Referral,,Active
100595,Silverline Works LLC,Education,United States,40.0,2023-02-08,Paid Search,Mei Chen,Active
100596,Amberlight Supply Labs,SaaS,Germany,77.0,2023-04-18,Content/Social,Marcus Webb,Churned
100597,Overlook Health Technologies,Manufacturing,United States,64.0,2021-07-04,Partner,,Active
100598,Amberlight Works Networks,Manufacturing,India,34.0,2021-11-13,Content/Social,Grace Lin,Active
100599,Anchor Finance Systems,Media,United States,,2022-03-27,Outbound Sales,Nadia Petrov,Active
100600,Northwind Finance Co.,Media,United States,18.0,2021-01-19,Organic Search,Sam O'Rourke,Paused
100601,Silverline Logic Inc.,Logistics,United States,39.0,2022-12-09,Referral,,Active
100602,Nimbus Finance LLC,Retail,United States,16.0,2021-08-21,Organic Search,Elena Torres,Active
100603,Aldergate Digital Holdings,Media,Canada,76.0,2021-07-15,Paid Search,Leo Castillo,Active
100604,Cinder Finance Collective,Education,France,8.0,2021-07-07,Organic Search,,Active
100605,Ironclad Digital Solutions,SaaS,United Kingdom,2.0,2021-07-28,Organic Search,,Active
100606,Bluepeak Analytics Technologies,Logistics,United States,47.0,2021-09-27,Paid Search,Mei Chen,Active
100607,Thornbury Analytics Collective,Media,Canada,5.0,2022-05-16,Partner,Hannah Ostrowski,Churned
100608,Thornbury LLC,Healthcare,United States,5.0,2022-04-01,Paid Search,,Active
100609,Fallowmere Media Networks,Logistics,Canada,104.0,2021-07-12,Referral,Nadia Petrov,Churned
100610,Cascade Labs,Manufacturing,India,,2021-05-15,Partner,Marcus Webb,Churned
100611,Cobalt Retail Group,Financial Services,United States,13.0,2023-04-27,Outbound Sales,Grace Lin,Active
100612,Aldergate Analytics Solutions,Retail,United States,1.0,2021-03-21,Paid Search,Nadia Petrov,Active
100613,Keystone Retail LLC,Manufacturing,United States,40.0,2022-01-07,Outbound Sales,Farah Sultan,Active
100614,Copperfield Corp.,Logistics,United States,48.0,2022-01-15,Partner,Elena Torres,Churned
100615,Hollowbrook Retail Labs,Retail,Germany,39.0,2022-04-06,Partner,Grace Lin,Active
100616,Orbital Logic LLC,SaaS,United Kingdom,37.0,2023-09-14,Organic Search,,Active
100617,Silverline Finance Group (1),Retail,United States,16.0,2022-06-15,Paid Search,Marcus Webb,Active
100618,Ironclad Partners,Healthcare,United States,12.0,2024-08-15,Outbound Sales,Tariq Rahman,Active
100619,Fernway Learning Corp.,Financial Services,Canada,5.0,2023-08-12,Organic Search,Isaac Brennan,Paused
100620,Driftwood Analytics Ventures,Logistics,United States,8.0,2021-06-13,Partner,Devon Wallace,Active
100621,Pinecrest Co.,Logistics,United States,31.0,2021-06-23,Outbound Sales,Jordan Kim,Active
100622,Ironclad Supply Inc.,Manufacturing,India,31.0,2021-09-15,Partner,Marcus Webb,Active
100623,Thornbury Data Solutions,Retail,United States,56.0,2021-10-02,Content/Social,Jordan Kim,Active
100624,Hollowbrook Co.,Retail,United States,,2022-03-21,Referral,,Active
100625,Bluepeak Digital Collective,SaaS,United States,2.0,2021-06-18,Content/Social,,Churned
100626,Driftwood Cloud Partners,Media,United States,12.0,2021-06-20,Outbound Sales,Nadia Petrov,Churned
100627,Catalyst Works Ventures,Retail,Germany,5.0,2021-10-20,Paid Search,Devon Wallace,Churned
100628,Hollowbrook Works Holdings,Logistics,Canada,26.0,2022-08-05,Partner,Tariq Rahman,Active
100629,Clearwater Cloud Co.,Education,South Africa,,2022-09-28,Outbound Sales,Farah Sultan,Churned
100630,Anchor Digital Collective,Financial Services,Netherlands,93.0,2024-09-28,Content/Social,,Active
100631,Palisade Logic Ventures,Logistics,United States,7.0,2021-05-05,Organic Search,,Active
100632,Brightline Corp.,Retail,United States,159.0,2021-10-07,Organic Search,,Churned
100633,Summit Learning Systems,Financial Services,India,40.0,2024-07-07,Partner,Devon Wallace,Active
100634,Palisade Digital Technologies,Healthcare,United States,,2022-09-28,Paid Search,,Active
100635,Silverline Analytics Group,Retail,France,306.0,2022-04-27,Outbound Sales,Nadia Petrov,Churned
100636,Vertex LLC,Logistics,United States,28.0,2022-02-08,Referral,Hannah Ostrowski,Active
100637,Overlook Data Corp.,Education,United States,,2021-02-18,Paid Search,,Active
100638,Summit Learning Technologies,Retail,United Kingdom,18.0,2023-10-07,Paid Search,Sam O'Rourke,Active
100639,Granite Finance Systems,SaaS,Germany,37.0,2022-06-02,Partner,Priya Anand,Active
100640,Steadfast Learning Ventures,Healthcare,United Kingdom,40.0,2022-03-07,Paid Search,Devon Wallace,Active
100641,Vantage Health LLC,Media,United Kingdom,7.0,2022-02-03,Partner,Farah Sultan,Churned
100642,Cascade Logic Group,Retail,United States,15.0,2021-10-24,Outbound Sales,Tariq Rahman,Churned
100643,Aldergate Cloud Systems,Manufacturing,United Kingdom,23.0,2021-07-22,Outbound Sales,Owen Fitzgerald,Active
100644,Quarrystone Group (1),SaaS,India,43.0,2022-12-06,Organic Search,Leo Castillo,Churned
100645,Lumen Health Labs,Healthcare,United States,44.0,2022-01-16,Paid Search,,Churned
100646,Aldergate Works Group,Education,Canada,25.0,2021-01-06,Partner,Marcus Webb,Churned
100647,Silverline LLC,Retail,United States,10.0,2021-10-16,Paid Search,Grace Lin,Active
100648,Steadfast Logic Group,Financial Services,United States,9.0,2024-01-26,Organic Search,,Active
100649,Basalt Data Technologies,Healthcare,Brazil,4.0,2021-09-25,Content/Social,Mei Chen,Active
100650,Basalt Robotics LLC,SaaS,United States,43.0,2021-10-24,Organic Search,Priya Anand,Active
100651,Amberlight Co.,SaaS,United Kingdom,9.0,2022-06-07,Organic Search,Owen Fitzgerald,Churned
100652,Orbital Learning Holdings,Retail,United States,16.0,2023-02-06,Content/Social,Hannah Ostrowski,Active
100653,Anchor Networks,Manufacturing,Germany,27.0,2022-08-05,Paid Search,Sam O'Rourke,Active
100654,Meridian Systems Ventures,SaaS,United States,20.0,2023-06-04,Paid Search,Isaac Brennan,Churned
100655,Lattice Health Systems,Education,United States,20.0,2021-03-18,Referral,Priya Anand,Churned
100656,Quarrystone Logic Ventures,SaaS,Australia,6.0,2023-12-19,Partner,Mei Chen,Active
100657,Wrenfield Freight Partners,Retail,United Kingdom,28.0,2023-11-25,Content/Social,Priya Anand,Active
100658,Keystone Data Collective,Retail,United States,13.0,2022-01-03,Partner,Farah Sultan,Active
100659,Cascade Cloud Corp.,Healthcare,United States,18.0,2022-06-08,Content/Social,Tariq Rahman,Churned
100660,Sable Media Inc.,Manufacturing,United States,,2021-06-21,Paid Search,Elena Torres,Churned
100661,Lattice Media Corp.,Financial Services,Germany,39.0,2021-11-20,Outbound Sales,Nadia Petrov,Churned
100662,Quarrystone Works Solutions,SaaS,India,10.0,2021-05-12,Paid Search,Isaac Brennan,Churned
100663,Wrenfield Learning Co. (1),Retail,Germany,17.0,2021-01-05,Content/Social,Elena Torres,Active
100664,Beacon Media Corp.,Healthcare,Singapore,161.0,2024-09-14,Content/Social,Tariq Rahman,Churned
100665,Nimbus Learning Networks (1),Healthcare,United States,13.0,2021-07-05,Organic Search,Farah Sultan,Churned
100666,Beacon Analytics Collective,Education,United Kingdom,21.0,2022-04-15,Partner,,Active
100667,Cobalt Retail Co.,Healthcare,United Kingdom,48.0,2021-08-26,Outbound Sales,Leo Castillo,Active
100668,Windward Logic Co.,Manufacturing,Canada,27.0,2021-09-06,Paid Search,,Churned
100669,Meridian Systems Holdings,Healthcare,United Kingdom,12.0,2021-10-04,Outbound Sales,Owen Fitzgerald,Active
100670,Granite Retail Group,Manufacturing,United States,8.0,2021-09-21,Content/Social,Devon Wallace,Churned
100671,Wrenfield Media Technologies,SaaS,Germany,20.0,2022-06-01,Organic Search,Elena Torres,Churned
100672,Clearwater Supply Industries,Logistics,United Kingdom,47.0,2024-06-28,Paid Search,Isaac Brennan,Active
100673,Amberlight Analytics Holdings,Logistics,australia,112.0,2021-11-22,Content/Social,Priya Anand,Churned
100674,Sable Robotics LLC,Healthcare,United States,3.0,2024-08-12,Organic Search,Nadia Petrov,Active
100675,Amberlight Media Networks,Retail,United States,199.0,2022-08-11,Referral,Leo Castillo,Active
100676,Orbital Health Labs,SaaS,India,14.0,2022-05-11,Outbound Sales,Tariq Rahman,Active
100677,Lumen Cloud Industries,Logistics,Canada,67.0,2021-06-12,Outbound Sales,,Churned
100678,Fallowmere Labs,SaaS,United States,8.0,2021-02-24,Organic Search,,Active
100679,Northwind Co.,SaaS,United States,2.0,2023-07-23,Paid Search,,Active
100680,Beacon Corp.,SaaS,India,4.0,2022-04-06,Partner,Hannah Ostrowski,Churned
100681,Lattice Digital Networks,Healthcare,South Africa,,2021-10-06,Referral,Elena Torres,Active
100682,Fieldstone Learning Corp. (1),Logistics,United States,40.0,2023-03-16,Outbound Sales,Tariq Rahman,Churned
100683,Sable Works Technologies,Retail,United States,21.0,2021-08-19,Content/Social,Hannah Ostrowski,Churned
100684,Pinecrest Industries,Education,United States,15.0,2023-01-21,Paid Search,Isaac Brennan,Active
100685,Pinecrest Supply Corp.,Manufacturing,United States,86.0,2021-08-09,Partner,Devon Wallace,Active
100686,Steadfast Retail Collective,Media,USA,,2023-12-14,Partner,Priya Anand,Active
100687,Brightline Logic Industries,Manufacturing,United States,29.0,2021-07-03,Content/Social,Leo Castillo,Active
100688,Fernway Learning Industries,Logistics,United Kingdom,,2021-04-13,Organic Search,,Active
100689,Basalt Analytics Co.,Manufacturing,United States,20.0,2022-09-20,Organic Search,,Active
100690,Anchor Media Co.,Media,United States,8.0,2021-04-09,Outbound Sales,Marcus Webb,Active
100691,Cascade Freight Co.,Healthcare,Singapore,38.0,2024-04-09,Content/Social,,Active
100692,Amberlight Retail Solutions,Financial Services,United States,,2022-07-13,Content/Social,,Churned
100693,Bluepeak Systems LLC,Manufacturing,Canada,30.0,2021-06-25,Organic Search,,Churned
100694,Summit Freight LLC,Logistics,United States,,2021-05-17,Referral,Elena Torres,Churned
100695,Sable Supply Holdings, SaaS ,Canada,138.0,2023-12-26,Paid Search,Tariq Rahman,Active
100696,Harborview Data Collective,Financial Services,Canada,117.0,2022-05-02,Outbound Sales,Jordan Kim,Active
100697,Summit Systems Group,Media,United States,17.0,2023-10-24,Partner,Mei Chen,Active
100698,Lumen Systems Networks,SaaS,United Kingdom,9.0,2021-03-02,Partner,Farah Sultan,Active
100699,Tidewater Supply Solutions,Healthcare,India,35.0,2024-01-10,Organic Search,Priya Anand,Paused
100700,Basalt Freight Group,Education,United States,9.0,2022-01-12,Content/Social,Isaac Brennan,Churned
100701,Bluepeak Technologies,SaaS,Canada,63.0,2022-08-07,Paid Search,Farah Sultan,Active
100702,Thornbury Logic Technologies,Logistics,United States,35.0,2021-09-28,Referral,Tariq Rahman,Active
100703,Beacon Analytics Industries,Healthcare,United States,646.0,2021-02-25,Referral,,Active
100704,Basalt Corp.,Media,France,136.0,2024-06-16,Referral,Elena Torres,Churned
100705,Crestline Labs (1),Financial Services,United States,5.0,2024-12-13,Partner,Farah Sultan,Active
100706,Keystone Freight Corp.,Financial Services,United States,10.0,2021-09-22,Outbound Sales,Grace Lin,Churned
100707,Aldergate Robotics Holdings,Logistics,United States,2.0,2024-03-20,Paid Search,,Active
100708,Lattice Digital Technologies,Media,Japan,1.0,2021-04-14,Paid Search,Jordan Kim,Churned
100709,Ridgeline Cloud Technologies (1),Education,United States,23.0,2021-04-24,Referral,,Active
100710,Palisade Systems,Financial Services,United States,4.0,2021-02-06,Outbound Sales,Tariq Rahman,Churned
100711,Steadfast Retail Industries,Media,India,170.0,2021-10-08,Referral,Farah Sultan,Churned
100712,Keystone Data Labs,Manufacturing,India,90.0,2021-02-01,Organic Search,Leo Castillo,Active
100713,Clearwater Freight Collective,Logistics,United States,14.0,2021-10-04,Paid Search,Jordan Kim,Churned
100714,Brackenridge Robotics Partners,Healthcare,France,13.0,2021-04-06,Partner,Owen Fitzgerald,Churned
100715,Fieldstone Works Networks,SaaS,United States,139.0,2022-10-18,Referral,Priya Anand,Active
100716,Halcyon Technologies,Retail,United Kingdom,187.0,2023-05-24,Referral,Priya Anand,Churned
100717,Summit Labs,Education,United Kingdom,6.0,2022-09-17,Referral,Isaac Brennan,Active
100718,Palisade Finance Co.,Healthcare,United States,5.0,2021-05-13,Organic Search,Farah Sultan,Active
100719,Ridgeline Systems Partners,Media,Australia,14.0,2022-12-08,Organic Search,Farah Sultan,Active
100720,Copperfield Digital Co.,Logistics,United Kingdom,35.0,2021-06-03,Paid Search,Elena Torres,Churned
100721,Basalt Collective,Retail,United States,,2022-12-17,Outbound Sales,Hannah Ostrowski,Active
100722,Harborview Networks,Logistics,United States,36.0,2022-03-04,Organic Search,,Active
100723,Brackenridge Data Corp.,Manufacturing,United States,254.0,2021-09-23,Organic Search,,Active
100724,Fallowmere Supply Solutions (1),Healthcare,Australia,3.0,2021-02-12,Content/Social,,Churned
100725,Thornbury Cloud Systems,Retail,United States,11.0,2023-05-10,Organic Search,Nadia Petrov,Churned
100726,Ridgeline Finance Industries,Retail,Germany,,2024-03-01,Referral,Grace Lin,Active
100727,Silverline Robotics Holdings,Financial Services,United States,7.0,2022-08-07,Organic Search,Owen Fitzgerald,Active
100728,Ridgeline Analytics Technologies,SaaS,Japan,14.0,2024-07-01,Organic Search,,Active
100729,Silverline Finance Labs,Retail,Canada,8.0,2024-02-21,Paid Search,Priya Anand,Active
100730,Pinecrest Retail Technologies,Media,United States,39.0,2021-05-14,Partner,Tariq Rahman,Active
100731,Crestline Media Ventures,Financial Services,United States,24.0,2022-11-23,Referral,Leo Castillo,Active
100732,Beacon Labs,Education,Canada,30.0,2021-09-16,Outbound Sales,Mei Chen,Churned
100733,Lumen Health Inc.,Healthcare,United States,13.0,2021-12-27,Content/Social,Priya Anand,Active
100734,Vertex Health Co.,Education,United States,15.0,2021-04-22,Paid Search,Isaac Brennan,Active
100735,Windward Logic Ventures,Healthcare,Canada,13.0,2024-08-05,Outbound Sales,Isaac Brennan,Active
100736,Redwood Logic Industries,SaaS,Germany,15.0,2022-10-04,Paid Search,Sam O'Rourke,Active
100737,Thornbury Robotics LLC,Education,India,35.0,2021-07-25,Referral,,Active
100738,Ironclad Retail Co.,SaaS,Australia,2.0,2021-09-08,Partner,Sam O'Rourke,Churned
100739,Fallowmere Analytics Group,Manufacturing,United Kingdom,29.0,2021-11-22,Paid Search,,Churned
100740,Aldergate Logic Inc.,Logistics,Canada,6.0,2022-11-18,Content/Social,Elena Torres,Churned
100741,Vantage Retail Holdings,Manufacturing,United States,13.0,2024-01-20,Referral,Grace Lin,Active
100742,Tidewater Technologies,Education,Canada,3.0,2021-08-08,Organic Search,,Active
100743,Fallowmere Media LLC,Logistics,India,13.0,2021-12-09,Paid Search,Sam O'Rourke,Active
100744,Wrenfield Logic Labs (1),Retail,United Kingdom,29.0,2022-04-16,Referral,,Churned
100745,Windward Digital Technologies (1),Media,Netherlands,36.0,2021-10-01,Referral,Marcus Webb,Active
100746,Amberlight Solutions,Retail,United States,4.0,2022-01-09,Paid Search,Priya Anand,Active
100747,Cinder Finance LLC,SaaS,United Kingdom,34.0,2021-03-15,Referral,Nadia Petrov,Active
100748,Palisade Systems Labs,Retail,United States,88.0,2021-04-06,Paid Search,,Active
100749,Lumen Logic Co.,Education,United States,11.0,2021-10-09,Content/Social,,Churned
100750,Wildflower Learning Solutions,SaaS,United States,20.0,2023-12-28,Organic Search,,Active
100751,Wildflower Analytics Industries,Healthcare,France,1.0,2021-09-09,Referral,,Active
100752,Windward Media Inc.,SaaS,United States,6.0,2021-06-26,Partner,,Churned
100753,Fallowmere Data Networks,Retail,India,29.0,2022-11-26,Outbound Sales,Nadia Petrov,Active
100754,Vertex Learning LLC,Manufacturing,United Kingdom,,2024-04-19,Content/Social,Nadia Petrov,Churned
100755,Solstice Freight Industries,Retail,Australia,9.0,2021-11-05,Content/Social,Leo Castillo,Active
100756,Ironclad Technologies,Healthcare,India,646.0,2021-01-06,Paid Search,Priya Anand,Active
100757,Harborview Analytics Co.,Retail,United States,30.0,2022-09-27,Organic Search,Priya Anand,Active
100758,Lumen Retail Solutions,Financial Services,United States,4.0,2021-10-01,Outbound Sales,Isaac Brennan,Active
100759,Northwind Health Industries,Media,India,107.0,2022-08-15,Paid Search,Grace Lin,Active
100760,Thornbury Health Technologies,Education,United States,4.0,2021-07-17,Outbound Sales,Priya Anand,Active
100761,Windward Freight Ventures,Retail,United States,31.0,2021-01-24,Paid Search,Sam O'Rourke,Churned
100762,Basalt Systems Networks,Healthcare,United States,,2021-09-26,Content/Social,Jordan Kim,Churned
100763,Clearwater Retail Technologies,Manufacturing,United States,3.0,2022-09-08,Outbound Sales,Priya Anand,Churned
100764,Redwood Supply Industries,Financial Services,Netherlands,70.0,2021-10-15,Referral,,Churned
100765,Copperfield Works Systems,Financial Services,Germany,14.0,2021-06-18,Referral,Jordan Kim,Churned
100766,Redwood Technologies,Media,India,189.0,2021-12-28,Content/Social,,Active
100767,Meridian Robotics Collective,Media,United States,5.0,2022-11-16,Outbound Sales,Leo Castillo,Active
100768,Basalt Cloud Technologies,retail,Japan,3.0,2021-03-04,Partner,Nadia Petrov,Churned
100769,Meridian Analytics Labs,Manufacturing,United Kingdom,,2022-09-26,Partner,Hannah Ostrowski,Active
100770,Beacon Cloud Systems,Media,France,861.0,2022-08-15,Paid Search,,Active
100771,Northwind Digital Inc.,Logistics,United States,59.0,2021-09-06,Paid Search,Sam O'Rourke,Churned
100772,Solstice Retail Ventures,Healthcare,United States,41.0,2024-08-06,Paid Search,Isaac Brennan,Active
100773,Thornbury Cloud Inc.,Manufacturing,India,43.0,2023-10-06,Outbound Sales,,Churned
100774,Summit Media Corp.,Retail,Germany,11.0,2021-08-21,Outbound Sales,Owen Fitzgerald,Active
100775,Quarrystone Health Group,Financial Services,United States,698.0,2021-01-27,Organic Search,,Active
100776,Vertex Logic Inc.,SaaS,United States,36.0,2021-08-13,Content/Social,,Active
100777,Tidewater Digital Ventures,Education,United Kingdom,32.0,2021-05-03,Paid Search,Elena Torres,Active
100778,Keystone Learning Co.,Manufacturing,Brazil,72.0,2022-02-25,Partner,Mei Chen,Active
100779,Copperfield Data LLC,Financial Services,Canada,4.0,2023-12-18,Referral,,Active
100780,Vantage Retail Labs,Financial Services,Germany,6.0,2023-08-16,Organic Search,Marcus Webb,Active
100781,Driftwood Robotics Solutions,Retail,India,15.0,2021-08-02,Paid Search,,Active
100782,Summit Supply Solutions,Media,Australia,73.0,2021-11-28,Outbound Sales,Elena Torres,Churned
100783,Wildflower Learning Corp.,Logistics,United States,4.0,2021-01-03,Partner,Jordan Kim,Churned
100784,Palisade Finance Technologies,Retail,United States,18.0,2022-02-18,Organic Search,,Active
100785,Pinecrest Retail Solutions,Healthcare,India,15.0,2021-02-17,Referral,Farah Sultan,Active
100786,Ridgeline Works Holdings,Education,United Kingdom,3.0,2024-02-15,Outbound Sales,Farah Sultan,Active
100787,Lattice LLC,Healthcare,United States,10.0,2023-08-16,Organic Search,Hannah Ostrowski,Active
100788,Lattice Cloud Partners,SaaS,United States,41.0,2021-06-12,Outbound Sales,Priya Anand,Active
100789,Lumen Logic Group,SaaS,Canada,3.0,2022-09-17,Referral,Hannah Ostrowski,Active
100790,Northwind Systems Inc.,Retail,Canada,126.0,2022-03-11,Content/Social,Hannah Ostrowski,Active
100791,Steadfast Freight Networks,Logistics,United States,,2023-02-14,Outbound Sales,Mei Chen,Active
100792,Halcyon Logic Networks,Education,Germany,31.0,2021-12-19,Paid Search,Leo Castillo,Active
100793,Sable Works Co.,Healthcare,United States,20.0,2021-05-21,Partner,,Active
100794,Basalt Retail Group,SaaS,United States,5.0,2022-07-05,Organic Search,Grace Lin,Active
100795,Tidewater Networks,Media,United States,9.0,2021-02-28,Content/Social,Priya Anand,Active
100796,Aldergate Co.,Financial Services,United States,32.0,2022-04-03,Outbound Sales,Devon Wallace,Active
100797,Anchor Media Solutions,Financial Services,United States,,2021-06-08,Paid Search,,Churned
100798,Amberlight Media Networks (1),Education,India,26.0,2022-09-10,Outbound Sales,Tariq Rahman,Active
100799,Beacon Digital Corp.,Retail,Canada,6.0,2023-05-10,Paid Search,Farah Sultan,Churned
100800,Nimbus Robotics Corp.,Manufacturing,United States,36.0,2021-03-10,Content/Social,,Churned
100801,Keystone Health Ventures,Healthcare,Australia,40.0,2021-10-10,Content/Social,,Active
100802,Pinecrest Freight Co.,Manufacturing,Brazil,2.0,2022-11-13,Outbound Sales,Jordan Kim,Active
100803,Vertex Learning Inc.,Education,United States,22.0,2021-04-22,Referral,Jordan Kim,Active
100804,Wrenfield Robotics Partners,Retail,USA,3.0,2022-03-24,Outbound Sales,Hannah Ostrowski,Active
100805,Granite Media Solutions,Education,United States,2.0,2022-08-10,Referral,,Active
100806,Beacon Retail Solutions,SaaS,United Kingdom,,2021-09-08,Paid Search,,Active
100807,Lattice Cloud Ventures,Manufacturing,United States,762.0,2023-05-19,Content/Social,,Active
100808,Cascade Robotics Group,Financial Services,India,55.0,2022-01-02,Organic Search,,Active
100809,Steadfast Supply Technologies,Manufacturing,United Kingdom,123.0,2022-06-13,Organic Search,Isaac Brennan,Churned
100810,Bluepeak Learning Group,Retail,United Kingdom,44.0,2021-04-07,Paid Search,,Churned
100811,Harborview Finance Labs,Financial Services,United States,26.0,2021-01-18,Content/Social,,Active
100812,Ridgeline Freight Ventures,Healthcare,United States,64.0,2021-02-03,Content/Social,,Churned
100813,Cobalt Health Inc.,Healthcare,United States,9.0,2023-11-24,Organic Search,Grace Lin,Paused
100814,Nimbus Works Labs,Healthcare,Canada,37.0,2023-09-08,Organic Search,,Active
100815,Overlook Supply Holdings,SaaS,India,93.0,2023-03-15,Partner,,Active
100816,Thornbury Works Ventures,Financial Services,United Kingdom,50.0,2021-05-17,Referral,Mei Chen,Active
100817,Overlook Cloud Systems (1),SaaS,India,101.0,2022-01-14,Content/Social,,Active
100818,Quarrystone Finance Ventures (1),Education,United States,25.0,2023-02-13,Content/Social,,Churned
100819,Wrenfield Finance Inc. (1),SaaS,United States,181.0,2022-08-08,Partner,Jordan Kim,Active
100820,Cascade Works Systems,SaaS,United States,,2021-03-22,Paid Search,,Active
100821,Fernway Finance Group,Financial Services,United States,315.0,2023-10-15,Outbound Sales,Marcus Webb,Churned
100822,Harborview Freight Inc.,Healthcare,United States,,2021-04-07,Content/Social,,Churned
100823,Crestline LLC,Logistics,United States,12.0,2021-05-08,Organic Search,,Churned
100824,Clearwater Works LLC,Healthcare,Canada,4.0,2023-11-13,Content/Social,Priya Anand,Active
100825,Vantage Learning Group,Financial Services,United States,7.0,2021-12-24,Organic Search,Jordan Kim,Churned
100826,Cobalt Logic Holdings,Retail,United States,6.0,2021-09-27,Content/Social,,Active
100827,Tidewater Works Technologies,Logistics,United States,18.0,2022-03-11,Outbound Sales,Tariq Rahman,Paused
100828,Cascade Health Solutions,Media,United States,4.0,2024-09-12,Paid Search,,Active
100829,Northwind Learning Partners,Retail,United States,108.0,2021-03-04,Referral,,Active
100830,Cascade Digital Collective,Healthcare,United States,23.0,2022-12-16,Paid Search,,Active
100831,Hollowbrook Retail Solutions,Retail,United States,22.0,2021-09-07,Organic Search,,Churned
100832,Copperfield Inc.,Retail,Netherlands,4.0,2021-03-23,Content/Social,,Churned
100833,Wrenfield Freight LLC (1),Retail,United States,7.0,2021-11-15,Organic Search,Devon Wallace,Churned
100834,Lattice Cloud Inc.,Media,United States,1.0,2022-02-07,Content/Social,Jordan Kim,Active
100835,Ironclad Finance Holdings,Financial Services,United States,165.0,2021-05-26,Paid Search,,Active
100836,Clearwater Logic Group,Financial Services,United States,3.0,2021-10-23,Outbound Sales,Sam O'Rourke,Active
100837,Halcyon Corp.,Retail,United Kingdom,4.0,2022-06-09,Content/Social,,Active
100838,Ironclad Systems Industries,Retail,United States,126.0,2022-04-04,Outbound Sales,Nadia Petrov,Active
100839,Orbital Logic Networks,Education,Australia,,2022-10-08,Content/Social,,Churned
100840,Fieldstone Data Solutions,Media,Germany,23.0,2023-05-11,Content/Social,,Churned
100841,Clearwater Cloud Technologies,Education,India,31.0,2021-10-12,Outbound Sales,Hannah Ostrowski,Active
100842,Amberlight LLC (1),Manufacturing,United States,69.0,2021-11-24,Partner,,Churned
100843,Brightline Ventures,Healthcare,United States,23.0,2021-12-28,Paid Search,Mei Chen,Active
100844,Wrenfield Works Ventures,Logistics,United States,3.0,2022-03-21,Referral,,Active
100845,Brackenridge Analytics Systems,Media,Canada,52.0,2021-03-24,Organic Search,,Churned
100846,Orbital Finance Technologies,Logistics,United States,35.0,2021-08-04,Partner,Grace Lin,Active
100847,Brackenridge Partners,Manufacturing,United Kingdom,92.0,2021-05-05,Outbound Sales,Marcus Webb,Churned
100848,Copperfield Retail Corp.,Manufacturing,United States,4.0,2021-10-26,Outbound Sales,Elena Torres,Active
100849,Fernway Finance LLC,SaaS,United States,8.0,2024-08-18,Content/Social,Owen Fitzgerald,Paused
100850,Sable Analytics Solutions,Retail,United States,33.0,2022-04-07,Paid Search,,Active
100851,Anchor LLC,Retail,United States,6.0,2021-11-23,Content/Social,Owen Fitzgerald,Churned
100852,Windward Inc.,Financial Services,India,1.0,2022-03-05,Paid Search,,Active
100853,Fernway Robotics Partners,Education,United Kingdom,,2022-08-22,Organic Search,,Active
100854,Cinder Retail Co.,SaaS,United States,,2021-11-25,Outbound Sales,Mei Chen,Active
100855,Vantage Systems Holdings,Media,United States,17.0,2021-11-14,Organic Search,Devon Wallace,Active
100856,Pinecrest Ventures,Education,Australia,41.0,2022-09-19,Outbound Sales,Leo Castillo,Active
100857,Wrenfield Supply Partners (1),Education,United States,34.0,2021-02-21,Partner,,Active
100858,Thornbury Analytics Technologies,Logistics,United Kingdom,20.0,2022-02-25,Partner,Farah Sultan,Active
100859,Fieldstone Labs,Education,United States,,2022-02-17,Paid Search,Priya Anand,Active
100860,Steadfast Finance Technologies,SaaS,United Kingdom,116.0,2022-12-09,Paid Search,Mei Chen,Active
100861,Sable Health Labs,Media,United Kingdom,6.0,2024-10-06,Paid Search,Nadia Petrov,Active
100862,Pinecrest Analytics Networks,Logistics,United States,55.0,2023-02-10,Referral,,Active
100863,Cascade Cloud Partners,SaaS,United States,4.0,2022-01-02,Paid Search,,Active
100864,Orbital Cloud Technologies,Education,United States,7.0,2021-04-20,Organic Search,Hannah Ostrowski,Churned
100865,Lumen Learning Industries,Financial Services,United States,95.0,2022-04-11,Partner,Devon Wallace,Active
100866,Brackenridge Retail Ventures,Retail,India,,2023-05-20,Content/Social,,Churned
100867,Crestline Systems Labs,Healthcare,United States,15.0,2024-01-02,Partner,Leo Castillo,Active
100868,Lattice Supply Systems,Media,United States,433.0,2023-04-10,Paid Search,,Active
100869,Silverline Learning Ventures,Financial Services,Canada,76.0,2021-05-12,Referral,Owen Fitzgerald,Paused
100870,Brackenridge Group (1),Education,Australia,8.0,2022-10-03,Paid Search,,Active
100871,Fernway Cloud Industries,Media,United States,10.0,2023-09-24,Organic Search,,Active
100872,Fallowmere Data Holdings (1),Financial Services,India,16.0,2022-08-17,Referral,Mei Chen,Active
100873,Aldergate Partners (1),Logistics,United States,,2022-09-24,Content/Social,Priya Anand,Active
100874,Ironclad Collective,Financial Services,India,5.0,2022-01-23,Outbound Sales,Sam O'Rourke,Churned
100875,Brightline Inc.,Logistics,United States,5.0,2022-06-01,Organic Search,,Active
100876,Hollowbrook Data Networks,Retail,Canada,51.0,2021-08-25,Outbound Sales,Priya Anand,Churned
100877,Marrow Labs,Logistics,United States,2.0,2021-02-02,Content/Social,,Churned
100878,Solstice Data Partners,SaaS,United States,6.0,2023-05-25,Paid Search,Sam O'Rourke,Active
100879,Lattice Logic Ventures,Media,Canada,18.0,2024-03-19,Partner,,Active
100880,Redwood Finance Solutions,Manufacturing,United States,19.0,2023-07-23,Paid Search,,Churned
100881,Amberlight Finance Inc.,Education,United States,3.0,2021-09-14,Paid Search,Devon Wallace,Active
100882,Brightline Systems Networks,Logistics,United States,,2021-03-05,Content/Social,Jordan Kim,Active
100883,Summit Collective,Manufacturing,United Kingdom,,2021-07-05,Paid Search,Jordan Kim,Active
100884,Fallowmere Health Ventures (1),Manufacturing,United States,8.0,2023-06-04,Partner,Isaac Brennan,Churned
100885,Brightline Cloud Technologies,Media,united kingdom,174.0,2022-07-23,Paid Search,Grace Lin,Active
100886,Cinder Logic Co.,Media,United States,31.0,2024-07-15,Outbound Sales,Isaac Brennan,Active
100887,Thornbury Logic Systems,Retail,United Kingdom,5.0,2021-09-07,Outbound Sales,Owen Fitzgerald,Active
100888,Crestline Learning Solutions,Media,Germany,165.0,2022-03-04,Content/Social,Isaac Brennan,Active
100889,Brackenridge Cloud Networks,Education,United States,10.0,2023-01-03,Partner,Farah Sultan,Active
100890,Windward Ventures,SaaS,United Kingdom,25.0,2021-06-08,Outbound Sales,Nadia Petrov,Churned
100891,Anchor Labs,Logistics,United States,11.0,2024-07-21,Organic Search,Devon Wallace,Active
100892,Brackenridge Labs,media,United States,45.0,2022-04-25,Paid Search,,Churned
100893,Pinecrest Logic LLC,Logistics,Canada,11.0,2021-01-18,Outbound Sales,Isaac Brennan,Churned
100894,Steadfast Systems Systems,Media,Australia,,2021-01-28,Referral,,Churned
100895,Granite Digital Labs (1),Healthcare,Canada,16.0,2023-09-12,Paid Search,Grace Lin,Active
100896,Ridgeline Industries,Healthcare,Germany,10.0,2022-07-10,Content/Social,,Active
100897,Hollowbrook Co. (1),Healthcare,United States,81.0,2022-12-20,Organic Search,,Churned
100898,Wrenfield Health LLC,Financial Services,United Kingdom,4.0,2023-01-04,Paid Search,Marcus Webb,Active
100899,Clearwater Logic LLC,SaaS,United States,19.0,2021-11-26,Content/Social,,Churned
100900,Overlook Systems Solutions,Manufacturing,South Africa,23.0,2023-02-22,Referral,,Churned
100901,Quarrystone Cloud Technologies,Media,United Kingdom,17.0,2024-02-01,Outbound Sales,Owen Fitzgerald,Churned
100902,Palisade Analytics Industries,Logistics,United States,,2021-05-06,Paid Search,,Active
100903,Tidewater Cloud Inc.,Education,Canada,3.0,2022-12-18,Organic Search,Hannah Ostrowski,Active
100904,Aldergate Learning Systems,Logistics,United Kingdom,,2021-08-21,Outbound Sales,Priya Anand,Active
100905,Amberlight Retail Industries,Retail,Germany,4.0,2021-08-07,Organic Search,,Active
100906,Brightline Logic Holdings,Financial Services,India,10.0,2021-10-21,Outbound Sales,Jordan Kim,Churned
100907,Cinder Logic Partners,Media,Australia,3.0,2023-08-14,Organic Search,Leo Castillo,Active
100908,Windward Media Group,Media,United States,13.0,2021-01-19,Paid Search,Tariq Rahman,Active
100909,Northwind Robotics Co.,Media,United States,9.0,2021-11-12,Paid Search,Jordan Kim,Churned
100910,Brackenridge Learning Collective,Financial Services,India,169.0,2022-08-13,Organic Search,Sam O'Rourke,Active
100911,Crestline Finance Group,SaaS,United States,,2021-03-11,Organic Search,Hannah Ostrowski,Churned
100912,Brightline Works Systems,Media,United States,36.0,2023-02-05,Partner,Elena Torres,Active
100913,Cascade Works LLC,Financial Services,Singapore,5.0,2024-03-06,Referral,,Active
100914,Wildflower Group,Manufacturing,Germany,,2021-03-05,Paid Search,,Active
100915,Clearwater Digital Ventures,Retail,Japan,169.0,2021-04-23,Referral,Farah Sultan,Active
100916,Clearwater Solutions,Logistics,United States,62.0,2024-08-12,Organic Search,,Active
100917,Solstice Robotics Holdings,Healthcare,United States,4.0,2021-05-11,Referral,Priya Anand,Active
100918,Fallowmere Collective,Logistics,Germany,11.0,2021-02-24,Content/Social,Owen Fitzgerald,Active
100919,Ridgeline Health Co.,Manufacturing,United States,23.0,2024-05-25,Outbound Sales,,Active
100920,Bluepeak Retail Partners,Healthcare,United States,9.0,2023-10-07,Outbound Sales,Grace Lin,Active
100921,Vertex Works Labs,Healthcare,United States,541.0,2022-07-10,Organic Search,Priya Anand,Churned
100922,Pinecrest Systems,Logistics,Australia,11.0,2022-03-12,Paid Search,Hannah Ostrowski,Active
100923,Aldergate Media Inc.,Education,United States,19.0,2023-12-24,Partner,Leo Castillo,Active
100924,Crestline Freight Labs,Manufacturing,United States,9.0,2022-07-19,Referral,Priya Anand,Active
100925,Harborview Learning Collective (1),Education,United States,27.0,2022-07-16,Outbound Sales,Isaac Brennan,Paused
100926,Steadfast Data Technologies,Retail,United States,121.0,2023-06-07,Content/Social,Sam O'Rourke,Paused
100927,Wrenfield Supply Ventures,Retail,India,23.0,2022-07-11,Organic Search,,Churned
100928,Basalt Logic Technologies,SaaS,United Kingdom,15.0,2022-01-01,Partner,Hannah Ostrowski,Active
100929,Northwind Data Ventures,Financial Services,United Kingdom,5.0,2021-10-20,Referral,,Churned
100930,Wrenfield Logic Industries,Manufacturing,United States,97.0,2022-01-26,Organic Search,Sam O'Rourke,Churned
100931,Orbital Cloud Collective,Healthcare,United States,17.0,2022-01-23,Paid Search,Mei Chen,Paused
100932,Tidewater Robotics Industries,Retail,United States,16.0,2021-09-09,Outbound Sales,Priya Anand,Churned
100933,Steadfast Systems Co.,Financial Services,Germany,1.0,2021-11-14,Organic Search,,Churned
100934,Fallowmere Cloud Group,Retail,United States,17.0,2023-02-27,Outbound Sales,Leo Castillo,Active
100935,Brackenridge Analytics Technologies,Financial Services,United States,,2021-10-12,Outbound Sales,Owen Fitzgerald,Active
100936,Windward Works Systems,Education,United States,2.0,2021-01-24,Referral,,Churned
100937,Beacon Works Inc,Healthcare,Singapore,73.0,2021-07-17,Referral,,Active
100938,Anchor Cloud Industries,SaaS,Canada,10.0,2021-06-14,Outbound Sales,Grace Lin,Active
100939,Tidewater Logic Industries,SaaS,United States,236.0,2023-02-17,Referral,,Active
100940,Keystone Systems LLC,Financial Services,United Kingdom,126.0,2021-11-07,Content/Social,,Churned
100941,Brackenridge Media Ventures,Retail,United States,8.0,2021-07-12,Paid Search,Elena Torres,Active
100942,Pinecrest Holdings,Media,Canada,119.0,2023-03-09,Content/Social,Owen Fitzgerald,Active
100943,Bluepeak Corp.,Retail,Singapore,163.0,2021-01-22,Paid Search,Marcus Webb,Active
100944,Harborview Learning Partners, SaaS ,India,10.0,2021-05-18,Paid Search,Nadia Petrov,Churned
100945,Keystone Collective,Education,Australia,5.0,2023-05-12,Outbound Sales,,Active
100946,Crestline Co.,Education,United States,1.0,2022-03-24,Paid Search,,Active
100947,Palisade Supply Systems,Manufacturing,USA,33.0,2022-12-13,Organic Search,Priya Anand,Active
100948,Fieldstone Finance Ventures,Retail,United Kingdom,6.0,2023-05-27,Paid Search,Mei Chen,Active
100949,Steadfast Analytics Partners,Manufacturing,India,34.0,2024-03-17,Outbound Sales,Leo Castillo,Active
100950,Anchor Retail LLC,Media,United States,10.0,2021-02-25,Referral,Elena Torres,Paused
100951,Solstice Supply LLC,Education,United States,7.0,2023-02-28,Paid Search,Isaac Brennan,Paused
100952,Brightline Systems Industries,Financial Services,United States,10.0,2022-10-10,Referral,,Active
100953,Fieldstone Works Collective,Financial Services,United States,,2021-05-08,Paid Search,,Churned
100954,Quarrystone Media LLC,Media,Australia,10.0,2024-01-24,Content/Social,,Churned
100955,Vertex Analytics Group,Retail,United States,8.0,2021-10-07,Paid Search,,Active
100956,Tidewater Works Technologies (1),Manufacturing,Canada,20.0,2023-09-22,Referral,,Active
100957,Brackenridge Systems Solutions,Healthcare,United States,23.0,2022-05-05,Referral,,Churned
100958,Steadfast Learning Holdings,Logistics,United Kingdom,5.0,2022-01-25,Referral,Devon Wallace,Active
100959,Wrenfield Networks (1),Retail,germany,84.0,2021-04-20,Content/Social,,Active
100960,Northwind Digital Labs (1),Education,Canada,16.0,2023-12-15,Organic Search,,Active
100961,Northwind Health Group,Financial Services,Canada,142.0,2022-03-13,Partner,Owen Fitzgerald,Churned
100962,Wrenfield Cloud Group,Financial Services,United States,27.0,2021-01-18,Referral,Farah Sultan,Active
100963,Anchor Logic Labs,Financial Services,United States,22.0,2021-01-11,Outbound Sales,Nadia Petrov,Active
100964,Pinecrest Solutions,SaaS,India,11.0,2023-01-12,Organic Search,,Active
100965,Orbital Media Holdings,Media,Canada,45.0,2021-04-06,Organic Search,,Active
100966,Windward Works Systems (1),Education,Canada,21.0,2022-05-05,Paid Search,Hannah Ostrowski,Active
100967,Copperfield Holdings (1),Education,India,61.0,2022-08-25,Paid Search,Nadia Petrov,Active
100968,Sable Holdings,Education,United States,162.0,2021-07-21,Content/Social,,Active
100969,Aldergate Logic Partners,Education,United States,8.0,2022-03-13,Partner,Jordan Kim,Churned
100970,Ironclad Cloud Systems,Education,Germany,,2021-06-24,Organic Search,Tariq Rahman,Churned
100971,Redwood Retail Co.,Financial Services,United Kingdom,,2024-04-18,Referral,Farah Sultan,Active
100972,Ridgeline Ventures,Retail,India,36.0,2023-07-17,Outbound Sales,Leo Castillo,Active
100973,Pinecrest Analytics Corp.,SaaS,United Kingdom,11.0,2021-07-04,Organic Search,,Active
100974,Bluepeak Learning Co.,Education,Germany,12.0,2022-02-16,Referral,Farah Sultan,Active
100975,Anchor Media Technologies,Retail,Australia,9.0,2022-01-04,Outbound Sales,Isaac Brennan,Active
100976,Anchor Media Group,Financial Services,United States,9.0,2024-06-20,Organic Search,Tariq Rahman,Active
100977,Cinder Logic Co. (1),Education,Australia,7.0,2021-10-02,Referral,Mei Chen,Active
100978,Copperfield Digital Corp.,Education,United States,18.0,2022-03-15,Paid Search,,Churned
100979,Driftwood Group,Retail,united states,7.0,2024-01-11,Paid Search,Leo Castillo,Active
100980,Palisade Corp.,Manufacturing,australia,35.0,2021-04-04,Outbound Sales,Nadia Petrov,Churned
100981,Anchor Systems LLC,Logistics,United States,22.0,2022-03-14,Outbound Sales,Hannah Ostrowski,Active
100982,Fernway Finance Systems,Healthcare,United States,25.0,2021-03-06,Content/Social,,Active
100983,Wildflower Data Systems,SaaS,United Kingdom,14.0,2022-06-07,Paid Search,Leo Castillo,Active
100984,Wrenfield Retail Technologies,Education,Japan,22.0,2021-09-25,Outbound Sales,Sam O'Rourke,Active
100985,Fallowmere Cloud Systems,Education,United States,15.0,2024-07-10,Content/Social,,Active
100986,Wildflower Finance Collective,Financial Services,India,55.0,2021-10-12,Outbound Sales,Mei Chen,Churned
100987,Vantage LLC,Education,United States,11.0,2021-04-01,Content/Social,Isaac Brennan,Active
100988,Driftwood Robotics Solutions (1),Media,United States,33.0,2023-05-09,Content/Social,Devon Wallace,Churned
100989,Redwood Freight Holdings (1),Education,India,4.0,2023-04-10,Partner,Elena Torres,Churned
100990,Hollowbrook Data Labs,Media,United Kingdom,51.0,2022-09-21,Content/Social,,Active
100991,Fallowmere Data Systems,Retail,Canada,10.0,2022-11-04,Outbound Sales,Leo Castillo,Churned
100992,Granite Technologies,Healthcare,India,6.0,2021-07-27,Referral,Leo Castillo,Churned
100993,Amberlight Freight Inc.,Education,Brazil,5.0,2022-07-04,Content/Social,,Churned
100994,Copperfield Systems Industries,Healthcare,Canada,4.0,2021-01-19,Partner,Grace Lin,Active
100995,Sable Supply Corp.,Logistics,United States,11.0,2021-05-01,Paid Search,Hannah Ostrowski,Churned
100996,Basalt Retail Co.,Manufacturing,Canada,141.0,2024-01-23,Organic Search,,Churned
100997,Ridgeline Works Ventures,Financial Services,United Kingdom,9.0,2022-11-20,Organic Search,Grace Lin,Churned
100998,Thornbury Media Technologies (1),Media,United States,1.0,2021-06-24,Partner,Mei Chen,Churned
100999,Cascade Retail Holdings,Logistics,United Kingdom,32.0,2021-03-27,Organic Search,Hannah Ostrowski,Active
101000,Thornbury Freight Collective,SaaS,India,5.0,2024-04-24,Organic Search,,Active
101001,Brackenridge Freight Partners,Education,United States,58.0,2021-03-18,Referral,Elena Torres,Churned
101002,Fernway Retail Holdings,Financial Services,United States,12.0,2021-07-24,Paid Search,Nadia Petrov,Active
101003,Copperfield Health Systems,Media,United States,14.0,2021-05-03,Content/Social,,Active
101004,Northwind Supply Systems,Healthcare,United States,95.0,2021-01-19,Referral,Elena Torres,Active
101005,Fieldstone Learning Solutions,Healthcare,Australia,45.0,2021-08-28,Paid Search,Marcus Webb,Active
101006,Fernway Supply Partners,Media,United States,4.0,2024-08-11,Organic Search,Leo Castillo,Active
101007,Bluepeak Health Group,Logistics,Canada,5.0,2021-09-28,Partner,Hannah Ostrowski,Active
101008,Pinecrest Media LLC,Retail,Canada,2.0,2022-01-15,Outbound Sales,Mei Chen,Churned
101009,Lattice Digital Collective,Education,United States,592.0,2022-11-14,Referral,,Active
101010,Driftwood Digital Labs,Media,United States,7.0,2022-03-09,Organic Search,,Churned
101011,Ironclad Cloud Networks,Retail,United States,92.0,2022-11-04,Content/Social,,Churned
101012,Copperfield Logic Technologies,Manufacturing,United States,,2022-08-25,Partner,Mei Chen,Churned
101013,Anchor Retail Technologies,Logistics,United States,5.0,2022-05-21,Outbound Sales,Mei Chen,Active
101014,Summit Learning Group,Media,United States,21.0,2022-07-12,Referral,,Churned
101015,Overlook Supply Corp.,Retail,Canada,13.0,2023-02-27,Content/Social,,Active
101016,Lumen Freight Ventures,Logistics,United Kingdom,57.0,2022-10-06,Outbound Sales,Hannah Ostrowski,Churned
101017,Lumen Supply Partners,Healthcare,United States,,2023-02-22,Referral,,Active
101018,Windward Finance Ventures (1),Financial Services,United States,9.0,2021-04-13,Content/Social,,Active
101019,Meridian Retail Technologies,Healthcare,Australia,3.0,2022-08-18,Content/Social,Nadia Petrov,Active
101020,Silverline Analytics Partners,Manufacturing,United States,4.0,2022-11-02,Outbound Sales,Leo Castillo,Active
101021,Bluepeak Freight Labs,Retail,India,1.0,2021-08-18,Partner,,Active
101022,Quarrystone Freight Group,Manufacturing,United States,14.0,2023-08-20,Referral,Priya Anand,Active
101023,Cobalt Retail Systems (1),SaaS,Germany,20.0,2021-08-28,Referral,,Active
101024,Silverline Systems Labs,Media,United States,5.0,2021-06-10,Paid Search,Grace Lin,Active
101025,Lattice Cloud Ventures (1),Healthcare,United States,4.0,2023-08-03,Referral,,Churned
101026,Crestline Finance Co.,Education,United Kingdom,20.0,2021-06-02,Organic Search,,Active
101027,Quarrystone Digital Solutions,Retail,United States,9.0,2021-10-05,Organic Search,Leo Castillo,Active
101028,Summit Health Group,SaaS,India,,2021-09-09,Content/Social,,Active
101029,Lumen Digital Systems,SaaS,United States,12.0,2023-10-24,Paid Search,,Active
101030,Cascade Retail Industries,Logistics,USA,28.0,2021-11-06,Partner,Priya Anand,Active
101031,Silverline Corp.,Retail,United States,10.0,2022-09-05,Organic Search,Elena Torres,Churned
101032,Lumen Analytics Group,SaaS,United Kingdom,11.0,2023-02-01,Paid Search,,Churned
101033,Catalyst Health LLC,Education,Australia,2.0,2022-06-11,Paid Search,Jordan Kim,Paused
101034,Nimbus Retail Industries,Logistics,United States,19.0,2024-03-17,Referral,Grace Lin,Churned
101035,Harborview Partners,SaaS,Australia,23.0,2023-03-08,Referral,Grace Lin,Active
101036,Basalt Digital Labs,Healthcare,Canada,16.0,2021-10-14,Organic Search,Devon Wallace,Active
101037,Thornbury Cloud Collective,Education,United States,241.0,2024-05-07,Outbound Sales,Jordan Kim,Active
101038,Pinecrest Finance Holdings,Financial Services,United States,,2022-01-23,Referral,Devon Wallace,Active
101039,Sable Data Collective,Retail,United States,,2021-01-01,Paid Search,Priya Anand,Active
101040,Ridgeline Systems,Logistics,United States,38.0,2021-07-06,Organic Search,Nadia Petrov,Active
101041,Hollowbrook Retail Collective,Healthcare,India,313.0,2022-06-16,Paid Search,,Active
101042,Quarrystone Systems,Manufacturing,United States,28.0,2021-04-24,Paid Search,,Active
101043,Windward Health Co.,Financial Services,United States,,2022-04-12,Paid Search,Elena Torres,Active
101044,Thornbury Cloud Industries,Education,India,35.0,2021-09-02,Outbound Sales,Grace Lin,Active
101045,Nimbus Robotics Systems,Logistics,United States,6.0,2022-02-16,Outbound Sales,Sam O'Rourke,Active
101046,Amberlight Finance Systems,Healthcare,Australia,2.0,2021-01-08,Content/Social,,Active
101047,Clearwater Finance Labs,Media,United Kingdom,183.0,2023-06-09,Partner,Farah Sultan,Active
101048,Thornbury Learning Holdings,Healthcare,United States,138.0,2021-09-26,Referral,Elena Torres,Churned
101049,Quarrystone LLC,Healthcare,United States,6.0,2021-04-27,Organic Search,,Active
101050,Palisade Digital Group,SaaS,United States,6.0,2021-11-08,Paid Search,Hannah Ostrowski,Churned
101051,Windward Cloud Ventures,Healthcare,South Africa,25.0,2021-12-17,Outbound Sales,Marcus Webb,Active
101052,Thornbury Industries,Education,United States,6.0,2022-06-16,Organic Search,,Active
101053,Tidewater Logic Collective,Manufacturing,Australia,17.0,2022-01-27,Organic Search,Grace Lin,Active
101054,Lumen Analytics LLC,Financial Services,Netherlands,8.0,2021-01-27,Content/Social,Tariq Rahman,Churned
101055,Clearwater Supply Technologies,Healthcare,United States,12.0,2023-08-10,Paid Search,,Active
101056,Quarrystone Robotics Holdings,Retail,India,3.0,2021-11-01,Paid Search,,Active
101057,Wrenfield Retail Partners,Logistics,United Kingdom,59.0,2021-02-01,Content/Social,Marcus Webb,Active
101058,Fallowmere Robotics Holdings,Financial Services,United States,96.0,2022-12-01,Organic Search,,Churned
101059,Beacon Works Group,Healthcare,Netherlands,,2022-07-22,Organic Search,,Churned
101060,Redwood Works Corp.,Logistics,United States,19.0,2022-07-21,Paid Search,,Active
101061,Northwind Media Networks,Manufacturing,Australia,46.0,2021-11-24,Organic Search,Sam O'Rourke,Churned
101062,Thornbury Retail Inc.,Media,United Kingdom,20.0,2021-10-04,Content/Social,,Active
101063,Quarrystone Data Industries,Financial Services,United States,190.0,2022-02-02,Outbound Sales,Elena Torres,Active
101064,Cinder Works Corp.,Financial Services,United States,,2021-02-05,Referral,,Active
101065,Lumen Digital Ventures,Manufacturing,United States,62.0,2021-08-18,Organic Search,Nadia Petrov,Active
101066,Brackenridge Digital Collective,Logistics,United States,,2024-10-01,Organic Search,,Active
101067,Basalt Supply Group,Media,India,5.0,2022-08-19,Outbound Sales,Sam O'Rourke,Churned
101068,Beacon Freight Networks,Financial Services,United States,,2021-10-25,Organic Search,Sam O'Rourke,Active
101069,Copperfield Retail Solutions,Education,Brazil,446.0,2021-06-05,Paid Search,Grace Lin,Active
101070,Brackenridge Digital Partners,Healthcare,United States,15.0,2022-11-21,Outbound Sales,Marcus Webb,Active
101071,Brackenridge Robotics Solutions,Financial Services,United States,36.0,2021-07-16,Content/Social,,Active
101072,Nimbus Retail Networks,Financial Services,United States,,2021-04-27,Content/Social,Priya Anand,Active
101073,Vantage Freight Solutions,SaaS,United States,13.0,2021-04-07,Partner,Jordan Kim,Active
101074,Thornbury Supply Holdings,Media,United Kingdom,5.0,2022-10-07,Referral,,Churned
101075,Thornbury Robotics Partners,RETAIL,United States,4.0,2022-07-01,Partner,Isaac Brennan,Churned
101076,Driftwood Ventures (1),Healthcare,United Kingdom,221.0,2021-02-20,Content/Social,Marcus Webb,Churned
101077,Crestline Freight Inc.,Healthcare,United Kingdom,19.0,2021-03-25,Paid Search,,Active
101078,Brightline Robotics Partners (2),Retail,United States,21.0,2022-06-01,Organic Search,,Active
101079,Fallowmere Inc. (1),Financial Services,United States,7.0,2022-03-14,Paid Search,Marcus Webb,Active
101080,Crestline Works Collective,Logistics,United States,26.0,2022-09-21,Content/Social,,Active
101081,Wildflower Supply Ventures,Healthcare,United States,3.0,2021-05-22,Content/Social,Mei Chen,Active
101082,Thornbury Cloud Group,Manufacturing,India,7.0,2022-10-27,Partner,,Active
101083,Steadfast Health Corp.,Manufacturing,United States,4.0,2024-02-21,Organic Search,,Active
101084,Meridian Health Solutions,Media,United States,108.0,2022-05-26,Content/Social,Hannah Ostrowski,Active
101085,Anchor Works Group,Education,United States,2.0,2021-05-28,Paid Search,Farah Sultan,Churned
101086,Brightline Retail Co.,Manufacturing,United States,4.0,2022-08-26,Paid Search,Farah Sultan,Active
101087,Amberlight Supply Ventures,Media,Germany,1.0,2021-09-13,Outbound Sales,Grace Lin,Active
101088,Orbital Media Corp.,Manufacturing,Canada,6.0,2021-01-12,Partner,Mei Chen,Active
101089,Marrow Logic Networks,Education,India,11.0,2021-08-12,Content/Social,,Active
101090,Lumen Retail Holdings,SaaS,United States,72.0,2023-11-27,Organic Search,Tariq Rahman,Churned
101091,Clearwater Digital Collective,Education,United States,15.0,2021-10-08,Organic Search,Hannah Ostrowski,Active
101092,Cobalt Digital Networks,Media,United States,,2023-08-22,Referral,Hannah Ostrowski,Active
101093,Driftwood Cloud Corp.,Healthcare,Canada,30.0,2022-01-18,Paid Search,,Active
101094,Brackenridge Cloud Co.,Retail,United States,11.0,2022-01-02,Content/Social,Grace Lin,Active
101095,Amberlight Logic Solutions,Education,United States,,2021-01-14,Organic Search,,Churned
101096,Lumen Works Co.,Retail,United Kingdom,9.0,2022-06-06,Paid Search,Hannah Ostrowski,Active
101097,Amberlight Digital Technologies,Manufacturing,India,34.0,2021-03-21,Organic Search,,Active
101098,Anchor Systems Solutions,Logistics,United States,59.0,2021-12-13,Outbound Sales,,Active
101099,Basalt Learning Ventures,Financial Services,United States,9.0,2021-07-10,Content/Social,Leo Castillo,Active
101100,Ridgeline Digital Holdings,SaaS,Germany,25.0,2021-10-02,Paid Search,,Churned
101101,Catalyst Logic Solutions,Healthcare,United States,10.0,2022-02-04,Paid Search,,Active
101102,Catalyst Logic Inc.,SaaS,Singapore,29.0,2021-01-22,Content/Social,,Churned
101103,Aldergate Learning Co.,Financial Services,United States,,2021-07-25,Referral,Farah Sultan,Paused
101104,Wrenfield Digital Co.,Healthcare,Germany,17.0,2024-11-09,Organic Search,,Active
101105,Halcyon Media Partners,Media,Germany,4.0,2021-02-24,Paid Search,Elena Torres,Active
101106,Silverline Data LLC,Media,United States,227.0,2021-08-16,Content/Social,Priya Anand,Active
101107,Lumen Systems Holdings,Financial Services,Canada,,2021-08-10,Outbound Sales,Grace Lin,Active
101108,Vantage Systems Group,Logistics,United States,3.0,2021-10-13,Paid Search,Farah Sultan,Active
101109,Crestline Retail Collective,Financial Services,United States,12.0,2022-09-20,Paid Search,,Churned
101110,Hollowbrook Solutions,SaaS,United States,3.0,2021-06-26,Paid Search,Sam O'Rourke,Active
101111,Halcyon Cloud Solutions,Logistics,United Kingdom,54.0,2021-12-14,Organic Search,,Active
101112,Orbital Data Ventures,Financial Services,United States,20.0,2022-07-10,Paid Search,Priya Anand,Churned
101113,Tidewater Learning Technologies,Logistics,United States,20.0,2021-08-22,Organic Search,,Active
101114,Solstice Media Labs,Manufacturing,Brazil,7.0,2024-04-15,Paid Search,,Active
101115,Lattice Robotics LLC,Logistics,Australia,13.0,2024-09-11,Organic Search,Jordan Kim,Active
101116,Bluepeak Systems Group (1), Manufacturing ,United States,56.0,2021-03-13,Referral,Elena Torres,Active
101117,Wrenfield Cloud Industries,Education,United States,79.0,2021-09-15,Referral,,Active
101118,Brackenridge Retail Inc.,RETAIL,United States,60.0,2021-05-04,Partner,Leo Castillo,Active
101119,Tidewater Works Systems,Healthcare,United States,,2021-05-02,Organic Search,,Churned
101120,Fallowmere Supply Inc.,Healthcare,Germany,,2021-12-19,Content/Social,,Churned
101121,Quarrystone Logic Corp.,Healthcare,Japan,28.0,2022-03-05,Content/Social,Isaac Brennan,Active
101122,Ridgeline Analytics Co.,Education,United States,8.0,2021-11-15,Content/Social,Marcus Webb,Active
101123,Ironclad Solutions,Media,United States,2.0,2021-07-22,Paid Search,Priya Anand,Active
101124,Harborview Learning Industries,SaaS,United States,4.0,2021-07-07,Organic Search,,Paused
101125,Wildflower Learning Labs,Education,United States,141.0,2024-11-11,Outbound Sales,Hannah Ostrowski,Active
101126,Halcyon Retail Ventures,Media,United States,,2023-12-28,Paid Search,Nadia Petrov,Churned
101127,Windward Collective,Financial Services,United States,21.0,2021-02-01,Paid Search,Farah Sultan,Active
101128,Windward Digital Corp.,Healthcare,United States,,2022-07-22,Paid Search,Farah Sultan,Active
101129,Driftwood Analytics Industries,Financial Services,United States,16.0,2021-11-05,Outbound Sales,Elena Torres,Active
101130,Silverline Learning Corp.,Media,Canada,13.0,2022-09-26,Partner,,Churned
101131,Anchor Health Corp.,Logistics,India,,2022-05-12,Organic Search,Isaac Brennan,Churned
101132,Fieldstone Inc.,Manufacturing,United States,21.0,2023-10-01,Content/Social,Owen Fitzgerald,Active
101133,Driftwood Systems Collective,Financial Services,United States,9.0,2021-02-21,Partner,Nadia Petrov,Active
101134,Meridian Partners,Manufacturing,Canada,,2021-09-05,Paid Search,Nadia Petrov,Churned
101135,Cascade Health Holdings,Manufacturing,United States,4.0,2024-10-11,Organic Search,Isaac Brennan,Churned
101136,Sable Finance LLC,Media,Australia,37.0,2021-05-15,Paid Search,,Active
101137,Fallowmere Works LLC,Retail,United States,8.0,2021-03-21,Content/Social,,Active
101138,Fernway Retail Holdings (1),SaaS,Germany,9.0,2022-10-12,Partner,,Active
101139,Tidewater Cloud Technologies,Healthcare,United States,39.0,2023-01-25,Outbound Sales,Marcus Webb,Active
101140,Wildflower Systems Holdings,Healthcare,Canada,12.0,2022-08-14,Outbound Sales,Leo Castillo,Active
101141,Steadfast Robotics Networks,Education,United States,13.0,2023-01-10,Organic Search,Grace Lin,Active
101142,Granite Corp.,Education,Canada,92.0,2022-09-10,Content/Social,,Churned
101143,Harborview Digital Corp. (1),Logistics,United Kingdom,6.0,2021-04-23,Content/Social,,Active
101144,Crestline Health Solutions,Media,United States,38.0,2022-05-19,Outbound Sales,Marcus Webb,Active
101145,Hollowbrook Analytics Holdings,Retail,Canada,69.0,2023-01-04,Referral,Marcus Webb,Active
101146,Wrenfield Systems Networks,Media,United States,92.0,2023-08-22,Paid Search,Tariq Rahman,Churned
101147,Vertex Finance Solutions,Media,United States,340.0,2021-06-12,Paid Search,Hannah Ostrowski,Active
101148,Basalt Freight Technologies,Financial Services,United States,9.0,2021-03-10,Paid Search,Farah Sultan,Active
101149,Brightline Robotics Systems,SaaS,India,6.0,2023-01-03,Referral,,Active
101150,Amberlight Data Co.,Media,Australia,,2021-07-28,Partner,Owen Fitzgerald,Churned
101151,Cascade Systems Ventures (1),Retail,United States,68.0,2021-01-02,Content/Social,,Active
101152,Lattice Data Ventures,Retail,India,7.0,2023-04-28,Paid Search,Marcus Webb,Active
101153,Steadfast Retail Networks,Financial Services,Germany,38.0,2022-01-02,Organic Search,Jordan Kim,Active
101154,Tidewater Data Partners,SaaS,India,693.0,2021-08-15,Paid Search,Elena Torres,Active
101155,Lattice Learning Solutions,FINANCIAL SERVICES,United States,23.0,2021-01-03,Content/Social,,Active
101156,Orbital Solutions,RETAIL,United States,67.0,2021-01-14,Partner,Mei Chen,Active
101157,Lattice Supply Collective,SaaS,United States,156.0,2023-02-24,Referral,Nadia Petrov,Active
101158,Beacon Works Labs,Logistics,United States,521.0,2021-12-17,Referral,Sam O'Rourke,Churned
101159,Orbital Retail Corp.,Healthcare,United States,28.0,2021-04-16,Referral,,Churned
101160,Windward Digital Corp. (1),Education,Canada,102.0,2021-09-04,Organic Search,Priya Anand,Active
101161,Redwood Retail Inc.,Media,United Kingdom,7.0,2021-04-27,Paid Search,,Churned
101162,Cascade Co.,Financial Services,United Kingdom,21.0,2021-03-11,Organic Search,Elena Torres,Active
101163,Palisade Cloud Holdings,Healthcare,United States,,2021-07-16,Organic Search,,Churned
101164,Pinecrest Supply Collective,Manufacturing,United States,2.0,2022-02-26,Referral,,Active
101165,Orbital Cloud Systems,Manufacturing,Canada,,2021-05-18,Organic Search,,Active
101166,Bluepeak Finance Inc.,SaaS,United States,35.0,2021-09-21,Outbound Sales,Jordan Kim,Active
101167,Sable Analytics Solutions (1),Media,Germany,36.0,2021-12-06,Referral,Nadia Petrov,Active
101168,Nimbus Ventures,SaaS,United States,5.0,2021-11-13,Referral,Isaac Brennan,Active
101169,Copperfield Cloud Partners,Manufacturing,United States,152.0,2021-03-16,Content/Social,Isaac Brennan,Churned
101170,Brackenridge Robotics LLC,SaaS,India,5.0,2021-01-05,Organic Search,Hannah Ostrowski,Active
101171,Meridian Digital Networks,SaaS,India,28.0,2021-01-11,Outbound Sales,Nadia Petrov,Active
101172,Lumen Industries,SaaS,United States,12.0,2021-09-24,Paid Search,Jordan Kim,Active
101173,Wrenfield Systems Technologies,Manufacturing,India,23.0,2022-10-27,Outbound Sales,Elena Torres,Active
101174,Quarrystone Works Technologies,Financial Services,United States,65.0,2021-04-24,Referral,Hannah Ostrowski,Active
101175,Crestline Logic LLC,Education,United States,54.0,2023-01-27,Paid Search,Isaac Brennan,Active
101176,Anchor Logic Partners,Healthcare,United States,50.0,2022-10-28,Paid Search,Mei Chen,Active
101177,Cobalt Cloud Networks,SaaS,United Kingdom,43.0,2021-01-06,Outbound Sales,Mei Chen,Active
101178,Solstice Cloud Inc.,Media,India,4.0,2021-01-24,Outbound Sales,,Churned
101179,Bluepeak Learning Ventures,Media,United States,88.0,2021-05-18,Outbound Sales,Grace Lin,Active
101180,Driftwood Robotics LLC (1),Media,Canada,,2021-02-25,Referral,Priya Anand,Active
101181,Thornbury Data Holdings,SaaS,India,17.0,2022-02-18,Outbound Sales,Mei Chen,Churned
101182,Clearwater Technologies,Logistics,United States,13.0,2021-01-04,Referral,Hannah Ostrowski,Active
101183,Ridgeline Retail Systems,Education,United States,32.0,2023-03-16,Organic Search,Mei Chen,Active
101184,Wrenfield Freight Co.,Retail,United States,11.0,2021-12-22,Referral,,Active
101185,Fieldstone Freight Partners,Retail,United States,16.0,2022-10-04,Referral,,Churned
101186,Lumen Finance LLC,Education,Brazil,165.0,2022-11-15,Partner,Sam O'Rourke,Churned
101187,Lumen Retail Corp.,Education,Canada,4.0,2022-01-19,Referral,Devon Wallace,Active
101188,Windward Digital Co.,SaaS,United States,20.0,2024-01-13,Referral,Mei Chen,Churned
101189,Meridian Supply Solutions,Financial Services,United States,5.0,2024-11-23,Content/Social,Farah Sultan,Active
101190,Windward Industries,Retail,United States,,2021-09-04,Content/Social,,Active
101191,Summit Industries,Logistics,United States,8.0,2021-03-10,Organic Search,,Churned
101192,Sable Collective (1),education,United States,21.0,2021-09-27,Content/Social,,Churned
101193,Cobalt Corp.,Healthcare,United States,4.0,2021-06-15,Paid Search,,Churned
101194,Crestline Analytics Corp.,Financial Services,United States,108.0,2022-02-06,Partner,,Active
101195,Crestline Finance Industries,media,United States,22.0,2021-09-04,Paid Search,,Active
101196,Sable LLC,Manufacturing,United States,,2021-12-17,Referral,,Active
101197,Beacon Labs (1),Financial Services,United States,59.0,2022-12-27,Content/Social,,Churned
101198,Silverline Analytics Partners (1),Media,United States,4.0,2021-07-02,Paid Search,Mei Chen,Churned
101199,Keystone Analytics Holdings, Education ,United States,9.0,2022-02-04,Partner,Grace Lin,Active
101200,Fieldstone Robotics Group,SaaS,United States,25.0,2021-09-11,Referral,Nadia Petrov,Active
101201,Ridgeline Group,Manufacturing,United States,2.0,2023-01-06,Paid Search,,Active
101202,Summit Freight Holdings,Logistics,Singapore,,2022-07-04,Content/Social,Jordan Kim,Active
101203,Cinder Robotics Industries,Media,United States,7.0,2021-01-09,Referral,,Churned
101204,Hollowbrook Cloud Corp.,SaaS,United Kingdom,5.0,2022-07-18,Content/Social,,Churned
101205,Fieldstone Data Co.,Logistics,United States,13.0,2021-04-24,Content/Social,,Churned
101206,Vantage Cloud Networks,Logistics,United States,40.0,2022-10-09,Paid Search,Elena Torres,Churned
101207,Redwood Analytics Co.,Retail,United States,53.0,2022-03-20,Organic Search,Elena Torres,Paused
101208,Quarrystone Supply Corp.,Manufacturing,india,211.0,2021-10-24,Organic Search,,Active
101209,Redwood Ventures,Media,France,20.0,2022-09-01,Referral,,Active
101210,Amberlight Learning Inc.,SaaS,United States,,2023-07-24,Paid Search,Devon Wallace,Churned
101211,Thornbury Systems,Media,USA,19.0,2023-01-06,Organic Search,Nadia Petrov,Active
101212,Keystone Finance LLC,Financial Services,Canada,30.0,2022-02-20,Partner,Isaac Brennan,Churned
101213,Hollowbrook Freight Collective,Healthcare,United States,34.0,2022-10-22,Paid Search,,Active
101214,Wrenfield Finance Networks,Healthcare,United States,67.0,2021-10-24,Outbound Sales,Hannah Ostrowski,Active
101215,Orbital Media Holdings (1),Education,Canada,66.0,2023-01-12,Referral,,Active
101216,Fallowmere Supply LLC,Media,United States,39.0,2023-05-19,Paid Search,,Active
101217,Cobalt Retail Systems (2),Media,United Kingdom,143.0,2021-04-01,Paid Search,Devon Wallace,Active
101218,Cinder Finance Systems,Retail,United States,21.0,2021-06-13,Paid Search,,Churned
101219,Wrenfield Health Systems,Media,United States,9.0,2021-07-27,Outbound Sales,Marcus Webb,Churned
101220,Keystone Finance Networks,Media,Japan,11.0,2021-04-05,Paid Search,Isaac Brennan,Churned
101221,Brackenridge Learning Co.,SaaS,United States,18.0,2021-10-05,Partner,Jordan Kim,Active
101222,Fernway Works Co.,Healthcare,United States,5.0,2021-05-20,Partner,Elena Torres,Churned
101223,Crestline Logic LLC (1),SaaS,United States,9.0,2022-05-15,Paid Search,,Active
101224,Fernway Data Holdings,Logistics,United States,5.0,2021-03-13,Content/Social,Nadia Petrov,Active
101225,Vantage Health Corp.,Financial Services,United States,31.0,2021-07-07,Content/Social,Mei Chen,Active
101226,Orbital Supply Industries (1),Healthcare,United States,32.0,2022-08-05,Paid Search,Elena Torres,Churned
101227,Vertex Works Labs (1),Logistics,United States,2.0,2021-10-21,Content/Social,Priya Anand,Active
101228,Brackenridge Logic LLC (1),Manufacturing,United States,9.0,2021-11-11,Organic Search,Owen Fitzgerald,Churned
101229,Aldergate Group,Logistics,Canada,215.0,2023-02-22,Outbound Sales,Tariq Rahman,Active
101230,Clearwater Media Group,Media,United States,46.0,2024-10-13,Paid Search,Tariq Rahman,Active
101231,Summit Retail Holdings,Logistics,Germany,36.0,2022-03-12,Partner,Tariq Rahman,Active
101232,Harborview Retail Technologies,Retail,United States,8.0,2021-02-07,Partner,Farah Sultan,Active
101233,Lattice Logic Solutions,Retail,United States,29.0,2021-03-19,Content/Social,Marcus Webb,Active
101234,Silverline Networks (1),SaaS,Germany,20.0,2024-07-08,Content/Social,,Active
101235,Wildflower Logic Corp.,Healthcare,Canada,7.0,2022-08-26,Paid Search,Mei Chen,Churned
101236,Granite Partners,Education,United States,,2022-11-12,Outbound Sales,Leo Castillo,Active
101237,Fallowmere Systems Solutions,Education,United States,11.0,2022-08-23,Organic Search,,Active
101238,Driftwood Analytics Partners,Manufacturing,Canada,3.0,2021-05-14,Paid Search,Hannah Ostrowski,Active
101239,Silverline Freight Solutions,Manufacturing,United States,4.0,2021-11-12,Paid Search,,Active
101240,Ridgeline Robotics Corp.,Media,United States,15.0,2023-02-13,Content/Social,,Active
101241,Fallowmere Data Networks (1),Education,United States,7.0,2023-08-13,Outbound Sales,Priya Anand,Active
101242,Ironclad Learning Partners,Healthcare,Canada,14.0,2021-06-14,Paid Search,,Churned
101243,Ridgeline Freight Ventures (1),Financial Services,United Kingdom,,2022-05-25,Content/Social,Farah Sultan,Active
101244,Clearwater Technologies (1),Media,United States,57.0,2021-04-20,Partner,Jordan Kim,Active
101245,Crestline Health Systems,Media,Japan,300.0,2024-06-01,Organic Search,,Active
101246,Cinder Systems Solutions,Logistics,United States,76.0,2021-07-02,Referral,Isaac Brennan,Active
101247,Harborview Co.,Education,Canada,87.0,2022-10-01,Outbound Sales,Priya Anand,Churned
101248,Silverline Co.,Media,United States,45.0,2021-06-20,Outbound Sales,Farah Sultan,Active
101249,Fallowmere Collective (1),Financial Services,India,28.0,2022-05-06,Referral,Grace Lin,Active
101250,Fernway Systems Networks,SaaS,United States,22.0,2022-07-11,Referral,Sam O'Rourke,Active
101251,Catalyst Data Technologies,Manufacturing,United States,6.0,2021-08-24,Paid Search,,Active
101252,Ridgeline Learning LLC,SaaS,United States,49.0,2023-04-04,Referral,Tariq Rahman,Churned
101253,Brightline Works Systems (1),Manufacturing,australia,46.0,2023-09-05,Organic Search,,Active
101254,Brightline Media Co.,Logistics,United States,,2023-07-03,Organic Search,Elena Torres,Active
101255,Clearwater Freight Corp.,SaaS,United States,40.0,2021-08-08,Organic Search,,Active
101256,Copperfield Health Co.,Manufacturing,United States,8.0,2022-11-03,Outbound Sales,,Churned
101257,Summit Learning LLC,Media,United Kingdom,9.0,2022-03-18,Referral,,Churned
101258,Vantage Works Systems,Manufacturing,India,55.0,2022-04-21,Referral,Sam O'Rourke,Active
101259,Halcyon Co. (2),Manufacturing,United States,35.0,2021-12-06,Paid Search,,Active
101260,Northwind Digital LLC,Logistics,United States,15.0,2022-05-15,Content/Social,,Active
101261,Lattice Labs,Media,India,,2021-04-09,Organic Search,Nadia Petrov,Churned
101262,Lumen Data Networks,SaaS,United States,25.0,2021-10-03,Organic Search,,Paused
101263,Harborview Logic Group,Media,United States,,2021-05-14,Paid Search,,Active
101264,Silverline Media Collective (1),Media,United States,7.0,2021-07-20,Outbound Sales,Tariq Rahman,Active
101265,Catalyst Freight Inc.,Retail,United States,4.0,2021-03-07,Referral,Owen Fitzgerald,Active
101266,Nimbus Data Collective,Manufacturing,Japan,20.0,2021-06-23,Organic Search,Isaac Brennan,Active
101267,Fernway Systems Inc.,Media,United Kingdom,83.0,2023-01-28,Content/Social,,Churned
101268,Vertex LLC (1),Media,United States,37.0,2022-02-02,Partner,Tariq Rahman,Churned
101269,Meridian Learning Holdings,Media,Canada,10.0,2021-01-05,Referral,Nadia Petrov,Active
101270,Redwood Finance Industries,Media,United States,,2023-01-09,Referral,Devon Wallace,Active
101271,Fieldstone Health LLC,SaaS,Singapore,8.0,2023-11-24,Content/Social,Elena Torres,Active
101272,Fieldstone Systems Holdings,Financial Services,United States,270.0,2023-09-04,Content/Social,Owen Fitzgerald,Churned
101273,Overlook Logic Inc.,Retail,Germany,22.0,2023-04-14,Outbound Sales,Priya Anand,Active
101274,Keystone Works Labs,SaaS,Australia,26.0,2024-11-16,Partner,Priya Anand,Paused
101275,Basalt Health Labs,Healthcare,Australia,1.0,2022-04-04,Content/Social,Isaac Brennan,Active
101276,Marrow Logic Collective,Logistics,United States,,2024-06-02,Content/Social,,Active
101277,Crestline Systems Holdings,Education,Canada,19.0,2024-04-04,Paid Search,,Active
101278,Meridian Supply Group,Media,India,11.0,2021-08-02,Content/Social,,Active
101279,Fernway Networks,Education,United States,,2023-08-15,Outbound Sales,Owen Fitzgerald,Active
101280,Tidewater Finance Labs,Healthcare,United States,23.0,2023-02-27,Referral,Nadia Petrov,Active
101281,Harborview Systems,Financial Services,United Kingdom,44.0,2023-01-10,Organic Search,,Active
101282,Thornbury Health Corp.,Logistics,Germany,2.0,2023-10-08,Organic Search,Isaac Brennan,Active
101283,Redwood Supply Inc.,Healthcare,Canada,5.0,2021-10-07,Partner,Owen Fitzgerald,Active
101284,Ironclad Health Systems,Healthcare,United States,,2021-10-28,Outbound Sales,Jordan Kim,Active
101285,Palisade Health Inc.,Media,United Kingdom,9.0,2022-07-27,Paid Search,,Active
101286,Summit Retail Labs, Healthcare ,United States,13.0,2022-11-19,Outbound Sales,Owen Fitzgerald,Paused
101287,Sable Digital Holdings,Logistics,United States,23.0,2023-09-13,Paid Search,Farah Sultan,Active
101288,Ridgeline Supply Systems,Logistics,canada,8.0,2023-09-05,Referral,,Churned
101289,Copperfield Works Industries,SaaS,United Kingdom,,2022-10-27,Referral,Isaac Brennan,Churned
101290,Northwind Cloud Ventures,Manufacturing,Canada,41.0,2024-06-01,Outbound Sales,Hannah Ostrowski,Active
101291,Amberlight Media Holdings,SaaS,United States,22.0,2021-05-05,Paid Search,Isaac Brennan,Active
101292,Marrow Digital Group,Logistics,United States,51.0,2024-04-20,Paid Search,,Active
101293,Northwind Solutions,SaaS,India,,2021-02-06,Organic Search,,Active
101294,Brightline Finance Group (1),Logistics,United States,9.0,2022-03-04,Outbound Sales,Isaac Brennan,Churned
101295,Clearwater Cloud Group,Media,South Africa,,2021-02-17,Content/Social,,Churned
101296,Bluepeak Systems Labs (1),Education,Germany,7.0,2022-03-01,Partner,Priya Anand,Active
101297,Wrenfield Retail Solutions,Retail,Australia,5.0,2021-10-08,Partner,Jordan Kim,Active
101298,Hollowbrook Systems,Healthcare,Australia,17.0,2021-02-18,Organic Search,Marcus Webb,Churned
101299,Nimbus Analytics Collective,Financial Services,United States,20.0,2022-07-06,Paid Search,Mei Chen,Churned
101300,Wildflower Systems,Media,United States,10.0,2022-11-22,Content/Social,,Active
101301,Nimbus Corp. (1),Logistics,Canada,221.0,2021-05-03,Referral,Tariq Rahman,Active
101302,Palisade Group (1),Education,United States,29.0,2022-09-18,Paid Search,,Active
101303,Basalt Digital Networks (1),Retail,Canada,6.0,2021-05-03,Referral,,Active
101304,Anchor Learning Corp.,Education,United States,3.0,2021-04-21,Outbound Sales,Sam O'Rourke,Active
101305,Cobalt Cloud Ventures,Media,Australia,34.0,2021-04-22,Organic Search,Leo Castillo,Active
101306,Cobalt Media Networks,Education,United States,6.0,2022-05-23,Paid Search,Mei Chen,Active
101307,Hollowbrook Finance Co.,Logistics,Canada,330.0,2023-01-08,Outbound Sales,Elena Torres,Churned
101308,Ridgeline Robotics Systems,SaaS,United States,35.0,2022-05-07,Paid Search,,Active
101309,Meridian Media Corp.,Education,United Kingdom,42.0,2023-03-28,Referral,,Active
101310,Palisade Cloud Industries,SaaS,Germany,28.0,2022-04-21,Partner,Isaac Brennan,Active
101311,Driftwood Works Ventures,Education,United States,86.0,2023-02-06,Content/Social,Isaac Brennan,Active
101312,Orbital Finance Industries,Education,United States,1.0,2024-09-01,Organic Search,,Active
101313,Wildflower Learning Technologies,Healthcare,United States,4.0,2021-10-10,Paid Search,,Active
101314,Wrenfield LLC,Media,United Kingdom,,2021-04-19,Referral,Owen Fitzgerald,Active
101315,Driftwood Data Partners,Logistics,United Kingdom,141.0,2021-04-11,Organic Search,Grace Lin,Active
101316,Brackenridge Works Partners,Financial Services,United Kingdom,4.0,2022-05-23,Content/Social,Farah Sultan,Active
101317,Crestline Supply Co.,Financial Services,United States,2.0,2022-02-15,Outbound Sales,Grace Lin,Active
101318,Fernway Systems,Retail,United States,25.0,2021-05-28,Organic Search,,Active
101319,Driftwood Cloud Solutions,SaaS,Australia,38.0,2023-09-25,Partner,Priya Anand,Active
101320,Aldergate Holdings,financial services,India,24.0,2024-05-14,Organic Search,,Active
101321,Pinecrest Works Ventures,Financial Services,United States,19.0,2021-07-24,Referral,,Churned
101322,Windward Digital Labs,Media,United States,2.0,2021-05-13,Content/Social,,Churned
101323,Hollowbrook Finance Collective,Media,United States,12.0,2021-06-01,Paid Search,,Active
101324,Bluepeak Digital LLC (1),SaaS,Canada,15.0,2021-10-09,Organic Search,Mei Chen,Churned
101325,Marrow Media Networks,Retail,India,,2023-07-12,Content/Social,Isaac Brennan,Active
101326,Keystone Logic Co.,Education,United Kingdom,2.0,2022-05-28,Referral,Nadia Petrov,Active
101327,Solstice Freight Industries (1),Financial Services,United Kingdom,43.0,2021-02-24,Organic Search,,Active
101328,Halcyon Health Technologies,Manufacturing,Australia,,2021-12-05,Paid Search,,Active
101329,Cobalt Retail Systems (3),Healthcare,United States,7.0,2021-02-01,Organic Search,,Churned
101330,Lattice Supply Group,Financial Services,United States,16.0,2021-10-15,Referral,,Active
101331,Beacon Learning Partners,Financial Services,United States,11.0,2021-10-15,Organic Search,Grace Lin,Active
101332,Vertex Industries (1),Education,Japan,11.0,2022-07-21,Organic Search,,Active
101333,Orbital Analytics Ventures,SaaS,United Kingdom,38.0,2022-02-08,Organic Search,Priya Anand,Churned
101334,Vertex Finance Ventures,logistics,United States,39.0,2023-08-23,Outbound Sales,Farah Sultan,Active
101335,Aldergate Digital Holdings (1),Healthcare,Canada,81.0,2021-01-12,Content/Social,,Churned
101336,Anchor Logic Partners (1),Retail,United States,,2022-12-10,Outbound Sales,Nadia Petrov,Active
101337,Overlook Freight Systems,Manufacturing,United States,16.0,2021-01-12,Outbound Sales,Mei Chen,Paused
101338,Beacon Logic Technologies,Retail,United Kingdom,808.0,2021-08-27,Partner,Leo Castillo,Active
101339,Meridian Works Industries,Education,Brazil,151.0,2023-09-11,Paid Search,Leo Castillo,Active
101340,Bluepeak Data Labs,SaaS,United States,9.0,2022-09-16,Organic Search,,Churned
101341,Beacon Finance Group,Healthcare,USA,24.0,2021-05-25,Paid Search,Devon Wallace,Active
101342,Crestline Retail Industries,Manufacturing,Germany,2.0,2021-12-01,Organic Search,Marcus Webb,Active
101343,Clearwater Learning Systems,Healthcare,India,21.0,2022-10-16,Content/Social,,Active
101344,Catalyst Analytics Co.,Logistics,United Kingdom,177.0,2024-02-20,Organic Search,Elena Torres,Active
101345,Vertex Freight Holdings,Healthcare,United States,747.0,2022-06-26,Partner,Owen Fitzgerald,Churned
101346,Harborview Health Technologies,Manufacturing,United States,17.0,2021-01-02,Paid Search,,Churned
101347,Sable Supply LLC,SaaS,United States,,2021-12-21,Referral,Jordan Kim,Active
101348,Clearwater Data Co.,Logistics,United States,,2021-04-23,Organic Search,,Churned
101349,Silverline Health Co.,Education,Canada,263.0,2021-01-10,Paid Search,,Churned
101350,Summit Retail Corp.,Manufacturing,India,6.0,2022-05-21,Organic Search,Elena Torres,Active
101351,Copperfield Data Partners,Healthcare,Canada,634.0,2023-01-14,Outbound Sales,Leo Castillo,Churned
101352,Halcyon Learning Solutions,Healthcare,United States,13.0,2021-01-19,Referral,Tariq Rahman,Active
101353,Fernway Logic Inc.,Financial Services,United States,4.0,2023-01-11,Partner,Sam O'Rourke,Active
101354,Ridgeline Learning Corp.,Healthcare,India,13.0,2022-09-05,Content/Social,Marcus Webb,Active
101355,Cascade Co. (1),SaaS,United States,7.0,2022-11-24,Referral,Grace Lin,Active
101356,Driftwood Cloud LLC,Manufacturing,United States,35.0,2021-06-07,Content/Social,Farah Sultan,Active
101357,Windward Networks,Manufacturing,United States,2.0,2021-10-06,Paid Search,,Active
101358,Summit Data Networks,Manufacturing,United States,24.0,2021-03-25,Organic Search,Nadia Petrov,Churned
101359,Hollowbrook Digital Corp.,Education,United States,48.0,2021-06-27,Organic Search,Hannah Ostrowski,Active
101360,Basalt Analytics Corp.,Education,United States,,2021-08-18,Referral,Devon Wallace,Churned
101361,Windward Learning Holdings,Logistics,Australia,49.0,2021-08-17,Referral,,Churned
101362,Catalyst Networks,Education,United States,127.0,2021-05-11,Referral,Owen Fitzgerald,Active
101363,Fallowmere Supply Inc. (1),Manufacturing,United Kingdom,9.0,2021-05-18,Content/Social,Sam O'Rourke,Churned
101364,Pinecrest Finance Networks,Financial Services,United Kingdom,34.0,2023-11-18,Organic Search,Sam O'Rourke,Active
101365,Keystone Learning Group,SaaS,United States,1.0,2023-01-15,Partner,Farah Sultan,Active
101366,Windward Health LLC,Healthcare,United States,17.0,2021-09-19,Referral,Farah Sultan,Active
101367,Fallowmere Works Inc.,Manufacturing,United States,33.0,2024-04-16,Referral,Mei Chen,Active
101368,Cobalt Finance LLC,Manufacturing,United States,37.0,2021-06-25,Organic Search,Elena Torres,Active
101369,Halcyon Learning Technologies,Manufacturing,United States,,2021-10-19,Organic Search,,Active
101370,Nimbus Finance Group,Manufacturing,Singapore,12.0,2023-03-11,Organic Search,,Active
101371,Brackenridge Analytics Systems (1),Retail,United States,14.0,2021-11-19,Partner,,Active
101372,Nimbus Logic Solutions,Media,United States,11.0,2021-06-07,Referral,,Churned
101373,Northwind Supply Networks,Manufacturing,Japan,52.0,2021-09-06,Paid Search,Jordan Kim,Active
101374,Fallowmere Digital Corp.,Healthcare,Canada,15.0,2022-01-24,Partner,Priya Anand,Active
101375,Wildflower Data LLC,Education,Canada,23.0,2022-06-17,Outbound Sales,Grace Lin,Active
101376,Keystone Retail Inc.,Media,United States,11.0,2021-10-02,Content/Social,Owen Fitzgerald,Active
101377,Wrenfield Supply Systems,Retail,Australia,80.0,2021-11-10,Referral,Hannah Ostrowski,Churned
101378,Fallowmere Networks,Healthcare,United Kingdom,88.0,2021-07-28,Outbound Sales,Elena Torres,Churned
101379,Silverline Systems,Retail,United Kingdom,13.0,2022-02-18,Referral,,Churned
101380,Driftwood Group (1),Healthcare,Canada,817.0,2021-06-25,Outbound Sales,Nadia Petrov,Active
101381,Fieldstone Logic Technologies,Retail,United States,7.0,2023-08-16,Referral,,Active
101382,Clearwater Ventures,Media,France,74.0,2022-11-02,Paid Search,,Churned
101383,Steadfast Analytics Systems,Logistics,Singapore,6.0,2021-10-06,Content/Social,,Active
101384,Basalt Solutions,Logistics,United Kingdom,55.0,2022-11-03,Outbound Sales,Farah Sultan,Active
101385,Anchor Freight Technologies,Healthcare,United States,50.0,2021-01-21,Outbound Sales,Leo Castillo,Paused
101386,Anchor Data Co.,Logistics,Canada,5.0,2021-09-22,Referral,,Active
101387,Steadfast Robotics Solutions,SaaS,United States,17.0,2021-11-13,Outbound Sales,Mei Chen,Churned
101388,Palisade Freight Co.,SaaS,United Kingdom,228.0,2021-12-21,Paid Search,,Churned
101389,Anchor Learning Industries,Healthcare,United States,7.0,2022-11-16,Organic Search,Grace Lin,Active
101390,Pinecrest Digital Systems,Healthcare,Canada,34.0,2024-07-21,Paid Search,,Active
101391,Cascade Retail Partners,Logistics,netherlands,31.0,2021-10-19,Paid Search,,Active
101392,Harborview Freight Co.,Media,United States,19.0,2021-09-13,Paid Search,Grace Lin,Active
101393,Amberlight Media Partners,Media,India,2.0,2022-05-19,Partner,Mei Chen,Churned
101394,Ironclad Inc.,Media,Australia,59.0,2021-07-09,Organic Search,Nadia Petrov,Active
101395,Brightline Digital Solutions,Manufacturing,United States,20.0,2021-04-21,Partner,Nadia Petrov,Churned
101396,Northwind Co. (1),Education,United States,84.0,2024-06-26,Content/Social,Hannah Ostrowski,Active
101397,Cascade Supply Inc.,SaaS,United States,27.0,2023-03-06,Paid Search,Marcus Webb,Churned
101398,Brightline Finance Labs,SaaS,Canada,,2024-06-19,Outbound Sales,Priya Anand,Churned
101399,Bluepeak Solutions,Logistics,United States,33.0,2021-06-04,Referral,Tariq Rahman,Active
101400,Cinder Supply Partners (1),Education,United States,6.0,2021-01-11,Content/Social,Grace Lin,Active
101401,Bluepeak Analytics Ventures,Logistics,United States,152.0,2021-11-19,Referral,Marcus Webb,Active
101402,Basalt Solutions (1),SaaS,United States,,2024-02-08,Organic Search,Owen Fitzgerald,Active
101403,Hollowbrook Logic Industries,Manufacturing,United States,,2021-04-07,Organic Search,,Active
101404,Clearwater Freight Industries,Healthcare,United Kingdom,108.0,2021-03-11,Content/Social,Priya Anand,Active
101405,Fallowmere Finance Partners,Healthcare,United States,28.0,2021-02-04,Organic Search,Mei Chen,Active
101406,Orbital Logic LLC (1),Manufacturing,Canada,15.0,2022-12-18,Partner,,Churned
101407,Wildflower Systems Systems,financial services,India,34.0,2023-01-04,Paid Search,,Churned
101408,Windward Works Co.,Retail,Australia,45.0,2022-09-10,Outbound Sales,Marcus Webb,Active
101409,Hollowbrook Health Inc.,Logistics,United States,17.0,2021-02-09,Referral,Nadia Petrov,Active
101410,Cobalt Holdings,Manufacturing,United Kingdom,67.0,2022-10-28,Paid Search,,Active
101411,Catalyst Digital Inc.,Healthcare,Canada,4.0,2021-11-28,Paid Search,,Active
101412,Aldergate Cloud Corp.,Education,United States,28.0,2021-04-03,Organic Search,,Active
101413,Silverline Health Technologies,Retail,United States,57.0,2021-08-05,Partner,Marcus Webb,Active
101414,Quarrystone Data Partners,Financial Services,United States,45.0,2022-01-21,Outbound Sales,Isaac Brennan,Active
101415,Catalyst Digital Group,Financial Services,United Kingdom,1.0,2021-08-09,Paid Search,Sam O'Rourke,Active
101416,Basalt Health Co.,Healthcare,United States,17.0,2024-08-19,Referral,Priya Anand,Active
101417,Steadfast Partners,Financial Services,Germany,4.0,2021-12-26,Paid Search,,Active
101418,Cascade Analytics Technologies,Logistics,Canada,107.0,2021-09-05,Outbound Sales,Owen Fitzgerald,Churned
101419,Solstice Robotics Inc.,SaaS,India,12.0,2022-08-27,Partner,Leo Castillo,Active
101420,Redwood Works Technologies,Education,Singapore,92.0,2022-07-02,Content/Social,,Active
101421,Lattice Robotics Networks,Logistics,India,4.0,2021-01-07,Content/Social,,Active
101422,Cascade Inc.,Logistics,United States,33.0,2022-06-15,Organic Search,,Active
101423,Wildflower Systems Systems (1),Logistics,United States,20.0,2021-06-25,Organic Search,,Active
101424,Wrenfield Analytics Inc.,Financial Services,Canada,730.0,2021-09-16,Content/Social,,Active
101425,Thornbury Cloud Corp.,Education,United States,93.0,2022-09-04,Paid Search,,Active
101426,Driftwood Systems,Education,Germany,85.0,2022-03-07,Paid Search,Grace Lin,Churned
101427,Overlook Works Co.,Media,United States,280.0,2021-09-22,Organic Search,Isaac Brennan,Active
101428,Bluepeak Supply Industries,Logistics,United States,29.0,2021-04-16,Partner,Hannah Ostrowski,Churned
101429,Copperfield Supply Technologies,Healthcare,Canada,,2022-01-01,Outbound Sales,Mei Chen,Active
101430,Cobalt Systems,SaaS,Canada,15.0,2021-08-15,Content/Social,,Churned
101431,Solstice Networks,Healthcare,Australia,31.0,2023-12-12,Organic Search,,Active
101432,Fieldstone Supply Inc.,Healthcare,United States,1.0,2022-02-01,Organic Search,Elena Torres,Active
101433,Solstice Digital Holdings,Healthcare,United States,20.0,2023-08-07,Organic Search,Devon Wallace,Active
101434,Bluepeak Data Industries,Logistics,United Kingdom,27.0,2021-10-27,Partner,,Active
101435,Thornbury Supply Corp.,Retail,Germany,16.0,2023-05-20,Paid Search,Grace Lin,Active
101436,Copperfield Robotics Systems,Financial Services,United States,3.0,2021-02-02,Content/Social,,Active
101437,Halcyon Health LLC,Healthcare,United Kingdom,17.0,2021-08-01,Referral,,Active
101438,Lattice Digital Networks (1),Healthcare,United States,3.0,2021-02-10,Partner,,Churned
101439,Clearwater Inc.,Retail,India,202.0,2021-01-14,Partner,Owen Fitzgerald,Active
101440,Sable Finance Co.,Logistics,United States,14.0,2023-12-13,Referral,Priya Anand,Churned
101441,Catalyst Partners,Manufacturing,Japan,,2022-10-20,Partner,,Active
101442,Halcyon Retail Inc.,SaaS,United States,15.0,2022-06-05,Organic Search,,Active
101443,Tidewater Works Technologies (2),Manufacturing,India,64.0,2022-02-02,Partner,Grace Lin,Churned
101444,Tidewater Collective,Education,Canada,25.0,2022-03-19,Partner,Devon Wallace,Churned
101445,Vantage Supply Technologies,Healthcare,United States,6.0,2022-07-26,Referral,Leo Castillo,Paused
101446,Lattice Learning Inc.,Media,United States,8.0,2023-05-05,Paid Search,,Active
101447,Clearwater Finance Solutions,Media,United Kingdom,14.0,2022-05-11,Content/Social,Jordan Kim,Active
101448,Pinecrest Learning Inc.,Media,United Kingdom,11.0,2022-11-18,Content/Social,Priya Anand,Active
101449,Meridian Supply Partners,Manufacturing,India,4.0,2021-07-05,Outbound Sales,Marcus Webb,Active
101450,Hollowbrook Robotics Labs,Financial Services,United Kingdom,18.0,2024-09-25,Content/Social,Farah Sultan,Active
101451,Clearwater Finance Ventures,Retail,United States,4.0,2021-01-07,Referral,,Active
101452,Brackenridge Digital Industries,SaaS,Germany,69.0,2021-10-15,Organic Search,Sam O'Rourke,Active
101453,Brackenridge Data Corp. (1),Logistics,United States,81.0,2023-09-10,Referral,,Active
101454,Granite Labs,Media,United Kingdom,5.0,2021-05-19,Paid Search,Owen Fitzgerald,Active
101455,Quarrystone Logic Group,Retail,Germany,8.0,2021-04-06,Referral,,Churned
101456,Wrenfield Learning Labs,Media,Germany,12.0,2021-09-03,Outbound Sales,Leo Castillo,Churned
101457,Lumen Digital Ventures (1),SaaS,United States,,2021-11-15,Paid Search,,Active
101458,Harborview Robotics Technologies,Retail,United States,28.0,2024-02-25,Organic Search,,Active
101459,Catalyst Logic Collective,Retail,United Kingdom,37.0,2023-05-18,Outbound Sales,Farah Sultan,Active
101460,Aldergate Logic Partners (1),Healthcare,United States,36.0,2021-12-22,Partner,Tariq Rahman,Paused
101461,Brightline Health Industries,Healthcare,India,151.0,2024-08-13,Content/Social,Grace Lin,Active
101462,Catalyst Cloud Partners,Education,United States,22.0,2022-07-04,Organic Search,Leo Castillo,Active
101463,Fernway Works Ventures,Financial Services,United States,4.0,2023-08-12,Partner,Marcus Webb,Active
101464,Nimbus Cloud Systems,SaaS,United States,2.0,2021-06-28,Paid Search,,Active
101465,Wildflower Analytics Solutions,Retail,India,168.0,2021-12-22,Paid Search,Owen Fitzgerald,Active
101466,Cobalt Media Partners,Media,Canada,39.0,2021-01-20,Outbound Sales,Leo Castillo,Active
101467,Ironclad Retail Networks (1),Education,United States,26.0,2021-01-09,Referral,,Active
101468,Catalyst Solutions,Logistics,United States,36.0,2022-09-17,Partner,Mei Chen,Active
101469,Anchor Digital Technologies,Retail,United States,25.0,2021-03-18,Organic Search,Priya Anand,Churned
101470,Bluepeak Robotics Partners,Healthcare,United Kingdom,35.0,2022-02-19,Paid Search,,Churned
101471,Palisade Finance Co. (1),Retail,India,12.0,2022-09-26,Referral,Owen Fitzgerald,Churned
101472,Amberlight Logic Industries (2),Logistics,Australia,79.0,2021-01-20,Paid Search,,Active
101473,Ironclad Freight Networks,Retail,South Africa,10.0,2021-11-07,Organic Search,,Active
101474,Thornbury Finance Technologies,Media,United States,6.0,2022-09-07,Paid Search,,Active
101475,Tidewater Digital Systems,Retail,Australia,,2023-10-18,Organic Search,Hannah Ostrowski,Churned
101476,Thornbury Collective,Manufacturing,United States,15.0,2021-08-25,Partner,Devon Wallace,Active
101477,Solstice LLC,Financial Services,United Kingdom,104.0,2024-08-27,Paid Search,Jordan Kim,Active
101478,Fernway Holdings,Logistics,United States,11.0,2023-06-18,Outbound Sales,Tariq Rahman,Churned
101479,Aldergate Health Technologies,SaaS,India,3.0,2022-07-15,Referral,,Active
101480,Summit Health Industries,Healthcare,Canada,29.0,2021-10-23,Referral,,Active
101481,Fieldstone Supply Co. (1),Manufacturing,United States,9.0,2022-10-28,Referral,,Churned
101482,Harborview Works Labs,Logistics,Australia,150.0,2023-04-01,Outbound Sales,Isaac Brennan,Active
101483,Overlook Solutions,Education,Australia,81.0,2021-08-09,Partner,Elena Torres,Churned
101484,Amberlight Freight Holdings,SaaS,Germany,,2024-11-10,Paid Search,Priya Anand,Active
101485,Cobalt Robotics Inc.,Manufacturing,United States,16.0,2023-11-16,Partner,Marcus Webb,Active
101486,Ironclad Media LLC,Financial Services,Brazil,8.0,2021-12-09,Paid Search,Priya Anand,Churned
101487,Summit Robotics Holdings,Media,Canada,,2022-10-09,Referral,Farah Sultan,Churned
101488,Fieldstone Cloud Corp. (1),Education,United Kingdom,19.0,2022-01-01,Referral,Owen Fitzgerald,Active
101489,Aldergate Corp.,Logistics,United States,58.0,2022-12-01,Paid Search,,Churned
101490,Clearwater Systems (2),SaaS,Canada,18.0,2023-05-13,Paid Search,Nadia Petrov,Churned
101491,Bluepeak Technologies (1),Education,India,10.0,2021-01-28,Paid Search,Elena Torres,Active
101492,Wrenfield Health Collective,Manufacturing,United Kingdom,1.0,2021-02-09,Paid Search,,Active
101493,Orbital Finance Technologies (1),Financial Services,South Africa,8.0,2021-09-07,Referral,,Active
101494,Quarrystone Cloud Systems,Financial Services,United States,41.0,2023-12-08,Paid Search,Marcus Webb,Active
101495,Pinecrest Learning Solutions,Manufacturing,United Kingdom,4.0,2021-10-28,Partner,Devon Wallace,Active
101496,Cinder Health Group,Financial Services,United States,106.0,2023-09-19,Content/Social,,Active
101497,Anchor Freight Solutions,Financial Services,United States,9.0,2021-12-19,Organic Search,,Active
101498,Harborview Media Technologies,Education,United States,26.0,2021-07-06,Paid Search,,Paused
101499,Steadfast Digital Partners,Media,United States,12.0,2023-10-26,Organic Search,,Active
101500,Marrow Learning Networks,Retail,United States,4.0,2022-03-06,Content/Social,Farah Sultan,Churned
101501,Thornbury Data Partners,Media,United States,36.0,2021-09-28,Organic Search,,Active
101502,Beacon Robotics Solutions,Retail,United States,9.0,2021-01-27,Paid Search,Mei Chen,Churned
101503,Brackenridge Analytics Systems (2),SaaS,India,7.0,2021-03-16,Content/Social,,Active
101504,Bluepeak Collective, Retail ,United States,1.0,2021-04-25,Referral,Jordan Kim,Active
101505,Windward Health Inc.,SaaS,United States,109.0,2021-09-28,Organic Search,,Churned
101506,Palisade Retail Networks,Logistics,United States,20.0,2022-05-17,Content/Social,,Active
101507,Marrow Learning Networks (1),Healthcare,United States,85.0,2021-08-22,Content/Social,,Active
101508,Copperfield Finance Inc.,Media,United States,45.0,2021-02-17,Referral,Grace Lin,Churned
101509,Solstice Retail Labs,RETAIL,Germany,85.0,2021-07-15,Organic Search,Sam O'Rourke,Active
101510,Vertex Logic Industries,Education,United Kingdom,10.0,2021-10-10,Referral,Mei Chen,Churned
101511,Lattice Data Systems,Financial Services,United States,3.0,2024-11-19,Paid Search,,Active
101512,Solstice Supply Ventures,Manufacturing,United States,54.0,2021-10-08,Referral,,Active
101513,Tidewater Robotics Holdings,Logistics,United States,24.0,2021-02-06,Organic Search,Marcus Webb,Churned
101514,Wrenfield Media Co.,Manufacturing,India,11.0,2022-04-08,Outbound Sales,Nadia Petrov,Churned
101515,Lattice Robotics Ventures,Manufacturing,France,53.0,2023-12-01,Partner,Mei Chen,Active
101516,Orbital Inc.,Healthcare,United States,30.0,2023-01-27,Content/Social,Tariq Rahman,Active
101517,Vertex Cloud Labs,SaaS,United States,46.0,2023-05-08,Partner,Tariq Rahman,Churned
101518,Palisade Works Group (1),SaaS,United Kingdom,5.0,2024-01-23,Paid Search,Isaac Brennan,Active
101519,Tidewater Supply Holdings,Healthcare,United States,72.0,2022-06-13,Paid Search,Elena Torres,Active
101520,Granite Retail Inc.,Education,United States,20.0,2024-12-10,Referral,Devon Wallace,Active
101521,Anchor Partners,SaaS,India,,2021-01-07,Organic Search,Owen Fitzgerald,Active
101522,Palisade Freight Technologies,Healthcare,United Kingdom,71.0,2023-05-23,Paid Search,Jordan Kim,Active
101523,Crestline Freight LLC,Manufacturing,United States,,2023-07-15,Partner,Isaac Brennan,Active
101524,Granite Industries,Media,Canada,17.0,2023-12-13,Organic Search,Tariq Rahman,Active
101525,Thornbury Cloud Group (1),Logistics,United States,51.0,2021-12-19,Paid Search,,Paused
101526,Catalyst Analytics Group,Retail,United States,85.0,2023-01-23,Referral,Devon Wallace,Churned
101527,Brackenridge Logic Industries,SaaS,India,44.0,2021-05-19,Content/Social,Tariq Rahman,Active
101528,Fernway Robotics Solutions,Education,United Kingdom,,2022-05-14,Outbound Sales,Devon Wallace,Churned
101529,Harborview Robotics Technologies (1),Logistics,United Kingdom,,2021-09-26,Paid Search,Owen Fitzgerald,Active
101530,Marrow Data LLC,Financial Services,India,10.0,2022-05-26,Referral,Farah Sultan,Active
101531,Driftwood Media Inc.,Logistics,United Kingdom,144.0,2022-08-28,Content/Social,Marcus Webb,Active
101532,Overlook Data Networks,Manufacturing,Australia,2.0,2021-09-03,Paid Search,,Churned
101533,Driftwood Networks,Logistics,United Kingdom,21.0,2021-06-25,Outbound Sales,Isaac Brennan,Active
101534,Harborview Supply Solutions,Logistics,United States,12.0,2021-08-06,Outbound Sales,Farah Sultan,Active
101535,Amberlight Digital Systems,SaaS,India,9.0,2022-08-18,Outbound Sales,Jordan Kim,Churned
101536,Tidewater Retail LLC,Financial Services,United States,,2022-08-19,Paid Search,Jordan Kim,Active
101537,Summit Systems Systems,SaaS,India,5.0,2022-11-06,Content/Social,,Active
101538,Brightline Retail Technologies,SaaS,United States,329.0,2021-03-01,Organic Search,,Active
101539,Fernway Media Collective,Financial Services,United States,3.0,2023-04-27,Paid Search,Farah Sultan,Churned
101540,Hollowbrook Ventures (1),Manufacturing,india,6.0,2022-09-25,Paid Search,Hannah Ostrowski,Active
101541,Cobalt Retail Partners,Logistics,United Kingdom,5.0,2021-01-05,Referral,Hannah Ostrowski,Churned
101542,Nimbus Works Inc,Retail,United States,26.0,2021-09-17,Paid Search,,Active
101543,Cascade Logic Technologies,SaaS,United States,75.0,2021-12-05,Partner,Leo Castillo,Active
101544,Catalyst Works LLC,SaaS,Canada,40.0,2021-09-16,Content/Social,Tariq Rahman,Churned
101545,Thornbury Systems Systems,Logistics,Singapore,,2021-03-09,Paid Search,Mei Chen,Active
101546,Hollowbrook Ventures (2),Manufacturing,United States,7.0,2021-05-22,Partner,Mei Chen,Churned
101547,Vertex LLC (2),Financial Services,United States,47.0,2021-01-17,Content/Social,,Active
101548,Vertex Retail Corp.,SaaS,United States,14.0,2021-03-14,Paid Search,,Active
101549,Solstice Analytics Solutions,Healthcare,United States,27.0,2021-07-20,Outbound Sales,Sam O'Rourke,Active
101550,Steadfast Technologies (1),Retail,United States,85.0,2023-04-14,Content/Social,Nadia Petrov,Active
101551,Crestline Logic Group,SaaS,Australia,2.0,2022-01-01,Partner,Jordan Kim,Active
101552,Bluepeak Robotics Co.,Financial Services,United States,267.0,2021-11-17,Referral,Marcus Webb,Churned
101553,Granite Systems Labs,Education,United States,17.0,2022-08-22,Content/Social,Tariq Rahman,Active
101554,Meridian Health Technologies,Financial Services,United States,2.0,2022-02-14,Outbound Sales,Leo Castillo,Active
101555,Quarrystone Analytics Group,Media,United States,8.0,2021-04-05,Organic Search,,Churned
101556,Driftwood Retail LLC,Logistics,United States,23.0,2021-06-01,Organic Search,,Active
101557,Marrow Works Collective,SaaS,United States,8.0,2021-06-09,Referral,,Active
101558,Quarrystone Health Labs,Healthcare,United States,1.0,2022-05-22,Organic Search,,Active
101559,Brightline Media LLC,Education,United Kingdom,23.0,2021-12-10,Organic Search,,Active
101560,Summit Works Industries,Financial Services,United States,8.0,2021-10-27,Paid Search,,Active
101561,Cobalt Learning Industries,Financial Services,United Kingdom,47.0,2022-03-10,Partner,Owen Fitzgerald,Active
101562,Aldergate Analytics Inc.,Manufacturing,Australia,5.0,2024-08-12,Outbound Sales,Devon Wallace,Active
101563,Driftwood Data Inc.,Retail,United States,380.0,2021-08-22,Organic Search,Farah Sultan,Active
101564,Fallowmere Industries,Media,United States,39.0,2022-01-18,Organic Search,Nadia Petrov,Active
101565,Quarrystone Cloud LLC,Healthcare,Australia,26.0,2021-12-02,Paid Search,,Active
101566,Harborview Data Collective (1),Healthcare,United States,45.0,2022-10-03,Paid Search,Devon Wallace,Active
101567,Northwind Learning Ventures,Retail,United States,,2022-10-06,Outbound Sales,Devon Wallace,Active
101568,Driftwood Digital Systems,Manufacturing,Canada,11.0,2022-10-25,Paid Search,Elena Torres,Churned
101569,Keystone Supply Co.,Manufacturing,United Kingdom,204.0,2021-05-01,Content/Social,Owen Fitzgerald,Active
101570,Beacon Systems Collective,Education,Germany,13.0,2021-11-03,Organic Search,Sam O'Rourke,Active
101571,Granite Data Systems,Financial Services,United States,19.0,2023-03-22,Paid Search,,Churned
101572,Overlook Co.,Healthcare,United States,11.0,2021-10-18,Partner,Sam O'Rourke,Churned
101573,Meridian Robotics Ventures,Manufacturing,United States,135.0,2024-10-28,Organic Search,,Active
101574,Aldergate Data Technologies,SaaS,United States,,2021-09-07,Organic Search,Nadia Petrov,Churned
101575,Amberlight Cloud Collective,Healthcare,United States,4.0,2021-12-19,Paid Search,,Active
101576,Ironclad Media Collective (1),Manufacturing,United States,574.0,2021-12-04,Outbound Sales,Grace Lin,Active
101577,Marrow Supply Solutions,manufacturing,United States,3.0,2021-11-17,Organic Search,,Active
101578,Quarrystone Retail Inc.,Healthcare,United States,,2023-06-03,Partner,Nadia Petrov,Active
101579,Pinecrest Health Systems,Healthcare,United States,7.0,2021-04-26,Outbound Sales,Mei Chen,Churned
101580,Catalyst Finance Co.,Healthcare,United States,8.0,2022-03-12,Content/Social,,Paused
101581,Summit Freight Technologies,Logistics,United Kingdom,5.0,2022-06-08,Outbound Sales,Nadia Petrov,Active
101582,Thornbury Digital Ventures,Education,United States,10.0,2023-07-28,Partner,Marcus Webb,Churned
101583,Pinecrest Data Group,SaaS,Canada,72.0,2022-05-02,Outbound Sales,Devon Wallace,Active
101584,Copperfield Solutions,Retail,United States,2.0,2024-06-23,Referral,,Active
101585,Hollowbrook Robotics Group,SaaS,United States,103.0,2023-08-15,Outbound Sales,Marcus Webb,Active
101586,Fieldstone Freight Networks,Retail,Germany,83.0,2021-09-20,Outbound Sales,Nadia Petrov,Active
101587,Halcyon Cloud Solutions (1),Retail,Germany,39.0,2023-07-08,Paid Search,,Active
101588,Vantage Logic Labs,Financial Services,United States,24.0,2024-06-25,Outbound Sales,Hannah Ostrowski,Churned
101589,Nimbus Logic Inc.,Manufacturing,United States,29.0,2021-07-13,Organic Search,Priya Anand,Churned
101590,Beacon Supply Group,Logistics,Australia,128.0,2022-05-12,Referral,,Active
101591,Fallowmere Digital Inc.,Education,United States,2.0,2021-07-13,Paid Search,Elena Torres,Churned
101592,Summit Supply LLC,Media,United States,52.0,2022-07-09,Paid Search,Hannah Ostrowski,Active
101593,Cobalt Labs,Manufacturing,United States,8.0,2021-03-09,Paid Search,Hannah Ostrowski,Churned
101594,Cascade Supply Ventures,Healthcare,United States,59.0,2022-11-04,Paid Search,Isaac Brennan,Active
101595,Cascade Robotics Inc.,Education,Canada,9.0,2021-11-14,Paid Search,Priya Anand,Active
101596,Harborview Robotics Group,Healthcare,United Kingdom,50.0,2022-04-14,Paid Search,Owen Fitzgerald,Active
101597,Fallowmere Solutions,Healthcare,United States,3.0,2021-01-11,Referral,Isaac Brennan,Active
101598,Steadfast Works Systems,Logistics,United States,2.0,2022-09-28,Organic Search,,Active
101599,Bluepeak Retail Labs,Logistics,United States,17.0,2021-12-04,Content/Social,Jordan Kim,Active
101600,Hollowbrook Robotics Solutions,Manufacturing,India,130.0,2022-06-26,Partner,Hannah Ostrowski,Churned
101601,Windward Freight Corp.,Education,Australia,40.0,2021-08-25,Paid Search,Priya Anand,Churned
101602,Amberlight Partners,Manufacturing,United States,40.0,2021-04-01,Organic Search,,Active
101603,Copperfield Works Solutions,Media,Canada,61.0,2021-11-20,Referral,Sam O'Rourke,Active
101604,Orbital Robotics Corp.,SaaS,United States,12.0,2024-03-06,Organic Search,Sam O'Rourke,Active
101605,Beacon Technologies,Healthcare,United Kingdom,44.0,2021-06-02,Referral,,Active
101606,Orbital Labs,SaaS,United States,9.0,2022-08-25,Outbound Sales,,Active
101607,Marrow Networks,Education,United States,13.0,2021-01-04,Outbound Sales,Jordan Kim,Active
101608,Granite Retail Group (1),Healthcare,United States,,2022-10-09,Organic Search,Priya Anand,Active
101609,Orbital Systems,Healthcare,Canada,10.0,2021-06-03,Outbound Sales,Isaac Brennan,Churned
101610,Cascade Cloud Partners (1),Media,United States,,2021-11-04,Organic Search,,Active
101611,Redwood Systems,Retail,United States,14.0,2021-09-02,Partner,Elena Torres,Active
101612,Bluepeak Cloud Ventures,Logistics,Australia,8.0,2021-03-24,Content/Social,,Active
101613,Wrenfield Supply LLC,Financial Services,Canada,17.0,2021-09-02,Organic Search,Hannah Ostrowski,Active
101614,Solstice Works Corp.,Retail,United States,25.0,2021-09-22,Partner,,Active
101615,Thornbury LLC (1),Retail,United States,5.0,2022-01-05,Partner,,Active
101616,Meridian Collective,Manufacturing,canada,,2024-08-26,Referral,Devon Wallace,Active
101617,Driftwood Cloud LLC (1),Logistics,United States,11.0,2021-12-24,Paid Search,Grace Lin,Active
101618,Northwind Freight Ventures,Media,United States,26.0,2023-12-18,Partner,,Active
101619,Ridgeline Digital Corp.,Retail,United States,8.0,2021-12-24,Organic Search,Hannah Ostrowski,Churned
101620,Northwind Systems Collective,Logistics,United States,79.0,2021-03-09,Paid Search,,Churned
101621,Palisade Labs,Retail,United Kingdom,,2021-06-22,Outbound Sales,Mei Chen,Churned
101622,Amberlight Analytics Collective,Financial Services,Canada,5.0,2021-10-07,Referral,Leo Castillo,Active
101623,Marrow Works Networks,SaaS,United States,40.0,2021-08-18,Paid Search,Hannah Ostrowski,Churned
101624,Northwind Robotics Group,Healthcare,Japan,132.0,2023-08-26,Content/Social,,Churned
101625,Cinder Retail Co. (1),Healthcare,United Kingdom,6.0,2022-08-21,Organic Search,,Active
101626,Cinder Supply Partners (2),Logistics,United Kingdom,6.0,2022-04-08,Referral,Priya Anand,Churned
101627,Fallowmere Finance Group,Healthcare,United States,,2021-12-21,Outbound Sales,Mei Chen,Active
101628,Nimbus Works Industries,Healthcare,United States,4.0,2021-10-25,Paid Search,,Active
101629,Orbital Health Systems,Healthcare,United Kingdom,7.0,2022-05-25,Outbound Sales,Grace Lin,Active
101630,Quarrystone Robotics Inc.,Healthcare,India,5.0,2021-03-21,Outbound Sales,,Churned
101631,Northwind Finance Co. (1),Education,United States,53.0,2021-04-21,Referral,Grace Lin,Active
101632,Halcyon Robotics Corp.,Retail,United States,8.0,2021-08-22,Referral,Marcus Webb,Active
101633,Fernway Health Holdings,Healthcare,United States,14.0,2021-04-21,Content/Social,Isaac Brennan,Churned
101634,Ridgeline Freight Group,Education,United States,8.0,2022-08-04,Content/Social,,Active
101635,Sable Analytics Corp.,Media,United States,89.0,2021-01-23,Paid Search,Marcus Webb,Active
101636,Windward Media Networks,SaaS,United States,7.0,2021-04-06,Organic Search,,Active
101637,Orbital Data Holdings,Healthcare,United States,3.0,2023-11-16,Referral,,Active
101638,Thornbury Cloud LLC,Education,Australia,3.0,2024-12-10,Content/Social,,Active
101639,Catalyst Systems,Logistics,Canada,49.0,2021-12-06,Partner,Hannah Ostrowski,Churned
101640,Brackenridge Labs (1),Logistics,United States,54.0,2021-12-08,Organic Search,Priya Anand,Active
101641,Cinder Analytics LLC,Media,United States,102.0,2022-12-03,Content/Social,Farah Sultan,Active
101642,Steadfast Robotics Group,Education,United States,4.0,2021-01-13,Organic Search,Elena Torres,Churned
101643,Redwood Data Corp.,SaaS,United States,15.0,2021-11-12,Organic Search,,Active
101644,Overlook Systems Partners,Logistics,Canada,471.0,2021-03-12,Outbound Sales,,Churned
101645,Fernway Labs,Education,United States,14.0,2021-10-03,Organic Search,,Active
101646,Beacon Health Industries,Logistics,Australia,10.0,2024-10-17,Outbound Sales,Priya Anand,Active
101647,Fieldstone Ventures,Logistics,United States,20.0,2022-12-05,Organic Search,Devon Wallace,Churned
101648,Vertex Supply Partners,Media,Brazil,40.0,2024-10-24,Partner,Hannah Ostrowski,Active
101649,Wildflower Digital Partners,Financial Services,India,39.0,2022-11-01,Content/Social,Jordan Kim,Active
101650,Summit Data Corp.,Education,India,9.0,2022-05-02,Organic Search,Grace Lin,Churned
101651,Meridian Health Group,Manufacturing,Germany,,2022-12-09,Referral,,Active
101652,Lumen Health Collective,Logistics,United States,14.0,2022-07-12,Outbound Sales,Hannah Ostrowski,Active
101653,Aldergate Health Systems,Retail,United States,8.0,2021-12-28,Paid Search,Isaac Brennan,Active
101654,Fallowmere Digital Networks,Education,United States,4.0,2021-08-15,Partner,Hannah Ostrowski,Active
101655,Ironclad Digital Partners,Education,Canada,211.0,2022-01-11,Referral,Farah Sultan,Active
101656,Vertex Systems Ventures,Retail,Australia,12.0,2021-07-24,Paid Search,Marcus Webb,Active
101657,Steadfast Corp.,Financial Services,United States,13.0,2021-12-07,Content/Social,Elena Torres,Active
101658,Copperfield Systems Labs,Logistics,India,13.0,2021-04-26,Referral,Jordan Kim,Churned
101659,Ironclad Holdings,SaaS,United States,18.0,2022-03-12,Paid Search,,Active
101660,Basalt Group,Education,United States,35.0,2021-06-09,Paid Search,Priya Anand,Active
101661,Clearwater Works Inc.,Education,United Kingdom,11.0,2021-08-09,Partner,Leo Castillo,Active
101662,Brackenridge Collective,Logistics,United States,88.0,2021-12-01,Content/Social,,Active
101663,Overlook Media Systems,Healthcare,United States,44.0,2021-04-19,Organic Search,,Active
101664,Fallowmere Learning Holdings,Financial Services,India,16.0,2024-06-17,Paid Search,Tariq Rahman,Active
101665,Crestline Supply Ventures,SaaS,United States,8.0,2021-11-18,Paid Search,,Active
101666,Cinder Finance Group,Healthcare,United States,,2021-09-19,Outbound Sales,Devon Wallace,Churned
101667,Vertex Media Industries,Logistics,United States,16.0,2021-01-01,Organic Search,,Active
101668,Thornbury Systems (1),Media,United States,4.0,2023-06-25,Referral,Elena Torres,Active
101669,Quarrystone Freight Technologies,Financial Services,India,76.0,2022-06-15,Organic Search,,Active
101670,Halcyon Data Labs,Manufacturing,Australia,8.0,2021-10-20,Referral,Nadia Petrov,Active
101671,Aldergate Media Networks,Logistics,United States,62.0,2021-06-02,Outbound Sales,Priya Anand,Active
101672,Northwind Learning Corp. (1),Financial Services,Canada,1.0,2022-11-22,Referral,Sam O'Rourke,Churned
101673,Sable Co.,Healthcare,Canada,12.0,2024-04-19,Paid Search,Nadia Petrov,Active
101674,Marrow Retail Collective,Logistics,Canada,91.0,2021-10-11,Referral,,Churned
101675,Ironclad Digital LLC,Media,United Kingdom,20.0,2021-04-27,Referral,Grace Lin,Active
101676,Palisade Digital Technologies (1),Education,United States,44.0,2021-03-19,Referral,Elena Torres,Churned
101677,Quarrystone Health Group (1),SaaS,Canada,6.0,2021-01-26,Paid Search,,Active
101678,Vertex Digital Collective,SaaS,United States,32.0,2022-11-24,Paid Search,,Active
101679,Keystone Solutions,SaaS,United States,20.0,2024-09-06,Referral,,Paused
101680,Cascade Logic Partners,Manufacturing,United States,28.0,2024-11-28,Organic Search,,Active
101681,Brightline Systems Partners,Retail,United States,285.0,2023-01-21,Outbound Sales,Sam O'Rourke,Churned
101682,Thornbury Media Technologies (2), SaaS ,United States,,2021-04-06,Organic Search,Elena Torres,Churned
101683,Basalt Retail Group (1),Manufacturing,Australia,56.0,2024-09-23,Organic Search,,Active
101684,Brackenridge Inc.,Financial Services,United States,57.0,2021-08-13,Outbound Sales,Devon Wallace,Active
101685,Basalt Ventures,Education,United States,6.0,2021-09-25,Organic Search,Tariq Rahman,Active
101686,Silverline Media Labs (1),Retail,South Africa,11.0,2022-09-05,Paid Search,,Churned
101687,Ridgeline Media Holdings,Retail,United States,3.0,2021-01-08,Partner,Isaac Brennan,Paused
101688,Wildflower Freight Systems,Retail,United States,4.0,2023-04-10,Referral,,Churned
101689,Nimbus Data Networks,Manufacturing,Canada,6.0,2024-12-13,Content/Social,Leo Castillo,Active
101690,Basalt Robotics Group,Logistics,France,19.0,2023-01-18,Paid Search,,Active
101691,Windward Logic Partners,Logistics,India,4.0,2023-01-07,Content/Social,,Churned
101692,Summit Data Ventures,SaaS,United States,19.0,2021-10-20,Partner,,Active
101693,Wildflower Analytics Systems,Manufacturing,United States,16.0,2021-02-01,Paid Search,,Churned
101694,Nimbus Retail Systems,Media,Canada,5.0,2023-02-10,Referral,,Churned
101695,Summit Systems Solutions,SaaS,Australia,146.0,2022-05-19,Outbound Sales,,Active
101696,Bluepeak Learning Collective,Manufacturing,United States,4.0,2023-11-08,Referral,Jordan Kim,Churned
101697,Pinecrest Data Networks,Financial Services,Australia,86.0,2021-03-13,Organic Search,,Active
101698,Fieldstone Works Holdings,Retail,United Kingdom,1.0,2021-08-17,Content/Social,,Active
101699,Harborview Technologies,Media,United States,17.0,2021-09-07,Outbound Sales,Priya Anand,Paused
101700,Keystone Learning Solutions,Logistics,United States,4.0,2022-09-28,Content/Social,Priya Anand,Active
101701,Granite Cloud Holdings,Education,United States,,2023-01-24,Partner,Farah Sultan,Active
101702,Lattice Technologies,Retail,Germany,211.0,2024-06-28,Partner,Devon Wallace,Churned
101703,Beacon Learning Industries,Financial Services,United States,13.0,2021-08-14,Outbound Sales,Nadia Petrov,Active
101704,Fallowmere Data Solutions,Education,India,5.0,2021-12-10,Outbound Sales,Owen Fitzgerald,Active
101705,Catalyst Digital Co.,Logistics,United States,38.0,2021-01-28,Content/Social,Devon Wallace,Active
101706,Tidewater Data Ventures,Media,Canada,13.0,2021-07-21,Outbound Sales,Grace Lin,Active
101707,Hollowbrook Media Industries,Manufacturing,United States,24.0,2021-09-23,Paid Search,,Active
101708,Ironclad Supply Solutions,Media,Germany,6.0,2022-04-06,Referral,Jordan Kim,Active
101709,Wildflower Freight Holdings,Manufacturing,United States,7.0,2021-12-25,Paid Search,Priya Anand,Paused
101710,Summit Retail Systems,Healthcare,Canada,7.0,2021-09-15,Content/Social,Mei Chen,Churned
101711,Northwind Supply LLC,Retail,United Kingdom,57.0,2022-06-22,Outbound Sales,Jordan Kim,Active
101712,Fieldstone Media LLC,Media,United States,15.0,2023-05-24,Referral,Leo Castillo,Active
101713,Fallowmere Health Inc.,Education,Germany,5.0,2021-06-03,Paid Search,Leo Castillo,Active
101714,Sable Robotics Holdings,Logistics,United States,25.0,2021-09-03,Referral,,Active
101715,Lattice Finance Ventures,Manufacturing,Australia,,2022-09-02,Organic Search,,Active
101716,Pinecrest Learning Group,Financial Services,United States,42.0,2023-01-19,Outbound Sales,Jordan Kim,Active
101717,Hollowbrook Digital Industries,Manufacturing,United Kingdom,11.0,2023-04-26,Outbound Sales,Grace Lin,Churned
101718,Copperfield Collective,Manufacturing,Germany,18.0,2021-05-01,Referral,,Active
101719,Bluepeak Logic Collective,Logistics,Australia,35.0,2022-02-04,Organic Search,,Active
101720,Steadfast Data Technologies (1),Healthcare,United States,5.0,2023-10-14,Referral,,Active
101721,Quarrystone Health LLC,Financial Services,United States,64.0,2021-10-11,Referral,Grace Lin,Active
101722,Driftwood Works Partners,Healthcare,Canada,21.0,2021-11-03,Partner,,Active
101723,Nimbus Robotics Co.,SaaS,United States,5.0,2024-10-18,Content/Social,Isaac Brennan,Active
101724,Tidewater Health Solutions,Financial Services,Germany,5.0,2021-03-26,Partner,,Churned
101725,Lumen Works Co. (1),Financial Services,United States,18.0,2022-09-06,Organic Search,,Active
101726,Solstice Retail Ventures (1),Retail,United States,10.0,2023-06-01,Paid Search,Elena Torres,Churned
101727,Thornbury Media Collective (1),Media,Canada,,2021-04-07,Content/Social,Elena Torres,Active
101728,Windward Media Ventures,Manufacturing,United States,,2022-10-06,Content/Social,,Churned
101729,Bluepeak Systems Technologies,Retail,United States,,2021-12-14,Paid Search,,Active
101730,Driftwood Systems (1),Retail,United States,7.0,2023-07-04,Outbound Sales,Priya Anand,Churned
101731,Solstice Health Co.,Education,Japan,19.0,2023-11-11,Referral,Priya Anand,Active
101732,Wrenfield Labs,SaaS,United Kingdom,111.0,2023-08-04,Paid Search,Jordan Kim,Churned
101733,Aldergate Retail Co.,Retail,Japan,17.0,2021-02-19,Content/Social,,Churned
101734,Quarrystone Freight Systems,Financial Services,USA,10.0,2022-12-14,Content/Social,Tariq Rahman,Active
101735,Fieldstone Freight Corp.,Logistics,United States,7.0,2023-12-03,Content/Social,,Active
101736,Granite Data LLC (2),SaaS,United States,20.0,2022-06-02,Paid Search,,Active
101737,Meridian Finance Holdings,Education,United States,125.0,2022-05-14,Referral,Devon Wallace,Active
101738,Copperfield Digital Corp. (1),Education,United States,3.0,2021-01-17,Content/Social,Mei Chen,Active
101739,Cinder Data Partners,Healthcare,United States,19.0,2023-07-05,Outbound Sales,Owen Fitzgerald,Active
101740,Harborview Collective,Education,United States,2.0,2021-01-10,Referral,Farah Sultan,Churned
101741,Copperfield Learning Systems,Manufacturing,India,12.0,2021-08-17,Referral,,Churned
101742,Harborview Supply LLC,Retail,United States,28.0,2024-01-14,Paid Search,Marcus Webb,Active
101743,Catalyst Logic Systems,Logistics,United States,3.0,2024-04-04,Outbound Sales,Isaac Brennan,Active
101744,Beacon Works Partners,Retail,United States,11.0,2024-11-11,Partner,Isaac Brennan,Active
101745,Tidewater Robotics Ventures,Healthcare,United States,29.0,2021-12-06,Paid Search,,Churned
101746,Basalt Partners,SaaS,Canada,24.0,2021-05-26,Paid Search,Jordan Kim,Active
101747,Tidewater Networks (1),Education,Canada,31.0,2021-12-23,Referral,Priya Anand,Active
101748,Cascade Digital Labs,Education,Canada,6.0,2021-03-09,Referral,,Churned
101749,Wrenfield Labs (1),SaaS,United States,,2023-08-07,Organic Search,,Active
101750,Meridian Retail Industries,Healthcare,United States,9.0,2022-03-04,Paid Search,Mei Chen,Active
101751,Brightline Health Partners,Media,Canada,51.0,2021-10-21,Partner,Elena Torres,Active
101752,Northwind Analytics Industries,Manufacturing,Germany,1.0,2021-02-26,Organic Search,Priya Anand,Churned
101753,Silverline LLC,Healthcare,United States,14.0,2021-10-08,Outbound Sales,Jordan Kim,Churned
101754,Fernway Finance Ventures,Manufacturing,United States,23.0,2023-08-18,Referral,Marcus Webb,Churned
101755,Overlook Learning Holdings,Manufacturing,India,116.0,2022-09-07,Referral,,Active
101756,Marrow Learning Group,Healthcare,South Africa,22.0,2021-02-26,Referral,,Active
101757,Vantage Digital Co.,Retail,United States,26.0,2021-04-09,Outbound Sales,Elena Torres,Active
101758,Hollowbrook Works Solutions,SaaS,United States,33.0,2021-10-03,Referral,Jordan Kim,Active
101759,Quarrystone Health Group (2),Logistics,Canada,102.0,2021-03-25,Referral,,Active
101760,Palisade Freight Ventures,Healthcare,India,12.0,2024-02-27,Referral,Sam O'Rourke,Active
101761,Lattice Labs (1),Media,United States,3.0,2022-07-12,Referral,Tariq Rahman,Active
101762,Beacon Solutions,Healthcare,United States,3.0,2021-03-26,Referral,Jordan Kim,Active
101763,Beacon Systems Collective (1),Manufacturing,United Kingdom,48.0,2023-01-07,Referral,,Churned
101764,Summit Supply Collective,Healthcare,India,27.0,2021-09-08,Referral,,Active
101765,Windward Data Holdings,Education,Canada,,2021-06-16,Paid Search,Leo Castillo,Churned
101766,Lumen LLC,Logistics,United States,9.0,2022-03-17,Outbound Sales,Hannah Ostrowski,Active
101767,Fallowmere Works Co., Media ,United States,25.0,2021-01-11,Paid Search,Marcus Webb,Churned
101768,Redwood Systems Partners,Retail,India,26.0,2021-12-23,Content/Social,,Active
101769,Lattice Cloud Co.,Education,United States,,2023-06-23,Outbound Sales,Marcus Webb,Active
101770,Basalt Solutions (2),Healthcare,United States,,2024-01-04,Paid Search,Marcus Webb,Churned
101771,Steadfast Retail Labs,Retail,United States,2.0,2021-09-28,Outbound Sales,Elena Torres,Active
101772,Orbital Cloud Corp.,Media,United States,6.0,2022-07-05,Organic Search,Farah Sultan,Churned
101773,Redwood Analytics Ventures,Logistics,Canada,3.0,2021-06-15,Content/Social,,Active
101774,Marrow Retail Collective (1),Logistics,United States,3.0,2022-03-12,Content/Social,,Active
101775,Steadfast Robotics Solutions (1),Media,Canada,155.0,2021-07-13,Partner,,Churned
101776,Anchor Finance Labs,Financial Services,United Kingdom,1.0,2022-03-04,Referral,Jordan Kim,Active
101777,Copperfield Retail Collective,Education,United States,37.0,2021-05-10,Content/Social,,Active
101778,Hollowbrook Cloud Corp. (1),Education,Australia,65.0,2024-03-01,Outbound Sales,Jordan Kim,Active
101779,Brightline Retail Systems,Manufacturing,United States,73.0,2023-09-28,Content/Social,Hannah Ostrowski,Active
101780,Harborview Media Labs,SaaS,Canada,29.0,2021-09-05,Paid Search,Sam O'Rourke,Churned
101781,Fieldstone Analytics Partners,Media,United States,112.0,2023-01-14,Content/Social,Marcus Webb,Active
101782,Granite Finance Technologies,Media,Brazil,204.0,2021-03-07,Outbound Sales,Nadia Petrov,Active
101783,Fernway Digital Systems,Logistics,United States,,2022-11-05,Organic Search,,Churned
101784,Bluepeak Finance Corp.,Education,United Kingdom,36.0,2021-07-11,Content/Social,Hannah Ostrowski,Churned
101785,Copperfield Freight Corp.,Financial Services,United States,,2021-04-28,Outbound Sales,Elena Torres,Active
101786,Cobalt Health Holdings,Financial Services,United States,7.0,2022-08-14,Content/Social,Tariq Rahman,Active
101787,Copperfield Robotics Ventures,Education,United States,,2021-12-27,Paid Search,,Active
101788,Catalyst Logic LLC,Healthcare,United States,9.0,2022-02-24,Referral,Grace Lin,Paused
101789,Fernway Media Technologies,Media,United States,37.0,2022-01-13,Outbound Sales,Devon Wallace,Active
101790,Windward Supply Partners,Financial Services,United States,2.0,2021-02-26,Paid Search,,Active
101791,Redwood Supply Industries (1),Healthcare,India,130.0,2021-02-10,Partner,,Active
101792,Lumen Digital Systems (1),Manufacturing,United States,40.0,2022-05-15,Outbound Sales,Farah Sultan,Active
101793,Wildflower Logic Networks (1),Healthcare,United States,,2022-06-20,Organic Search,,Churned
101794,Steadfast Health Inc.,SaaS,Germany,1.0,2021-01-17,Outbound Sales,Hannah Ostrowski,Active
101795,Tidewater Digital Networks,Education,United Kingdom,5.0,2021-09-24,Paid Search,Elena Torres,Churned
101796,Granite Group,Education,United States,139.0,2022-05-05,Partner,,Active
101797,Lumen Systems Ventures,HEALTHCARE,United States,16.0,2022-07-14,Content/Social,Priya Anand,Churned
101798,Keystone Data Networks,SaaS,United States,2.0,2023-05-19,Referral,,Churned
101799,Steadfast Collective (1),Financial Services,United Kingdom,27.0,2021-11-10,Referral,Farah Sultan,Active
101800,Halcyon Freight Industries,Media,Australia,49.0,2022-02-25,Organic Search,Jordan Kim,Active
101801,Orbital Data Partners,Media,United Kingdom,40.0,2022-04-09,Organic Search,Marcus Webb,Active
101802,Driftwood Systems Labs (1),Retail,France,,2021-08-09,Content/Social,Hannah Ostrowski,Active
101803,Palisade Data Systems,Financial Services,India,88.0,2021-02-10,Organic Search,,Active
101804,Wildflower Technologies,Logistics,Japan,8.0,2021-01-19,Organic Search,Sam O'Rourke,Churned
101805,Redwood Health Group,Healthcare,United Kingdom,41.0,2023-05-04,Organic Search,Farah Sultan,Churned
101806,Keystone Media Co,Financial Services,India,24.0,2021-05-05,Outbound Sales,Tariq Rahman,Active
101807,Brackenridge Cloud Solutions,Manufacturing,India,17.0,2022-06-22,Partner,Jordan Kim,Active
101808,Harborview Digital Ventures,Financial Services,India,12.0,2022-04-06,Paid Search,Farah Sultan,Active
101809,Bluepeak Data Ventures,Media,United States,13.0,2021-10-03,Organic Search,,Active
101810,Brackenridge Digital Technologies (1),Healthcare,United States,21.0,2023-05-08,Paid Search,,Active
101811,Wildflower Learning Networks,Financial Services,USA,14.0,2022-09-12,Paid Search,,Active
101812,Clearwater Data Co. (1),Education,United States,52.0,2021-01-01,Organic Search,,Churned
101813,Keystone Learning Systems,Manufacturing,Germany,10.0,2023-01-24,Partner,Devon Wallace,Active
101814,Wrenfield Systems Solutions,Healthcare,India,154.0,2022-01-04,Referral,,Churned
101815,Cascade Freight Co. (1),Healthcare,United States,9.0,2021-09-12,Paid Search,Priya Anand,Active
101816,Vantage Works Solutions,Healthcare,United States,66.0,2022-10-06,Outbound Sales,Priya Anand,Active
101817,Lattice Corp.,Retail,United States,70.0,2022-09-09,Partner,,Active
101818,Harborview Logic Group (1),Retail,Canada,25.0,2021-08-02,Organic Search,Farah Sultan,Churned
101819,Steadfast Learning Collective,Media,Germany,22.0,2024-10-27,Organic Search,Leo Castillo,Active
101820,Overlook Data Industries,Healthcare,United States,8.0,2022-07-27,Partner,Jordan Kim,Active
101821,Beacon Works Labs (1),Healthcare,United States,10.0,2022-05-04,Paid Search,Devon Wallace,Active
101822,Vertex Health Labs,Media,Netherlands,27.0,2021-02-06,Partner,,Active
101823,Catalyst Robotics Co.,Media,United Kingdom,19.0,2021-07-25,Partner,,Churned
101824,Windward Works Inc.,Retail,Australia,94.0,2021-11-12,Content/Social,,Active
101825,Orbital Digital Industries,Healthcare,United States,11.0,2022-06-02,Paid Search,Jordan Kim,Churned
101826,Solstice Robotics Networks,Media,United States,12.0,2022-01-04,Paid Search,,Churned
101827,Solstice Analytics Co,Healthcare,India,2.0,2022-12-12,Content/Social,,Active
101828,Orbital Works Solutions,Media,United States,46.0,2021-07-16,Referral,Tariq Rahman,Active
101829,Thornbury Partners,Education,Canada,41.0,2022-09-18,Organic Search,,Churned
101830,Amberlight Systems Group (1),Manufacturing,India,72.0,2023-04-05,Referral,,Churned
101831,Crestline Supply Group,Education,United States,77.0,2022-12-11,Paid Search,Devon Wallace,Active
101832,Thornbury Finance Networks,SaaS,United States,56.0,2022-12-08,Outbound Sales,Marcus Webb,Active
101833,Vertex Solutions,Media,Canada,59.0,2023-09-15,Content/Social,Grace Lin,Active
101834,Vertex Supply Systems,Education,Germany,44.0,2021-02-10,Outbound Sales,Nadia Petrov,Active
101835,Quarrystone Cloud LLC (1),Retail,United States,54.0,2022-09-06,Referral,Jordan Kim,Churned
101836,Brightline Co.,Media,Canada,2.0,2024-07-23,Content/Social,Owen Fitzgerald,Active
101837,Windward Collective (1),Healthcare,United States,5.0,2022-04-16,Outbound Sales,Grace Lin,Churned
101838,Wildflower Freight Systems (1),Healthcare,Germany,,2021-06-14,Paid Search,,Active
101839,Cinder Robotics Systems,Manufacturing,India,105.0,2024-12-04,Outbound Sales,Owen Fitzgerald,Active
101840,Vantage Media Corp.,Healthcare,United States,7.0,2021-05-02,Paid Search,Mei Chen,Churned
101841,Basalt Media LLC,SaaS,India,9.0,2021-09-23,Organic Search,,Active
101842,Fernway Analytics Inc.,healthcare,India,20.0,2021-05-28,Outbound Sales,Tariq Rahman,Churned
101843,Cobalt Robotics Networks,Manufacturing,India,4.0,2021-12-17,Paid Search,Farah Sultan,Active
101844,Wildflower Finance LLC,Financial Services,United States,33.0,2021-10-02,Paid Search,,Churned
101845,Cinder Data Ventures,Manufacturing,India,1.0,2021-12-14,Outbound Sales,Elena Torres,Churned
101846,Copperfield Technologies,SaaS,Canada,,2024-01-08,Organic Search,,Active
101847,Lumen Analytics Corp.,Healthcare,United States,26.0,2021-12-02,Referral,,Churned
101848,Crestline Group,Retail,United States,4.0,2022-01-04,Organic Search,,Active
101849,Northwind Works Corp.,SaaS,Australia,,2023-09-14,Outbound Sales,Tariq Rahman,Active
101850,Hollowbrook Health Holdings,Manufacturing,United Kingdom,21.0,2023-04-12,Content/Social,,Active
101851,Sable Learning Systems,Retail,United States,88.0,2021-06-16,Paid Search,Marcus Webb,Churned
101852,Ironclad Digital Systems,Financial Services,Australia,32.0,2021-01-20,Partner,Tariq Rahman,Active
101853,Bluepeak Finance LLC,Logistics,United States,20.0,2022-06-08,Paid Search,Farah Sultan,Churned
101854,Windward Cloud LLC,Retail,Canada,5.0,2023-06-09,Organic Search,Nadia Petrov,Paused
101855,Ridgeline Works Partners,Retail,United States,67.0,2022-03-19,Organic Search,Devon Wallace,Churned
101856,Harborview Works Corp.,Logistics,United States,36.0,2021-05-06,Paid Search,Isaac Brennan,Active
101857,Marrow Digital Industries,Healthcare,South Africa,302.0,2022-11-03,Paid Search,Marcus Webb,Churned
101858,Palisade Learning Labs,Healthcare,Canada,59.0,2022-08-24,Partner,Jordan Kim,Churned
101859,Wrenfield Finance Partners,Manufacturing,United States,12.0,2022-03-06,Partner,Tariq Rahman,Churned
101860,Orbital Industries (1),Retail,Germany,29.0,2023-08-04,Content/Social,Tariq Rahman,Active
101861,Cobalt Finance Corp.,Financial Services,Germany,35.0,2023-01-21,Content/Social,,Churned
101862,Redwood Ventures (1),Retail,Canada,91.0,2022-08-15,Referral,Tariq Rahman,Churned
101863,Halcyon Cloud Labs,Logistics,United States,112.0,2022-08-05,Paid Search,Owen Fitzgerald,Active
101864,Orbital Media Ventures,Healthcare,United States,16.0,2022-08-24,Paid Search,Mei Chen,Active
101865,Cascade Learning Industries,Education,India,4.0,2022-01-07,Referral,Tariq Rahman,Churned
101866,Lattice Supply Partners,Education,Germany,2.0,2021-12-19,Content/Social,,Churned
101867,Fallowmere Data Systems (1),Financial Services,United States,,2022-10-19,Organic Search,,Active
101868,Hollowbrook Cloud Co.,SaaS,United States,9.0,2022-05-24,Paid Search,,Active
101869,Fernway Robotics LLC,Healthcare,United States,142.0,2021-12-21,Referral,Nadia Petrov,Active
101870,Catalyst Digital Holdings,Media,United States,145.0,2021-03-20,Content/Social,Elena Torres,Active
101871,Summit Robotics Industries,Education,United Kingdom,70.0,2022-09-02,Referral,Devon Wallace,Active
101872,Windward Works Collective,Logistics,United States,,2022-07-27,Outbound Sales,Grace Lin,Active
101873,Lumen Data Inc.,Education,United Kingdom,8.0,2021-09-04,Referral,,Churned
101874,Crestline Solutions,Healthcare,United Kingdom,3.0,2021-09-08,Organic Search,,Active
101875,Marrow Retail Inc.,Healthcare,United States,5.0,2021-06-13,Referral,,Active
101876,Fieldstone Data Systems,Media,Australia,1.0,2024-06-09,Partner,,Churned
101877,Keystone Learning Technologies,Retail,United States,5.0,2023-07-17,Partner,,Active
101878,Thornbury Robotics Solutions,Education,United States,10.0,2022-03-02,Referral,Devon Wallace,Active
101879,Vantage Cloud Collective,Logistics,United States,25.0,2021-10-13,Organic Search,Marcus Webb,Active
101880,Lattice Analytics Industries,Media,United States,24.0,2022-11-10,Paid Search,,Active
101881,Cinder Robotics Inc.,Financial Services,United States,8.0,2022-02-19,Paid Search,,Paused
101882,Tidewater Networks (2),Healthcare,Brazil,42.0,2024-09-15,Paid Search,Leo Castillo,Active
101883,Fallowmere Corp.,Education,United States,8.0,2021-02-22,Paid Search,Farah Sultan,Active
101884,Northwind Finance Solutions,Education,united states,20.0,2021-01-05,Outbound Sales,Devon Wallace,Churned
101885,Crestline Systems Ventures,Manufacturing,Canada,5.0,2022-03-27,Partner,,Active
101886,Orbital Supply LLC,SaaS,Germany,83.0,2021-05-11,Outbound Sales,Mei Chen,Active
101887,Redwood Co. (1),Education,United States,21.0,2022-05-10,Outbound Sales,Hannah Ostrowski,Active
101888,Keystone Finance Solutions,SaaS,United States,,2023-01-16,Content/Social,,Active
101889,Quarrystone Supply Industries,Logistics,United States,4.0,2021-04-05,Content/Social,,Active
101890,Cascade Media Networks,Media,United States,25.0,2021-11-23,Organic Search,Mei Chen,Active
101891,Sable Finance Technologies,Manufacturing,United States,42.0,2022-09-08,Paid Search,Devon Wallace,Churned
101892,Orbital Health Holdings,Healthcare,India,1.0,2023-05-26,Paid Search,,Active
101893,Northwind Works Corp. (1),Manufacturing,United States,92.0,2021-12-05,Content/Social,,Churned
101894,Steadfast Retail Labs (1),Financial Services,United States,4.0,2021-05-25,Paid Search,Jordan Kim,Active
101895,Vantage Supply Solutions,manufacturing,India,26.0,2022-04-12,Organic Search,Mei Chen,Churned
101896,Lattice Works Partners (1),Retail,United States,205.0,2021-11-18,Referral,,Churned
101897,Fernway Solutions,Financial Services,United States,70.0,2022-12-25,Outbound Sales,Jordan Kim,Active
101898,Fernway Cloud LLC,Logistics,Canada,3.0,2022-03-04,Referral,Owen Fitzgerald,Active
101899,Thornbury Freight Partners,Retail,United States,16.0,2021-07-10,Partner,Jordan Kim,Churned
101900,Ridgeline Health Technologies,Financial Services,United States,100.0,2022-12-27,Referral,,Active
101901,Vantage Analytics Ventures,Healthcare,United States,7.0,2022-01-05,Partner,,Active
101902,Clearwater Analytics Labs,retail,United Kingdom,13.0,2021-05-03,Paid Search,,Active
101903,Lattice Digital Networks (2),Financial Services,United Kingdom,12.0,2022-03-15,Partner,Mei Chen,Active
101904,Amberlight Media Networks (2),Education,United States,,2024-04-01,Referral,Elena Torres,Active
101905,Vantage Works Corp.,SaaS,United States,3.0,2022-09-28,Organic Search,,Active
101906,Nimbus Finance Networks,Retail,United States,45.0,2021-08-26,Content/Social,,Active
101907,Clearwater Freight Systems,Media,United States,9.0,2022-10-06,Content/Social,,Churned
101908,Crestline Analytics Systems,Healthcare,Canada,,2021-07-05,Partner,Devon Wallace,Churned
101909,Ironclad Retail Co. (1),Healthcare,Singapore,15.0,2022-02-22,Content/Social,,Active
101910,Quarrystone Logic Ventures (1),Manufacturing,United States,44.0,2022-01-15,Organic Search,,Active
101911,Clearwater Media Labs,Manufacturing,United States,20.0,2021-06-24,Organic Search,,Churned
101912,Beacon Solutions (1),Logistics,Canada,,2021-09-28,Paid Search,,Active
101913,Vertex Supply Holdings,Retail,United States,73.0,2024-03-12,Content/Social,Sam O'Rourke,Active
101914,Overlook Finance Inc.,Media,United States,7.0,2021-06-08,Partner,Hannah Ostrowski,Active
101915,Vertex Retail Solutions,Manufacturing,Germany,118.0,2023-02-18,Content/Social,Jordan Kim,Active
101916,Wrenfield Logic Collective,SaaS,United States,30.0,2022-08-18,Partner,Jordan Kim,Active
101917,Crestline Logic Technologies,Logistics,United States,25.0,2022-02-13,Outbound Sales,Leo Castillo,Active
101918,Meridian Retail Technologies (1),Healthcare,United States,61.0,2021-04-09,Paid Search,,Churned
101919,Orbital Learning Inc.,Financial Services,United Kingdom,5.0,2021-05-08,Paid Search,Leo Castillo,Active
101920,Bluepeak Logic Group,Media,United Kingdom,3.0,2021-05-15,Referral,Leo Castillo,Churned
101921,Solstice Analytics Labs,Education,United States,21.0,2022-04-12,Partner,Mei Chen,Active
101922,Harborview Analytics Systems,Healthcare,India,9.0,2024-08-13,Paid Search,,Paused
101923,Keystone Analytics Solutions,Healthcare,United States,,2023-09-03,Content/Social,Grace Lin,Churned
101924,Clearwater Data Systems,Manufacturing,Germany,7.0,2021-01-25,Outbound Sales,Hannah Ostrowski,Churned
101925,Aldergate Retail LLC,Retail,United States,21.0,2021-07-20,Organic Search,Marcus Webb,Churned
101926,Palisade Logic Group,Financial Services,United States,26.0,2021-04-26,Content/Social,,Active
101927,Meridian Networks,Manufacturing,United Kingdom,100.0,2024-09-24,Referral,Marcus Webb,Active
101928,Brightline Media Holdings,Logistics,United States,6.0,2021-06-18,Outbound Sales,Owen Fitzgerald,Churned
101929,Hollowbrook Learning Networks,MEDIA,United Kingdom,,2021-05-09,Organic Search,Owen Fitzgerald,Churned
101930,Driftwood Cloud Partners (1),Healthcare,United States,123.0,2022-06-19,Organic Search,Farah Sultan,Churned
101931,Brackenridge Retail Solutions,Retail,United States,22.0,2022-03-16,Paid Search,Isaac Brennan,Churned
101932,Tidewater Media Labs,Logistics,United States,,2021-06-26,Referral,Elena Torres,Churned
101933,Vantage Logic Partners,Education,United States,61.0,2022-08-07,Partner,Farah Sultan,Active
101934,Vantage Technologies (1),Financial Services,United States,77.0,2021-03-01,Content/Social,,Churned
101935,Meridian Retail Networks,Logistics,United States,12.0,2021-01-04,Content/Social,Grace Lin,Active
101936,Granite Health Industries,Manufacturing,United States,,2021-02-05,Paid Search,Marcus Webb,Churned
101937,Sable Analytics Networks (1),Financial Services,Canada,1.0,2021-09-19,Content/Social,Nadia Petrov,Active
101938,Fernway Cloud Co.,Retail,India,6.0,2024-09-05,Paid Search,Farah Sultan,Active
101939,Wrenfield Retail Labs,SaaS,United States,22.0,2022-02-04,Paid Search,,Paused
101940,Hollowbrook Freight Collective (1),Education,United States,8.0,2022-12-12,Partner,Elena Torres,Churned
101941,Meridian Learning Labs,SaaS,United States,5.0,2021-08-22,Content/Social,,Active
101942,Meridian Freight LLC (1),Healthcare,United States,21.0,2022-10-12,Content/Social,,Active
101943,Fieldstone Analytics Group,Manufacturing,United States,115.0,2024-07-08,Partner,Priya Anand,Active
101944,Quarrystone Digital Solutions (1),SaaS,United States,19.0,2021-09-08,Paid Search,Owen Fitzgerald,Active
101945,Halcyon Inc.,Logistics,Brazil,5.0,2024-12-23,Paid Search,Mei Chen,Active
101946,Catalyst Freight Corp. (1),Financial Services,Canada,105.0,2022-06-13,Paid Search,Leo Castillo,Active
101947,Fallowmere Learning Inc.,Media,United States,7.0,2022-11-11,Referral,Owen Fitzgerald,Churned
101948,Tidewater Logic LLC,Retail,United States,137.0,2021-07-22,Referral,Leo Castillo,Churned
101949,Cinder Robotics Inc. (1),Financial Services,United States,14.0,2022-07-11,Paid Search,,Active
101950,Lumen Robotics Solutions,Logistics,United States,23.0,2022-01-10,Referral,Devon Wallace,Active
101951,Marrow Retail Labs,Manufacturing,United States,153.0,2024-05-22,Referral,,Active
101952,Amberlight Health Partners,Media,United States,3.0,2023-11-10,Outbound Sales,Leo Castillo,Active
101953,Marrow Learning Labs,Manufacturing,United States,5.0,2021-10-15,Organic Search,,Churned
101954,Brightline Works Collective,Manufacturing,United States,13.0,2024-04-19,Organic Search,Sam O'Rourke,Active
101955,Brightline Freight Collective,Healthcare,United Kingdom,,2023-09-06,Outbound Sales,Sam O'Rourke,Churned
101956,Wrenfield Freight Corp. (2),Financial Services,United States,623.0,2022-04-04,Outbound Sales,Grace Lin,Active
101957,Amberlight Supply Technologies,SaaS,South Africa,6.0,2021-02-24,Organic Search,,Active
101958,Palisade Cloud Collective,Healthcare,United States,,2021-04-09,Paid Search,,Churned
101959,Silverline Media Inc.,SaaS,United States,6.0,2021-02-10,Content/Social,Tariq Rahman,Churned
101960,Meridian Ventures,Healthcare,United States,27.0,2021-03-17,Partner,Mei Chen,Active
101961,Redwood Logic Ventures,Manufacturing,United States,38.0,2024-09-03,Paid Search,,Active
101962,Fallowmere Works Holdings,Retail,United States,8.0,2021-06-02,Referral,Sam O'Rourke,Active
101963,Beacon Supply Co.,Financial Services,United States,21.0,2022-09-12,Referral,Mei Chen,Active
101964,Bluepeak Analytics Labs,Education,United States,252.0,2022-06-28,Paid Search,Farah Sultan,Churned
101965,Windward Data Networks,Retail,United States,21.0,2022-06-17,Paid Search,,Churned
101966,Sable Collective (2),Media,United States,30.0,2021-05-17,Content/Social,Grace Lin,Paused
101967,Meridian Cloud Corp.,Media,India,234.0,2022-04-18,Referral,Isaac Brennan,Active
101968,Anchor Logic Systems (1),Retail,United Kingdom,8.0,2022-06-25,Paid Search,,Churned
101969,Basalt Systems Systems,SaaS,United Kingdom,7.0,2022-03-24,Partner,Farah Sultan,Active
101970,Anchor Health Industries,SaaS,Germany,11.0,2021-05-01,Referral,Isaac Brennan,Active
101971,Meridian Learning Inc.,Healthcare,United States,10.0,2022-10-16,Outbound Sales,Owen Fitzgerald,Active
101972,Summit Digital Industries,Retail,Australia,2.0,2021-02-16,Organic Search,Marcus Webb,Active
101973,Basalt Logic Corp.,SaaS,United States,24.0,2022-04-07,Paid Search,Priya Anand,Churned
101974,Sable Collective (3),Financial Services,United States,27.0,2021-11-28,Paid Search,Jordan Kim,Active
101975,Ironclad Supply Labs,Education,United Kingdom,16.0,2021-06-08,Content/Social,,Active
101976,Ironclad Digital Collective,SaaS,United States,28.0,2023-03-24,Outbound Sales,Jordan Kim,Active
101977,Keystone Health Technologies (1),Education,United States,28.0,2021-05-03,Partner,Leo Castillo,Active
101978,Quarrystone Analytics Group (1),Financial Services,United States,4.0,2024-02-17,Paid Search,,Active
101979,Brightline Group,Retail,United States,29.0,2023-09-21,Partner,Sam O'Rourke,Active
101980,Silverline Finance Group (2),SaaS,United States,42.0,2021-09-15,Referral,,Active
101981,Sable Digital LLC,Media,Canada,3.0,2021-08-03,Outbound Sales,Farah Sultan,Churned
101982,Catalyst Networks (1),SaaS,United States,135.0,2021-04-04,Organic Search,Marcus Webb,Churned
101983,Wildflower Retail Ventures,Retail,United States,4.0,2023-12-17,Outbound Sales,Elena Torres,Churned
101984,Anchor Media Industries,Manufacturing,United States,5.0,2022-06-25,Paid Search,Farah Sultan,Churned
101985,Palisade Works Industries (1),Manufacturing,Germany,26.0,2021-01-17,Paid Search,Nadia Petrov,Churned
101986,Hollowbrook Group,Logistics,Japan,40.0,2022-01-03,Partner,Jordan Kim,Paused
101987,Hollowbrook Systems Technologies,SaaS,United Kingdom,55.0,2021-02-22,Paid Search,Grace Lin,Active
101988,Lattice Cloud Industries,Retail,United States,,2022-04-13,Paid Search,Mei Chen,Churned
101989,Hollowbrook Works Inc.,Manufacturing,United States,10.0,2022-01-03,Content/Social,Marcus Webb,Active
101990,Lattice Digital Systems,Retail,United States,23.0,2021-02-11,Organic Search,,Active
101991,Cobalt Labs (1),Financial Services,Canada,13.0,2023-04-06,Referral,,Churned
101992,Wrenfield Logic Solutions,Healthcare,United States,,2021-07-28,Partner,Farah Sultan,Churned
101993,Hollowbrook Robotics Corp.,Media,Canada,22.0,2022-02-26,Partner,Priya Anand,Active
101994,Wrenfield Systems Group,Media,United States,10.0,2022-07-03,Paid Search,Isaac Brennan,Active
101995,Harborview Labs,Media,Australia,13.0,2024-06-17,Referral,,Active
101996,Tidewater Robotics Inc.,Education,United States,2.0,2021-12-01,Referral,Jordan Kim,Active
101997,Amberlight Systems Holdings,Financial Services,United States,59.0,2023-12-13,Organic Search,,Churned
101998,Bluepeak Works Ventures,Education,United States,30.0,2021-09-05,Partner,Isaac Brennan,Active
101999,Brackenridge Supply LLC,SaaS,United Kingdom,1.0,2023-07-21,Content/Social,,Active
102000,Hollowbrook Systems Holdings,Education,Australia,56.0,2021-06-03,Paid Search,Sam O'Rourke,Churned
102001,Fernway Finance Solutions,Healthcare,United States,19.0,2022-09-26,Paid Search,Elena Torres,Churned
102002,Beacon Supply LLC,Logistics,Germany,6.0,2021-02-07,Outbound Sales,Elena Torres,Churned
102003,Solstice Retail Corp.,Retail,United States,5.0,2024-10-08,Referral,Jordan Kim,Active
102004,Sable Robotics Labs,SaaS,United States,8.0,2024-05-25,Partner,,Active
102005,Ironclad Analytics LLC,Logistics,United States,6.0,2021-11-26,Paid Search,Isaac Brennan,Active
102006,Lattice Supply Solutions,Retail,United States,7.0,2022-01-03,Paid Search,,Active
102007,Beacon Analytics Collective (1),Education,canada,183.0,2022-05-04,Outbound Sales,Mei Chen,Active
102008,Granite Supply Co.,Financial Services,United States,33.0,2021-07-24,Content/Social,,Churned
102009,Marrow Learning Technologies,Healthcare,United States,,2022-08-28,Paid Search,,Active
102010,Tidewater Freight Corp.,Financial Services,United States,27.0,2022-09-14,Content/Social,Tariq Rahman,Active
102011,Aldergate Digital LLC,Manufacturing,india,43.0,2022-01-05,Organic Search,,Active
102012,Fernway Analytics Co.,SaaS,Germany,6.0,2021-04-05,Paid Search,Elena Torres,Churned
102013,Redwood Retail Partners,Manufacturing,Canada,16.0,2023-12-08,Referral,Mei Chen,Paused
102014,Cascade Supply Labs,Logistics,United States,18.0,2021-03-20,Organic Search,Owen Fitzgerald,Active
102015,Amberlight Logic Labs,Healthcare,United States,45.0,2022-06-03,Outbound Sales,Farah Sultan,Active
102016,Lumen Analytics Co.,manufacturing,United States,19.0,2021-03-18,Organic Search,,Active
102017,Meridian Retail Technologies (2),Logistics,Germany,32.0,2021-04-23,Referral,,Active
102018,Halcyon Inc. (1),Logistics,United States,30.0,2021-01-05,Paid Search,,Churned
102019,Hollowbrook Media Partners,Manufacturing,Singapore,14.0,2021-09-28,Partner,,Active
102020,Amberlight Systems Partners,Logistics,Canada,12.0,2022-07-28,Content/Social,,Active
102021,Cobalt Health Solutions,Media,India,8.0,2022-01-09,Organic Search,Nadia Petrov,Churned
102022,Steadfast Digital Group,education,Canada,82.0,2022-08-04,Referral,Hannah Ostrowski,Active
102023,Fallowmere Logic Industries,Retail,United States,14.0,2022-08-10,Content/Social,Nadia Petrov,Active
102024,Palisade Media Collective,Media,United States,31.0,2021-04-08,Paid Search,,Active
102025,Nimbus Analytics Group,Healthcare,United States,16.0,2021-02-08,Partner,Hannah Ostrowski,Active
102026,Brightline Media Collective,Manufacturing,United States,80.0,2022-06-26,Referral,,Churned
102027,Pinecrest Digital Collective,Manufacturing,India,2.0,2022-07-05,Content/Social,,Churned
102028,Cinder Supply Co.,Healthcare,United States,30.0,2022-03-09,Organic Search,,Active
102029,Fieldstone Retail Corp.,Media,Australia,4.0,2021-06-23,Organic Search,,Active
102030,Crestline Group (1),Manufacturing,Australia,33.0,2023-03-02,Organic Search,,Churned
102031,Amberlight Analytics Holdings (1),Manufacturing,United States,,2021-02-02,Paid Search,,Churned
102032,Marrow Corp.,Logistics,United States,3.0,2022-06-09,Paid Search,Grace Lin,Active
102033,Silverline Works Collective,Healthcare,United States,31.0,2021-03-28,Content/Social,Nadia Petrov,Churned
102034,Granite Cloud Ventures,Media,United States,27.0,2022-07-24,Organic Search,,Churned
102035,Sable Data Corp.,SaaS,India,15.0,2021-10-26,Paid Search,,Active
102036,Hollowbrook Media Ventures,Manufacturing,India,18.0,2022-10-25,Organic Search,,Active
102037,Granite Finance Holdings,Retail,India,25.0,2021-02-04,Organic Search,,Churned
102038,Anchor Logic Ventures,Retail,United States,93.0,2022-03-12,Referral,Marcus Webb,Active
102039,Crestline Learning Technologies,Retail,Canada,,2021-04-15,Paid Search,Devon Wallace,Active
102040,Redwood Robotics Ventures,Media,United Kingdom,,2022-08-05,Partner,Farah Sultan,Paused
102041,Fieldstone Logic Solutions,Healthcare,France,19.0,2021-03-28,Partner,Marcus Webb,Active
102042,Lumen Technologies,Financial Services,Canada,108.0,2021-02-17,Paid Search,,Active
102043,Pinecrest Cloud Co.,Healthcare,India,15.0,2022-10-24,Partner,Elena Torres,Active
102044,Basalt Retail Holdings,Education,United States,8.0,2021-02-08,Organic Search,,Active
102045,Anchor Logic Industries,Logistics,Canada,5.0,2021-06-21,Referral,,Active
102046,Cobalt Finance Technologies,Manufacturing,United States,19.0,2023-04-03,Content/Social,Leo Castillo,Active
102047,Nimbus Learning Networks (2),SaaS,United States,7.0,2023-03-01,Content/Social,Sam O'Rourke,Churned
102048,Cobalt Systems Labs,Education,United States,,2023-07-18,Organic Search,,Active
102049,Driftwood Cloud Collective,SaaS,United States,6.0,2021-08-02,Referral,Hannah Ostrowski,Active
102050,Nimbus Holdings,Retail,United States,,2022-02-08,Organic Search,,Active
102051,Summit Data Holdings,Retail,United States,43.0,2022-12-23,Referral,Marcus Webb,Active
102052,Solstice Robotics Corp. (1),Manufacturing,Canada,94.0,2021-04-14,Outbound Sales,Marcus Webb,Active
102053,Catalyst Digital Solutions,Logistics,United Kingdom,52.0,2022-10-11,Paid Search,Jordan Kim,Churned
102054,Redwood Logic Solutions,Retail,Germany,80.0,2021-03-09,Content/Social,Hannah Ostrowski,Active
102055,Sable Analytics Corp. (1),Logistics,Canada,18.0,2023-12-19,Outbound Sales,Jordan Kim,Active
102056,Copperfield Supply Labs,Healthcare,United States,18.0,2022-06-27,Paid Search,,Active
102057,Harborview Solutions,Healthcare,Canada,275.0,2021-12-21,Content/Social,,Active
102058,Amberlight Finance Corp.,Retail,United Kingdom,,2021-12-11,Partner,Leo Castillo,Active
102059,Keystone Systems Collective,SaaS,United States,,2021-05-12,Organic Search,Farah Sultan,Active
102060,Steadfast Group,Education,Japan,85.0,2021-09-03,Referral,Jordan Kim,Churned
102061,Basalt Works Ventures,Financial Services,Germany,61.0,2022-10-05,Content/Social,,Churned
102062,Steadfast LLC,SaaS,United States,4.0,2022-02-08,Content/Social,,Active
102063,Amberlight Inc.,Education,canada,19.0,2022-02-11,Organic Search,,Active
102064,Catalyst Cloud Technologies,Healthcare,United States,141.0,2021-05-28,Outbound Sales,Leo Castillo,Churned
102065,Steadfast Media Solutions,Financial Services,Germany,51.0,2022-09-25,Content/Social,,Active
102066,Meridian Works Networks,Logistics,United Kingdom,18.0,2021-10-04,Content/Social,Farah Sultan,Active
102067,Aldergate Works Group (1),Financial Services,United States,143.0,2021-05-10,Paid Search,Elena Torres,Active
102068,Northwind Industries (1),Financial Services,Canada,,2024-03-02,Referral,,Active
102069,Thornbury Analytics Holdings,Manufacturing,United States,54.0,2022-01-02,Content/Social,,Active
102070,Northwind Freight Labs,Logistics,United States,,2022-02-11,Paid Search,,Churned
102071,Summit Freight Holdings (1),Manufacturing,Canada,41.0,2024-09-27,Referral,,Active
102072,Vantage Works Inc.,Financial Services,Canada,45.0,2021-09-06,Referral,Isaac Brennan,Churned
102073,Wrenfield Analytics Technologies,Healthcare,United States,109.0,2024-03-20,Referral,,Active
102074,Marrow Digital Partners,Retail,India,129.0,2022-09-11,Outbound Sales,Hannah Ostrowski,Active
102075,Palisade Robotics Holdings,SaaS,United States,11.0,2022-06-16,Paid Search,,Churned
102076,Nimbus Finance Systems,Media,United States,32.0,2021-06-25,Partner,Owen Fitzgerald,Active
102077,Ridgeline Logic Group,Manufacturing,india,105.0,2021-02-24,Organic Search,Devon Wallace,Churned
102078,Thornbury Freight Ventures,Healthcare,United States,17.0,2021-11-24,Partner,Leo Castillo,Churned
102079,Catalyst Technologies (1),Logistics,United States,4.0,2021-01-12,Organic Search,,Churned
102080,Sable Logic Collective,Logistics,Germany,,2021-02-02,Paid Search,,Churned
102081,Summit Systems Technologies,Education,Canada,7.0,2022-05-28,Content/Social,Devon Wallace,Active
102082,Windward Finance Inc.,Healthcare,United Kingdom,11.0,2022-10-28,Partner,,Active
102083,Anchor Freight Group,Education,United Kingdom,8.0,2021-04-25,Organic Search,Farah Sultan,Active
102084,Catalyst Learning Solutions,Media,Australia,77.0,2022-11-14,Organic Search,,Active
102085,Bluepeak Media Industries,Education,Australia,14.0,2024-04-08,Referral,Leo Castillo,Active
102086,Driftwood LLC,Financial Services,United States,,2022-11-05,Content/Social,Nadia Petrov,Active
102087,Vantage Digital Collective,Education,United States,5.0,2023-01-11,Organic Search,,Churned
102088,Orbital Cloud Industries,Media,United States,13.0,2022-09-10,Content/Social,,Active
102089,Northwind Digital Industries,Financial Services,United States,,2021-06-08,Organic Search,,Churned
102090,Wildflower Supply Labs,Retail,United States,,2021-09-27,Outbound Sales,Devon Wallace,Active
102091,Halcyon Robotics Inc.,Education,United Kingdom,89.0,2024-04-19,Organic Search,,Active
102092,Cobalt Supply Inc.,Manufacturing,Canada,,2022-08-07,Paid Search,,Active
102093,Pinecrest Data Technologies,Logistics,Germany,73.0,2023-01-18,Content/Social,,Active
102094,Fernway Works Co. (1),SaaS,United States,2.0,2024-07-20,Paid Search,Hannah Ostrowski,Active
102095,Fallowmere Cloud Inc.,Logistics,United States,,2021-06-15,Content/Social,Leo Castillo,Active
102096,Catalyst Systems Co.,Media,United States,4.0,2021-08-27,Paid Search,Mei Chen,Churned
102097,Ridgeline Data Corp.,Manufacturing,United States,36.0,2022-07-28,Organic Search,Mei Chen,Active
102098,Cobalt Freight Group,Retail,United States,87.0,2021-01-13,Content/Social,Farah Sultan,Active
102099,Halcyon Analytics Group,Retail,Singapore,64.0,2022-03-14,Outbound Sales,Owen Fitzgerald,Churned
102100,Summit Data Group,Financial Services,United States,2.0,2023-03-07,Paid Search,,Churned
102101,Fernway Analytics Partners,Retail,India,11.0,2022-05-22,Referral,,Active
102102,Copperfield Logic Partners,Manufacturing,United States,51.0,2021-08-27,Paid Search,,Active
102103,Anchor Finance Technologies,Media,United States,49.0,2022-10-19,Content/Social,,Active
102104,Northwind Cloud Ventures (1),Financial Services,Australia,29.0,2021-04-06,Paid Search,Mei Chen,Active
102105,Northwind Systems Collective (1),Manufacturing,Germany,1.0,2023-10-15,Referral,Mei Chen,Active
102106,Amberlight Analytics Corp.,Media,United States,95.0,2021-03-23,Paid Search,Elena Torres,Churned
102107,Fallowmere Logic Networks,Logistics,Germany,120.0,2023-08-02,Outbound Sales,,Active
102108,Aldergate Logic Inc. (1),Manufacturing,United States,25.0,2021-12-17,Content/Social,,Churned
102109,Palisade Cloud Holdings (1),Retail,Canada,27.0,2021-11-19,Partner,,Churned
102110,Cobalt Freight Solutions,Retail,United States,39.0,2022-01-16,Organic Search,Marcus Webb,Churned
102111,Solstice Cloud Group,Logistics,United States,134.0,2021-05-18,Organic Search,Grace Lin,Active
102112,Keystone Cloud Ventures,Media,India,28.0,2021-11-26,Paid Search,Grace Lin,Active
102113,Hollowbrook Analytics Networks,Media,Canada,16.0,2023-06-04,Content/Social,Jordan Kim,Active
102114,Sable Freight Group,Financial Services,Canada,33.0,2023-02-16,Paid Search,Jordan Kim,Active
102115,Palisade Robotics Networks,Retail,United States,20.0,2021-04-23,Outbound Sales,Leo Castillo,Active
102116,Amberlight Freight Partners,Education,Australia,,2022-08-24,Organic Search,Elena Torres,Active
102117,Northwind Logic Collective,Manufacturing,United States,2.0,2023-07-14,Content/Social,,Active
102118,Driftwood Health Industries,Retail,United States,40.0,2023-04-28,Referral,Sam O'Rourke,Active
102119,Nimbus Data Systems,Financial Services,United States,92.0,2021-11-10,Referral,Elena Torres,Churned
102120,Ridgeline Corp.,Financial Services,United States,76.0,2021-01-13,Content/Social,,Churned
102121,Silverline Systems Systems,Healthcare,United States,69.0,2024-01-24,Content/Social,Devon Wallace,Churned
102122,Quarrystone Works Inc.,Media,India,19.0,2021-10-13,Referral,,Active
102123,Northwind LLC,Financial Services,United States,24.0,2021-09-10,Partner,Mei Chen,Active
102124,Wrenfield Supply Group,Logistics,United Kingdom,,2022-12-16,Outbound Sales,Hannah Ostrowski,Churned
102125,Tidewater Logic Group,SaaS,United States,62.0,2021-07-18,Referral,Farah Sultan,Active
102126,Brightline Analytics Technologies,Logistics,India,139.0,2023-05-28,Paid Search,Devon Wallace,Active
102127,Anchor Robotics Inc.,Manufacturing,United States,8.0,2021-02-18,Outbound Sales,Devon Wallace,Active
102128,Silverline Learning Systems,Manufacturing,United States,8.0,2022-11-06,Outbound Sales,Marcus Webb,Active
102129,Marrow Works Holdings,Healthcare,United Kingdom,13.0,2024-07-02,Paid Search,Mei Chen,Active
102130,Lattice Health Solutions,SaaS,Germany,6.0,2024-12-28,Organic Search,,Active
102131,Keystone Robotics LLC,Retail,France,4.0,2023-12-12,Outbound Sales,Elena Torres,Active
102132,Brightline Logic Labs,Financial Services,United States,,2023-08-06,Paid Search,,Churned
102133,Wrenfield Learning Corp.,Healthcare,Germany,34.0,2021-07-07,Outbound Sales,Nadia Petrov,Active
102134,Harborview Ventures,Retail,United Kingdom,,2024-07-03,Outbound Sales,Devon Wallace,Active
102135,Basalt Supply Holdings,SaaS,Germany,32.0,2024-01-06,Organic Search,Nadia Petrov,Churned
102136,Orbital Ventures,Manufacturing,United States,3.0,2022-02-22,Organic Search,Leo Castillo,Churned
102137,Clearwater Cloud Inc.,Manufacturing,United States,11.0,2021-10-19,Organic Search,Priya Anand,Active
102138,Redwood Cloud Solutions,Retail,United States,14.0,2021-03-17,Organic Search,Priya Anand,Active
102139,Ironclad LLC,Media,Canada,21.0,2022-04-01,Outbound Sales,Jordan Kim,Churned
102140,Ridgeline Health Group,Logistics,United States,3.0,2022-09-19,Partner,Nadia Petrov,Active
102141,Palisade Corp. (1),Logistics,United States,6.0,2021-10-28,Content/Social,Isaac Brennan,Active
102142,Brackenridge Robotics Industries,Retail,United Kingdom,11.0,2021-10-26,Paid Search,Farah Sultan,Churned
102143,Meridian Corp.,Financial Services,Brazil,80.0,2022-04-12,Outbound Sales,Elena Torres,Active
102144,Silverline Health Holdings,SaaS,United Kingdom,28.0,2021-01-17,Organic Search,,Churned
102145,Nimbus Systems Technologies,SaaS,India,76.0,2024-06-09,Partner,Owen Fitzgerald,Active
102146,Cobalt Analytics Ventures,Media,United States,,2021-07-25,Paid Search,Priya Anand,Churned
102147,Catalyst Learning Ventures,Logistics,Germany,20.0,2021-04-26,Referral,,Active
102148,Vertex Supply Technologies,Retail,United States,38.0,2021-01-07,Referral,Nadia Petrov,Churned
102149,Marrow Works Group,Financial Services,United States,,2023-07-14,Organic Search,Sam O'Rourke,Active
102150,Windward Systems Networks,SaaS,United States,,2023-08-07,Content/Social,Devon Wallace,Active
102151,Cinder Finance Group (1),Media,United States,3.0,2021-03-18,Paid Search,Owen Fitzgerald,Active
102152,Beacon Media Partners,Education,United Kingdom,9.0,2021-04-09,Paid Search,,Active
102153,Granite Works Co.,Healthcare,India,60.0,2021-11-20,Outbound Sales,Tariq Rahman,Churned
102154,Redwood Logic LLC,Logistics,United States,103.0,2021-05-28,Referral,,Churned
102155,Wildflower Health LLC,Retail,United States,,2022-11-25,Organic Search,,Active
102156,Wildflower Logic Inc.,Healthcare,United States,2.0,2021-02-06,Organic Search,Tariq Rahman,Active
102157,Bluepeak Finance Networks,Manufacturing,United States,67.0,2022-02-04,Paid Search,Jordan Kim,Active
102158,Silverline Analytics Solutions,Financial Services,Germany,22.0,2021-10-23,Content/Social,Tariq Rahman,Active
102159,Cascade Freight Technologies,Manufacturing,United Kingdom,3.0,2021-12-03,Referral,,Active
102160,Sable Networks,Retail,United States,1.0,2021-11-12,Organic Search,Marcus Webb,Active
102161,Brightline Freight Collective (1),Manufacturing,United States,6.0,2021-04-28,Organic Search,Hannah Ostrowski,Active
102162,Windward Analytics LLC,Education,Canada,,2021-06-13,Content/Social,Isaac Brennan,Active
102163,Ironclad Labs,SaaS,Canada,4.0,2021-02-01,Content/Social,Hannah Ostrowski,Active
102164,Beacon Health Technologies,Healthcare,Germany,49.0,2021-03-28,Paid Search,Isaac Brennan,Churned
102165,Copperfield Media Collective,Healthcare,United States,7.0,2024-09-20,Outbound Sales,Elena Torres,Active
102166,Harborview Finance LLC,Education,United States,20.0,2021-07-10,Paid Search,Owen Fitzgerald,Churned
102167,Brackenridge Learning Labs,FINANCIAL SERVICES,United States,439.0,2021-08-18,Paid Search,,Active
102168,Clearwater Digital Networks,Financial Services,Canada,23.0,2021-03-18,Content/Social,,Paused
102169,Granite Freight Inc.,Retail,United States,17.0,2022-12-16,Content/Social,Owen Fitzgerald,Active
102170,Catalyst Systems LLC,Logistics,India,18.0,2023-12-27,Paid Search,Priya Anand,Churned
102171,Ironclad Systems Technologies,Manufacturing,United States,48.0,2023-01-23,Content/Social,,Active
102172,Catalyst Robotics Group,Manufacturing,Canada,41.0,2022-05-08,Outbound Sales,Marcus Webb,Churned
102173,Northwind Data LLC,Healthcare,United States,5.0,2023-03-28,Partner,Marcus Webb,Churned
102174,Meridian Freight Technologies,Manufacturing,Canada,12.0,2021-10-27,Partner,,Churned
102175,Cobalt Data Systems,Retail,United States,8.0,2023-07-02,Referral,Owen Fitzgerald,Active
102176,Halcyon Health Inc.,Financial Services,Canada,14.0,2023-02-09,Content/Social,,Active
102177,Redwood Finance Group,Healthcare,United States,216.0,2021-01-18,Paid Search,Hannah Ostrowski,Active
102178,Brackenridge Supply Partners,Healthcare,United Kingdom,,2021-12-25,Referral,,Churned
102179,Aldergate Analytics Group,Manufacturing,Canada,18.0,2021-07-21,Organic Search,Leo Castillo,Churned
102180,Wrenfield Technologies,Healthcare,United States,101.0,2021-02-17,Partner,Farah Sultan,Churned
102181,Fernway Works Holdings,Manufacturing,United States,26.0,2023-06-09,Paid Search,,Active
102182,Marrow Freight Labs,Education,United States,2.0,2021-01-03,Referral,,Churned
102183,Palisade Learning Ventures,Logistics,United States,175.0,2022-10-26,Partner,Devon Wallace,Active
102184,Lumen Finance Co.,Retail,United Kingdom,16.0,2024-11-15,Organic Search,,Active
102185,Orbital Logic Technologies,Logistics,United States,1.0,2021-12-13,Organic Search,Tariq Rahman,Active
102186,Aldergate Cloud Holdings,Retail,United States,3.0,2021-09-28,Organic Search,Isaac Brennan,Churned
102187,Cinder Finance Inc.,Education,United States,87.0,2022-05-05,Outbound Sales,Mei Chen,Churned
102188,Vertex Digital LLC,Healthcare,United States,3.0,2023-03-08,Organic Search,Nadia Petrov,Active
102189,Solstice Logic Group,Media,United States,116.0,2021-06-24,Organic Search,Owen Fitzgerald,Active
102190,Quarrystone Media Inc.,Retail,India,22.0,2021-06-08,Referral,,Churned
102191,Ridgeline Logic Co.,Healthcare,United States,51.0,2022-05-27,Content/Social,Grace Lin,Active
102192,Vertex Cloud LLC,Retail,Germany,14.0,2024-03-25,Partner,,Active
102193,Vantage Finance Partners,Logistics,India,40.0,2021-08-03,Paid Search,Jordan Kim,Churned
102194,Ridgeline Freight Industries,Education,United States,30.0,2021-09-13,Content/Social,,Active
102195,Brightline Learning Systems,Retail,Australia,19.0,2024-11-22,Partner,Hannah Ostrowski,Active
102196,Redwood Finance Inc.,Media,United Kingdom,5.0,2021-05-14,Partner,Owen Fitzgerald,Active
102197,Brackenridge Health Corp.,Healthcare,United Kingdom,32.0,2021-02-07,Referral,Mei Chen,Active
102198,Aldergate Finance Ventures,Retail,United States,2.0,2022-04-02,Paid Search,,Active
102199,Amberlight Logic Inc.,Financial Services,United Kingdom,67.0,2021-01-01,Outbound Sales,Elena Torres,Churned
102200,Bluepeak Systems,Media,United States,26.0,2021-05-05,Referral,,Churned
102201,Harborview Finance Solutions,Media,United States,37.0,2022-06-08,Organic Search,Owen Fitzgerald,Churned
102202,Tidewater LLC,SaaS,United States,1.0,2022-07-09,Paid Search,Leo Castillo,Active
102203,Palisade Health Inc. (1),Logistics,United States,5.0,2022-01-24,Organic Search,,Active
102204,Wrenfield Cloud Solutions,Logistics,United Kingdom,10.0,2021-10-15,Outbound Sales,Farah Sultan,Active
102205,Vertex Finance Labs,Healthcare,United States,48.0,2022-04-04,Paid Search,Isaac Brennan,Active
102206,Summit Cloud LLC,Education,United States,6.0,2022-07-03,Outbound Sales,Marcus Webb,Active
102207,Wrenfield Systems Networks (1),Financial Services,Canada,551.0,2023-03-04,Partner,Devon Wallace,Active
102208,Orbital Learning Corp.,Financial Services,United States,14.0,2023-02-09,Organic Search,Leo Castillo,Active
102209,Hollowbrook Retail Technologies,Manufacturing,United States,5.0,2022-08-21,Paid Search,Hannah Ostrowski,Churned
102210,Granite Cloud Group,Manufacturing,United States,16.0,2023-10-02,Paid Search,Leo Castillo,Active
102211,Driftwood Inc,Financial Services,Germany,6.0,2023-05-12,Organic Search,,Churned
102212,Solstice Cloud Corp.,Financial Services,India,4.0,2021-04-13,Partner,Mei Chen,Churned
102213,Harborview Analytics Inc.,Financial Services,United Kingdom,75.0,2024-05-05,Outbound Sales,Elena Torres,Churned
102214,Brackenridge Retail Corp.,Financial Services,Canada,39.0,2023-10-02,Content/Social,,Active
102215,Palisade Logic Ventures (1),SaaS,United Kingdom,39.0,2021-08-07,Content/Social,Nadia Petrov,Active
102216,Keystone Robotics Solutions,Healthcare,Canada,106.0,2021-01-05,Paid Search,Isaac Brennan,Churned
102217,Halcyon Co. (3),Manufacturing,United Kingdom,38.0,2022-05-23,Outbound Sales,Jordan Kim,Active
102218,Solstice Collective,Logistics,Australia,5.0,2021-11-26,Referral,,Paused
102219,Wildflower Robotics Solutions,Media,United Kingdom,50.0,2022-11-18,Referral,,Active
102220,Cobalt Systems (1),Media,United States,5.0,2022-01-22,Organic Search,,Active
102221,Catalyst Freight Inc. (1),Media,United States,11.0,2021-02-22,Organic Search,,Active
102222,Cobalt Digital Co.,Education,United States,,2021-06-25,Outbound Sales,Elena Torres,Active
102223,Pinecrest Works Partners,Manufacturing,United States,17.0,2023-09-03,Outbound Sales,Hannah Ostrowski,Active
102224,Summit Learning Labs,Media,South Africa,2.0,2021-01-28,Organic Search,,Churned
102225,Overlook Systems Technologies,Retail,India,6.0,2022-11-13,Paid Search,Marcus Webb,Active
102226,Basalt Learning Group,Retail,Canada,20.0,2021-07-16,Referral,Isaac Brennan,Active
102227,Cascade Supply Ventures (1),Healthcare,United Kingdom,9.0,2021-11-23,Outbound Sales,Nadia Petrov,Churned
102228,Pinecrest Logic Group,Education,Germany,87.0,2022-02-14,Referral,Priya Anand,Active
102229,Ironclad Freight Systems,Media,India,108.0,2021-06-08,Paid Search,,Active
102230,Fieldstone Freight Ventures,Financial Services,United States,5.0,2022-07-01,Organic Search,Isaac Brennan,Churned
102231,Windward Logic Labs,Logistics,United States,22.0,2022-09-05,Partner,,Churned
102232,Overlook Supply Technologies,Healthcare,united states,157.0,2021-02-03,Partner,Nadia Petrov,Active
102233,Steadfast Inc.,Financial Services,United States,17.0,2021-09-11,Paid Search,,Active
102234,Orbital Logic Collective,Logistics,United States,12.0,2022-11-22,Referral,,Active
102235,Vertex Data Technologies,Retail,United States,61.0,2022-10-10,Referral,Farah Sultan,Active
102236,Crestline Finance Technologies,Media,United States,14.0,2022-02-17,Outbound Sales,Marcus Webb,Churned
102237,Cascade Robotics Labs (1),Retail,United States,,2023-01-06,Paid Search,Sam O'Rourke,Active
102238,Wrenfield Finance Labs,Logistics,Germany,9.0,2021-03-17,Outbound Sales,Jordan Kim,Active
102239,Cinder Works Industries,Healthcare,United States,,2021-03-27,Content/Social,Elena Torres,Churned
102240,Tidewater Analytics Group,Manufacturing,Canada,,2022-07-09,Organic Search,Owen Fitzgerald,Active
102241,Cascade Digital Labs (1),Manufacturing,United States,23.0,2022-09-14,Organic Search,Nadia Petrov,Active
102242,Tidewater Robotics LLC,Financial Services,South Africa,23.0,2023-04-27,Paid Search,Hannah Ostrowski,Active
102243,Harborview Freight Technologies,Education,India,2.0,2021-05-18,Paid Search,Nadia Petrov,Active
102244,Fernway Freight Technologies,Media,Germany,13.0,2022-01-12,Content/Social,Priya Anand,Active
102245,Sable Retail Group (1),Logistics,United States,62.0,2022-08-04,Content/Social,,Active
102246,Pinecrest Retail Inc.,SaaS,United Kingdom,7.0,2021-06-27,Paid Search,,Active
102247,Overlook Learning Inc.,Financial Services,United States,50.0,2022-01-18,Content/Social,Nadia Petrov,Churned
102248,Tidewater Inc.,Media,United States,28.0,2022-06-02,Paid Search,Farah Sultan,Active
102249,Lumen Health Systems,Education,India,15.0,2021-06-16,Referral,Tariq Rahman,Active
102250,Driftwood Retail Holdings,SaaS,United States,117.0,2021-09-28,Outbound Sales,Jordan Kim,Churned
102251,Nimbus Media Collective,Retail,United States,13.0,2021-06-27,Organic Search,Priya Anand,Active
102252,Orbital Finance Technologies (2),Media,australia,14.0,2023-11-06,Referral,,Active
102253,Aldergate Data Technologies (1),Financial Services,united states,15.0,2021-06-12,Outbound Sales,Marcus Webb,Active
102254,Bluepeak Systems (1),Manufacturing,India,22.0,2021-03-28,Paid Search,Devon Wallace,Churned
102255,Wrenfield Media Labs,Logistics,United States,54.0,2021-01-22,Content/Social,Priya Anand,Churned
102256,Wildflower Works Labs,SaaS,United States,3.0,2021-01-16,Paid Search,Leo Castillo,Active
102257,Marrow Labs (1),Financial Services,United States,62.0,2021-05-09,Paid Search,Farah Sultan,Active
102258,Wrenfield Systems (1),Retail,United States,22.0,2022-05-22,Content/Social,Sam O'Rourke,Active
102259,Vantage Logic Technologies,Media,Canada,,2021-01-17,Referral,Nadia Petrov,Active
102260,Tidewater Logic Partners,Financial Services,Australia,450.0,2021-07-15,Organic Search,Tariq Rahman,Active
102261,Marrow Digital Networks,Logistics,United States,10.0,2021-02-26,Organic Search,,Churned
102262,Sable Data Solutions,Healthcare,United States,4.0,2021-10-11,Paid Search,Jordan Kim,Active
102263,Lattice Collective,Retail,Canada,26.0,2021-01-18,Organic Search,Isaac Brennan,Active
102264,Halcyon Cloud Industries,Media,United States,32.0,2022-05-02,Organic Search,,Paused
102265,Ironclad Cloud Industries,Education,United States,62.0,2022-09-20,Referral,,Churned
102266,Amberlight Media Ventures,Retail,United States,10.0,2022-11-16,Referral,,Active
102267,Cobalt Learning Ventures,Manufacturing,Canada,7.0,2021-06-25,Content/Social,Mei Chen,Active
102268,Fieldstone Learning Systems,Financial Services,United States,3.0,2023-08-10,Content/Social,,Active
102269,Basalt Data Collective,SaaS,United States,3.0,2022-09-26,Organic Search,Hannah Ostrowski,Churned
102270,Copperfield Systems Co.,Healthcare,Singapore,12.0,2021-02-17,Content/Social,Elena Torres,Churned
102271,Wildflower Health Solutions,Media,Germany,17.0,2021-11-06,Content/Social,Elena Torres,Active
102272,Tidewater Learning Industries,Retail,United Kingdom,294.0,2022-12-05,Content/Social,,Active
102273,Ironclad Systems Holdings,Healthcare,India,2.0,2021-08-06,Outbound Sales,Farah Sultan,Active
102274,Fallowmere Logic Labs,Healthcare,Germany,31.0,2021-10-09,Paid Search,Farah Sultan,Active
102275,Wildflower Learning Inc.,Manufacturing,United Kingdom,8.0,2022-06-16,Paid Search,Leo Castillo,Churned
102276,Amberlight Analytics Holdings (2),Media,Canada,27.0,2021-02-25,Content/Social,Leo Castillo,Active
102277,Redwood Retail Holdings,Media,United States,10.0,2024-07-28,Referral,Priya Anand,Churned
102278,Cobalt Systems Industries,Manufacturing,United States,77.0,2021-05-19,Content/Social,Devon Wallace,Churned
102279,Northwind Cloud Ventures (2),SaaS,Canada,77.0,2021-01-14,Outbound Sales,Leo Castillo,Active
102280,Beacon Systems,Logistics,India,,2021-01-18,Paid Search,Owen Fitzgerald,Churned
102281,Cascade Digital Holdings,Retail,United States,,2021-10-10,Organic Search,Grace Lin,Active
102282,Ironclad Retail Partners,Financial Services,United Kingdom,,2023-09-07,Content/Social,,Active
102283,Meridian Health Systems,Media,Canada,123.0,2023-04-16,Paid Search,,Active
102284,Cinder Cloud Collective,Retail,United States,19.0,2023-11-24,Outbound Sales,Isaac Brennan,Active
102285,Tidewater Freight Collective,Retail,India,69.0,2022-02-02,Content/Social,Nadia Petrov,Active
102286,Vantage Systems Industries (1),SaaS,United States,7.0,2021-11-04,Paid Search,Priya Anand,Churned
102287,Brightline Works Labs,Healthcare,United Kingdom,6.0,2021-10-05,Organic Search,Leo Castillo,Paused
102288,Basalt Co.,Financial Services,South Africa,342.0,2021-01-06,Referral,Mei Chen,Churned
102289,Silverline Supply LLC,Financial Services,Australia,5.0,2023-11-05,Partner,,Active
102290,Meridian Robotics Networks,SaaS,Australia,11.0,2021-12-04,Referral,,Active
102291,Summit Retail Technologies,Retail,India,2.0,2021-11-01,Paid Search,Mei Chen,Active
102292,Fieldstone Data Labs,SaaS,United States,7.0,2022-01-10,Paid Search,Farah Sultan,Churned
102293,Fernway Analytics Solutions,Retail,India,6.0,2023-02-21,Organic Search,,Churned
102294,Thornbury Works Inc.,Education,United States,8.0,2021-06-05,Organic Search,,Active
102295,Northwind Partners,SaaS,United Kingdom,30.0,2022-10-10,Paid Search,Farah Sultan,Churned
102296,Ironclad Group (1),Retail,United States,41.0,2022-10-28,Partner,Mei Chen,Active
102297,Summit Data Industries (1),Education,United States,5.0,2023-06-05,Paid Search,Hannah Ostrowski,Churned
102298,Marrow Supply Solutions (1),Education,United States,7.0,2021-01-28,Partner,Devon Wallace,Active
102299,Summit Ventures,Logistics,United States,82.0,2021-04-15,Content/Social,,Churned
102300,Vertex Freight Ventures,Education,United States,184.0,2021-12-21,Outbound Sales,Grace Lin,Active
102301,Keystone Media Inc.,Logistics,United States,103.0,2023-06-10,Outbound Sales,Mei Chen,Active
102302,Vertex Data Group,Manufacturing,United States,2.0,2024-07-10,Paid Search,Marcus Webb,Active
102303,Fallowmere Media Corp.,Education,United States,94.0,2022-05-12,Referral,Isaac Brennan,Active
102304,Beacon Group,Financial Services,Germany,224.0,2021-06-04,Organic Search,,Churned
102305,Basalt Data Inc.,SaaS,United States,2.0,2021-05-09,Organic Search,,Active
102306,Cobalt Systems Solutions,Manufacturing,Canada,82.0,2022-07-26,Referral,,Churned
102307,Fieldstone Finance Corp.,Logistics,United States,27.0,2021-05-01,Paid Search,Grace Lin,Active
102308,Cascade Data Partners,Healthcare,Australia,13.0,2022-03-17,Organic Search,Marcus Webb,Churned
102309,Beacon Supply Corp.,Healthcare,India,23.0,2023-05-20,Outbound Sales,Elena Torres,Active
102310,Solstice Systems LLC,SaaS,Germany,36.0,2021-10-04,Referral,Mei Chen,Churned
102311,Hollowbrook Retail Technologies (1),Education,Australia,90.0,2021-09-04,Paid Search,,Churned
102312,Granite Analytics Corp.,Healthcare,India,85.0,2021-01-16,Paid Search,,Active
102313,Brackenridge Systems Co.,SaaS,United States,3.0,2021-07-07,Organic Search,Sam O'Rourke,Active
102314,Wildflower Finance Corp.,SaaS,United States,9.0,2022-09-28,Referral,Grace Lin,Active
102315,Keystone Finance Co.,Healthcare,United States,23.0,2021-09-06,Referral,Priya Anand,Churned
102316,Pinecrest Learning Industries,Financial Services,Australia,155.0,2021-04-04,Paid Search,,Active
102317,Vantage Systems Ventures (1),Financial Services,Australia,1.0,2021-03-10,Outbound Sales,Grace Lin,Churned
102318,Vantage Group,Manufacturing,United States,9.0,2021-03-10,Content/Social,Marcus Webb,Churned
102319,Wrenfield Analytics Labs,Education,India,3.0,2022-07-05,Referral,Sam O'Rourke,Active
102320,Beacon Retail Partners,Media,United States,3.0,2022-05-19,Referral,Leo Castillo,Churned
102321,Palisade Cloud Ventures,Healthcare,India,72.0,2022-01-10,Outbound Sales,Jordan Kim,Active
102322,Basalt Robotics Labs,Retail,United Kingdom,10.0,2022-01-15,Content/Social,Elena Torres,Churned
102323,Marrow Works Corp.,Education,United States,1.0,2021-04-07,Content/Social,,Churned
102324,Crestline Freight Technologies,SaaS,Australia,16.0,2022-01-03,Paid Search,,Active
102325,Lattice Systems Solutions,Media,United States,,2021-02-02,Paid Search,Farah Sultan,Active
102326,Hollowbrook Finance Technologies,Retail,Canada,2.0,2024-01-02,Paid Search,Mei Chen,Active
102327,Fernway Inc., Logistics ,India,40.0,2021-02-25,Partner,Jordan Kim,Active
102328,Aldergate Systems,Logistics,United States,154.0,2021-11-08,Paid Search,Tariq Rahman,Active
102329,Hollowbrook Health LLC,Education,United States,19.0,2021-01-09,Content/Social,Sam O'Rourke,Active
102330,Brightline Systems Solutions,Healthcare,United States,246.0,2023-01-17,Paid Search,Priya Anand,Active
102331,Palisade Supply Corp.,Healthcare,United Kingdom,,2021-04-03,Outbound Sales,Sam O'Rourke,Churned
102332,Cascade Retail Co.,Financial Services,Australia,132.0,2023-12-17,Organic Search,Mei Chen,Active
102333,Halcyon Co. (4),Financial Services,United States,97.0,2021-01-15,Referral,Jordan Kim,Active
102334,Brackenridge Robotics Partners (1),SaaS,United States,19.0,2023-04-23,Referral,,Churned
102335,Nimbus Robotics Holdings,Retail,United States,3.0,2022-07-04,Partner,,Active
102336,Brackenridge Freight Inc.,Media,United States,5.0,2021-06-01,Referral,,Active
102337,Brightline Supply Systems,SaaS,United States,1.0,2021-05-22,Referral,Owen Fitzgerald,Active
102338,Vantage Systems Holdings (1),Financial Services,United Kingdom,43.0,2021-09-11,Outbound Sales,Sam O'Rourke,Churned
102339,Marrow Finance Technologies,Logistics,United States,37.0,2023-05-02,Content/Social,,Active
102340,Wildflower Holdings,SaaS,Canada,22.0,2023-07-16,Partner,Marcus Webb,Active
102341,Palisade Logic Networks,Logistics,United States,17.0,2021-05-14,Outbound Sales,,Active
102342,Silverline Co. (1),Financial Services,United Kingdom,,2021-09-27,Referral,Grace Lin,Churned
102343,Basalt Corp. (1),Financial Services,United States,30.0,2021-06-27,Content/Social,,Active
102344,Basalt Robotics Ventures,Manufacturing,United States,10.0,2021-03-16,Referral,Owen Fitzgerald,Churned
102345,Lumen Cloud Labs,Media,United States,24.0,2022-07-05,Content/Social,Nadia Petrov,Active
102346,Copperfield Supply Systems,Financial Services,India,,2021-09-21,Partner,Leo Castillo,Active
102347,Orbital Robotics Collective,SaaS,South Africa,,2021-06-06,Paid Search,Isaac Brennan,Active
102348,Halcyon Cloud Labs (1),Logistics,United States,12.0,2023-08-24,Paid Search,Marcus Webb,Active
102349,Steadfast Systems Systems (1),SaaS,United States,19.0,2022-11-17,Partner,Devon Wallace,Active
102350,Fallowmere Retail Industries,Media,United Kingdom,37.0,2022-12-10,Outbound Sales,Devon Wallace,Active
102351,Ironclad Group (2),Financial Services,United States,12.0,2021-01-28,Outbound Sales,Marcus Webb,Active
102352,Pinecrest Networks,Education,Canada,10.0,2023-12-15,Content/Social,Mei Chen,Active
102353,Granite Finance Inc.,Media,United States,20.0,2022-04-11,Referral,,Active
102354,Brackenridge Data Inc.,Logistics,Australia,145.0,2022-01-06,Organic Search,,Churned
102355,Amberlight Data Group,Retail,United Kingdom,56.0,2021-01-19,Referral,,Active
102356,Ridgeline Freight Technologies,Media,United States,12.0,2023-10-08,Paid Search,,Churned
102357,Windward Robotics Solutions,Manufacturing,India,62.0,2022-02-05,Referral,,Active
102358,Palisade Robotics Ventures,Healthcare,United States,20.0,2023-04-04,Content/Social,Devon Wallace,Active
102359,Meridian Digital Technologies,Financial Services,India,31.0,2022-07-18,Paid Search,,Churned
102360,Cascade Industries,Media,Canada,28.0,2023-02-26,Partner,Tariq Rahman,Churned
102361,Keystone Learning Collective,Retail,United Kingdom,1.0,2022-09-08,Partner,,Paused
102362,Fieldstone Digital Group,Education,United States,1.0,2023-12-07,Paid Search,Farah Sultan,Active
102363,Summit Media Systems,Manufacturing,United States,27.0,2021-06-18,Partner,Isaac Brennan,Active
102364,Vantage Finance Networks,Education,United States,7.0,2021-05-05,Partner,Mei Chen,Active
102365,Fallowmere Logic LLC,Financial Services,United Kingdom,2.0,2022-10-03,Referral,,Active
102366,Silverline Co. (2),Education,United Kingdom,7.0,2022-01-18,Organic Search,,Churned
102367,Tidewater Media Labs (1),Education,United States,67.0,2022-05-15,Organic Search,Priya Anand,Active
102368,Beacon Health Group,Media,India,32.0,2022-10-01,Outbound Sales,Leo Castillo,Active
102369,Wildflower Analytics Technologies,Media,Canada,55.0,2022-02-07,Organic Search,Priya Anand,Active
102370,Vertex Systems Networks,Logistics,India,36.0,2023-01-06,Organic Search,Hannah Ostrowski,Paused
102371,Granite Learning Collective,SaaS,United States,6.0,2021-08-20,Content/Social,,Churned
102372,Wildflower Media Co.,Healthcare,United States,55.0,2023-07-19,Outbound Sales,Devon Wallace,Active
102373,Wildflower Learning Industries,Logistics,United States,43.0,2021-03-21,Outbound Sales,Devon Wallace,Active
102374,Hollowbrook Learning LLC,Manufacturing,Canada,17.0,2022-06-03,Content/Social,,Active
102375,Basalt Group (1),Financial Services,Canada,22.0,2023-10-24,Paid Search,Owen Fitzgerald,Active
102376,Beacon Technologies (1),Manufacturing,Australia,,2021-07-06,Organic Search,Hannah Ostrowski,Active
102377,Copperfield Systems Ventures,Financial Services,United States,8.0,2021-08-28,Outbound Sales,Sam O'Rourke,Churned
102378,Nimbus Finance Labs,Logistics,India,83.0,2021-08-25,Referral,,Active
102379,Quarrystone Digital Technologies,Education,Australia,42.0,2022-03-13,Paid Search,Marcus Webb,Churned
102380,Lumen Supply Networks,Financial Services,United States,20.0,2021-10-22,Partner,,Active
102381,Meridian Digital Technologies (1),Education,United States,,2021-03-19,Paid Search,Owen Fitzgerald,Paused
102382,Overlook Finance Technologies,Retail,United States,4.0,2023-10-22,Referral,Hannah Ostrowski,Active
102383,Summit Robotics Partners,Media,United Kingdom,11.0,2021-05-01,Referral,,Churned
102384,Meridian Systems Co.,Retail,United States,8.0,2022-02-03,Outbound Sales,Isaac Brennan,Active
102385,Silverline Supply Corp.,SaaS,United States,32.0,2022-05-26,Organic Search,,Active
102386,Meridian Cloud Inc., SaaS ,United States,93.0,2021-01-22,Paid Search,Grace Lin,Churned
102387,Thornbury Media Corp.,SaaS,Canada,,2021-03-18,Content/Social,Marcus Webb,Active
102388,Ridgeline Retail Labs,SaaS,Australia,1476.0,2024-08-09,Content/Social,Devon Wallace,Active
102389,Driftwood Retail Collective,SaaS,India,8.0,2022-08-12,Referral,Tariq Rahman,Active
102390,Overlook Systems Networks,Healthcare,Australia,32.0,2021-01-12,Paid Search,Hannah Ostrowski,Churned
102391,Steadfast Logic Systems,Logistics,United Kingdom,20.0,2023-02-13,Referral,Jordan Kim,Active
102392,Lattice Systems Partners,SaaS,Canada,21.0,2022-01-18,Organic Search,Sam O'Rourke,Active
102393,Beacon Finance Ventures,Manufacturing,United States,,2021-02-22,Paid Search,,Churned
102394,Cobalt Analytics Solutions,Media,Australia,80.0,2022-08-11,Paid Search,,Churned
102395,Copperfield Finance LLC,Media,Australia,7.0,2021-12-24,Paid Search,Marcus Webb,Churned
102396,Catalyst Data Systems,Healthcare,India,2.0,2021-05-03,Organic Search,,Churned
102397,Fallowmere Robotics Collective,SaaS,United States,5.0,2023-09-23,Organic Search,Owen Fitzgerald,Active
102398,Lattice Technologies (1),Healthcare,United States,,2021-07-19,Partner,Mei Chen,Active
102399,Aldergate Digital Co.,Education,United States,102.0,2021-07-15,Referral,Sam O'Rourke,Active
102400,Marrow Analytics Solutions,Media,United States,1.0,2021-07-11,Referral,Hannah Ostrowski,Active
102401,Bluepeak Data Systems,Retail,United States,58.0,2022-12-11,Paid Search,,Churned
102402,Fallowmere Works Co. (1),Healthcare,United States,2.0,2022-09-11,Content/Social,,Active
102403,Wrenfield Supply Inc.,Education,United States,19.0,2023-11-27,Paid Search,Elena Torres,Active
102404,Wildflower Logic Solutions,Manufacturing,Australia,4.0,2021-06-01,Organic Search,,Active
102405,Silverline Media Group,Healthcare,United Kingdom,64.0,2023-01-18,Outbound Sales,Isaac Brennan,Active
102406,Silverline Digital Partners,Media,Canada,,2022-04-28,Outbound Sales,Hannah Ostrowski,Churned
102407,Sable Retail Technologies,Media,United States,72.0,2021-08-16,Partner,Priya Anand,Active
102408,Wildflower Media Inc.,Healthcare,United States,,2021-01-18,Organic Search,,Churned
102409,Overlook Holdings,Education,United States,,2023-04-17,Organic Search,,Active
102410,Brightline Freight Co.,Financial Services,Australia,3.0,2021-06-15,Organic Search,,Active
102411,Pinecrest Health Group,Manufacturing,United States,5.0,2022-06-18,Referral,Grace Lin,Active
102412,Halcyon Analytics Technologies,Healthcare,India,69.0,2022-02-26,Organic Search,Leo Castillo,Churned
102413,Brackenridge Learning Holdings,Healthcare,United States,,2021-01-20,Organic Search,,Active
102414,Silverline Digital Industries,Financial Services,United States,23.0,2024-12-24,Paid Search,Jordan Kim,Active
102415,Fieldstone Logic Ventures (1),Retail,United States,104.0,2023-04-16,Content/Social,,Active
102416,Clearwater Freight Partners,Education,United States,4.0,2021-12-22,Paid Search,,Active
102417,Brightline Supply Collective,Logistics,United States,51.0,2022-08-25,Organic Search,,Active
102418,Crestline Freight Collective,Healthcare,Australia,4.0,2021-12-06,Content/Social,,Active
102419,Sable Logic Group,Media,United States,137.0,2022-11-25,Outbound Sales,Mei Chen,Active
102420,Crestline Cloud Corp.,Financial Services,United States,41.0,2021-04-20,Referral,Elena Torres,Active
102421,Brackenridge Learning Labs (1),Retail,United States,70.0,2021-11-13,Outbound Sales,Farah Sultan,Active
102422,Thornbury Retail Systems,FINANCIAL SERVICES,Japan,8.0,2021-09-22,Paid Search,,Active
102423,Fernway Analytics Inc. (1),Financial Services,United Kingdom,343.0,2021-11-05,Partner,Marcus Webb,Active
102424,Brightline Systems LLC,SaaS,United Kingdom,270.0,2021-11-20,Organic Search,Sam O'Rourke,Active
102425,Crestline Digital Ventures,Financial Services,United States,35.0,2021-04-17,Content/Social,,Churned
102426,Wildflower Learning Holdings,Retail,Australia,93.0,2024-09-25,Organic Search,Sam O'Rourke,Active
102427,Catalyst Freight Inc. (2),Media,United States,14.0,2021-01-18,Outbound Sales,Farah Sultan,Churned
102428,Ironclad Systems Holdings (1),Education,Canada,4.0,2021-01-15,Referral,Mei Chen,Churned
102429,Lumen Retail Inc.,Healthcare,Canada,57.0,2021-09-15,Paid Search,,Churned
102430,Cinder Supply Technologies,SaaS,United States,6.0,2022-06-16,Organic Search,Owen Fitzgerald,Active
102431,Cascade Digital Partners,Education,United States,110.0,2021-05-25,Partner,Owen Fitzgerald,Active
102432,Catalyst Digital Co. (1),Manufacturing,United States,78.0,2022-02-22,Paid Search,,Churned
102433,Halcyon Supply Technologies,Financial Services,United States,27.0,2022-10-03,Content/Social,,Active
102434,Aldergate Works Collective,Logistics,United States,,2021-03-15,Organic Search,Hannah Ostrowski,Active
102435,Harborview Learning Solutions,Retail,United States,73.0,2024-10-09,Outbound Sales,Nadia Petrov,Active
102436,Thornbury Analytics Collective (1),Media,United States,29.0,2021-09-05,Outbound Sales,Devon Wallace,Churned
102437,Solstice Learning Group,Financial Services,India,,2022-07-25,Referral,Hannah Ostrowski,Active
102438,Overlook Retail Industries,Healthcare,United States,3.0,2021-03-25,Outbound Sales,Marcus Webb,Active
102439,Tidewater Learning Inc.,Healthcare,United Kingdom,70.0,2022-10-27,Partner,Elena Torres,Active
102440,Redwood Works Collective,Financial Services,USA,32.0,2023-06-12,Outbound Sales,Owen Fitzgerald,Active
102441,Basalt Finance Collective,SaaS,United States,722.0,2021-03-12,Referral,,Active
102442,Silverline Freight Partners,Manufacturing,United States,18.0,2021-03-22,Outbound Sales,Grace Lin,Active
102443,Silverline Digital Co.,Financial Services,Australia,,2021-07-06,Organic Search,,Churned
102444,Summit Works Partners,Manufacturing,United States,31.0,2021-01-02,Paid Search,,Active
102445,Bluepeak Partners,Education,United Kingdom,,2024-10-12,Paid Search,,Active
102446,Ironclad Robotics Collective,Logistics,Canada,6.0,2022-05-18,Outbound Sales,Isaac Brennan,Churned
102447,Cascade Holdings,SaaS,United Kingdom,18.0,2022-05-13,Content/Social,Owen Fitzgerald,Churned
102448,Driftwood Analytics Inc. (1),Financial Services,United States,,2024-06-06,Paid Search,,Active
102449,Cascade Corp.,Education,United States,,2023-05-15,Referral,Marcus Webb,Active
102450,Windward Partners,Retail,United Kingdom,56.0,2023-03-27,Organic Search,,Churned
102451,Summit Labs (1),Manufacturing,India,23.0,2021-09-08,Referral,Isaac Brennan,Active
102452,Beacon Analytics Collective (2),Healthcare,India,34.0,2021-09-12,Partner,,Active
102453,Northwind Cloud Corp.,MEDIA,India,90.0,2021-07-09,Outbound Sales,Tariq Rahman,Churned
102454,Nimbus Works Networks,Logistics,United States,,2021-09-09,Outbound Sales,Isaac Brennan,Active
102455,Vantage Supply Systems,Media,Canada,3.0,2021-09-19,Partner,Nadia Petrov,Churned
102456,Solstice Works Corp. (1),Manufacturing,United Kingdom,14.0,2021-04-11,Paid Search,,Active
102457,Solstice Robotics Partners,Manufacturing,Brazil,7.0,2021-09-18,Referral,Nadia Petrov,Active
102458,Pinecrest Holdings (1),Media,India,1.0,2021-11-01,Organic Search,Elena Torres,Active
102459,Hollowbrook Health Partners,Logistics,United States,17.0,2021-08-19,Content/Social,,Active
102460,Marrow Data Solutions,Manufacturing,India,26.0,2021-04-03,Partner,Elena Torres,Active
102461,Hollowbrook Media LLC,Logistics,United Kingdom,76.0,2021-09-11,Paid Search,,Active
102462,Windward Learning Solutions,Logistics,United States,5.0,2021-12-25,Organic Search,,Churned
102463,Lattice Co.,Retail,United States,,2022-10-10,Referral,,Churned
102464,Beacon Analytics Labs,Education,United States,87.0,2022-10-20,Content/Social,,Active
102465,Northwind Finance Inc.,Healthcare,United States,,2021-05-10,Paid Search,Elena Torres,Churned
102466,Vertex Retail Corp. (1),Logistics,India,40.0,2021-01-26,Referral,Leo Castillo,Churned
102467,Overlook Cloud Solutions,Manufacturing,United States,160.0,2021-08-27,Organic Search,Devon Wallace,Active
102468,Vantage Robotics Networks,Logistics,India,2.0,2021-04-26,Outbound Sales,Farah Sultan,Churned
102469,Marrow Learning Inc.,Healthcare,United States,29.0,2021-10-12,Outbound Sales,Jordan Kim,Active
102470,Solstice Logic Holdings,Media,Canada,91.0,2024-09-09,Organic Search,Jordan Kim,Active
102471,Summit Digital Industries (1),SaaS,India,13.0,2021-05-17,Partner,Sam O'Rourke,Churned
102472,Copperfield Retail Collective (1),Logistics,India,122.0,2021-08-23,Paid Search,,Active
102473,Driftwood Freight Collective,Retail,United States,46.0,2022-10-15,Partner,Mei Chen,Active
102474,Anchor Supply Networks,Education,Singapore,200.0,2022-01-21,Paid Search,Mei Chen,Active
102475,Fallowmere Robotics Corp.,Manufacturing,United States,43.0,2021-01-25,Referral,Grace Lin,Churned
102476,Overlook Collective,Manufacturing,Canada,223.0,2021-04-22,Organic Search,,Active
102477,Quarrystone Health Industries,Retail,United States,30.0,2024-02-11,Outbound Sales,Nadia Petrov,Churned
102478,Clearwater Systems Ventures,Education,United States,3.0,2021-03-07,Organic Search,,Active
102479,Wrenfield Robotics Systems,Education,United Kingdom,9.0,2022-06-13,Referral,Farah Sultan,Churned
102480,Lumen Media Labs,Media,United States,,2023-02-17,Paid Search,Sam O'Rourke,Churned
102481,Wildflower Freight Ventures,Healthcare,United States,74.0,2021-07-24,Organic Search,Elena Torres,Active
102482,Meridian Retail Industries (1),Media,United States,13.0,2022-10-09,Partner,Elena Torres,Active
102483,Copperfield Systems Corp.,Education,United States,210.0,2021-04-05,Referral,,Active
102484,Halcyon Holdings (1),Media,South Africa,,2021-07-09,Referral,,Churned
102485,Silverline Robotics Industries,Logistics,United Kingdom,37.0,2021-08-17,Outbound Sales,Nadia Petrov,Churned
102486,Ironclad Supply Labs (1),Financial Services,United States,35.0,2024-12-07,Referral,,Active
102487,Wrenfield Works Collective,Financial Services,India,4.0,2021-06-12,Content/Social,Tariq Rahman,Active
102488,Fieldstone Robotics Holdings,Media,United Kingdom,17.0,2021-03-08,Organic Search,,Active
102489,Brightline Group (1),Media,India,,2024-01-28,Content/Social,Marcus Webb,Active
102490,Driftwood Solutions,Logistics,United Kingdom,6.0,2021-04-15,Content/Social,,Active
102491,Silverline Finance Industries,Education,United States,45.0,2023-09-21,Referral,Farah Sultan,Churned
102492,Aldergate Systems Corp.,Manufacturing,United States,4.0,2022-07-15,Organic Search,Elena Torres,Active
102493,Fieldstone Media Solutions,SaaS,India,6.0,2022-04-01,Outbound Sales,Sam O'Rourke,Active
102494,Amberlight Works Inc.,Financial Services,India,3.0,2022-11-08,Partner,Hannah Ostrowski,Churned
102495,Halcyon Systems Systems,Retail,India,68.0,2022-10-24,Paid Search,Hannah Ostrowski,Active
102496,Nimbus Cloud Group,Media,United States,,2021-03-15,Organic Search,,Churned
102497,Palisade Works Solutions,SAAS,Canada,104.0,2024-12-20,Paid Search,,Active
102498,Tidewater Corp.,Media,United States,10.0,2024-03-22,Partner,Farah Sultan,Active
102499,Harborview Robotics Solutions,Media,India,24.0,2023-10-16,Outbound Sales,Priya Anand,Active
102500,Halcyon Cloud Corp.,Financial Services,United States,,2022-06-17,Paid Search,,Active
102501,Wildflower Supply Co.,Manufacturing,India,2.0,2022-01-07,Referral,Jordan Kim,Active
102502,Meridian Supply Holdings,Education,Brazil,26.0,2022-02-07,Partner,Leo Castillo,Active
102503,Amberlight Health Partners (1),Manufacturing,United States,,2021-01-05,Content/Social,,Active
102504,Granite Digital Technologies,Manufacturing,Canada,88.0,2021-12-09,Paid Search,Devon Wallace,Active
102505,Catalyst Data Collective (1),Healthcare,United Kingdom,6.0,2022-06-18,Organic Search,,Active
102506,Redwood Logic Group,Manufacturing,United States,,2022-07-26,Organic Search,,Churned
102507,Fallowmere Finance Technologies,Logistics,United States,47.0,2021-08-13,Outbound Sales,Grace Lin,Active
102508,Clearwater Cloud Technologies (1),Healthcare,India,126.0,2021-12-17,Paid Search,,Paused
102509,Silverline Systems Inc.,Healthcare,United States,9.0,2022-06-25,Paid Search,Farah Sultan,Active
102510,Vantage Systems Ventures (2),Healthcare,United States,4.0,2021-11-19,Partner,Sam O'Rourke,Churned
102511,Wildflower Digital Partners (1),Logistics,Australia,13.0,2024-06-08,Referral,,Active
102512,Redwood Media Technologies,Logistics,United Kingdom,5.0,2022-09-08,Paid Search,Owen Fitzgerald,Active
102513,Ridgeline Media Networks,Healthcare,India,34.0,2021-01-18,Organic Search,,Active
102514,Pinecrest Co. (1),Logistics,United Kingdom,5.0,2021-01-09,Paid Search,,Active
102515,Marrow Media Ventures,Media,United States,,2022-09-07,Organic Search,,Active
102516,Amberlight Systems Partners (1),Financial Services,India,26.0,2021-10-17,Organic Search,Devon Wallace,Churned
102517,Granite Finance Industries,Media,United States,74.0,2023-06-18,Paid Search,,Active
102518,Hollowbrook Cloud Ventures,Logistics,United States,1.0,2021-05-08,Paid Search,Sam O'Rourke,Active
102519,Lattice Cloud Networks,Media,United Kingdom,2.0,2021-01-02,Content/Social,Grace Lin,Active
102520,Cinder Cloud Systems,Financial Services,Germany,108.0,2021-10-22,Content/Social,,Active
102521,Quarrystone Analytics Collective,Retail,United States,8.0,2022-11-11,Paid Search,Nadia Petrov,Active
102522,Clearwater Digital Partners,Retail,Japan,3.0,2024-08-18,Outbound Sales,Grace Lin,Active
102523,Orbital Freight Collective,Media,India,15.0,2023-09-05,Paid Search,,Active
102524,Anchor Systems,Manufacturing,United States,28.0,2021-12-09,Partner,Grace Lin,Churned
102525,Bluepeak Partners (1),Manufacturing,United States,16.0,2023-03-17,Content/Social,Hannah Ostrowski,Active
102526,Ridgeline Freight Inc.,SaaS,United States,37.0,2021-02-04,Outbound Sales,Owen Fitzgerald,Churned
102527,Redwood Freight Technologies,Logistics,United Kingdom,31.0,2022-04-09,Outbound Sales,Grace Lin,Active
102528,Nimbus Data Ventures,SaaS,United States,29.0,2023-12-21,Organic Search,Devon Wallace,Churned
102529,Meridian Cloud Labs,Education,United States,116.0,2021-10-22,Organic Search,,Active
102530,Ironclad Media Labs,Logistics,United States,20.0,2024-06-10,Referral,,Active
102531,Sable Finance Corp.,Retail,South Africa,19.0,2021-06-04,Paid Search,Mei Chen,Active
102532,Sable Retail Inc.,education,United States,57.0,2021-03-01,Outbound Sales,Sam O'Rourke,Active
102533,Catalyst Logic Inc. (1),Media,United States,41.0,2022-01-16,Referral,Farah Sultan,Active
102534,Catalyst Works LLC (1),Healthcare,United States,,2023-11-20,Paid Search,Nadia Petrov,Active
102535,Harborview Learning Group,SaaS,United States,18.0,2021-08-17,Referral,Marcus Webb,Churned
102536,Catalyst Data Inc.,Financial Services,United States,36.0,2023-02-12,Partner,Grace Lin,Churned
102537,Meridian Finance Holdings (1),Media,Canada,9.0,2021-04-01,Referral,,Active
102538,Windward Media Holdings,Education,United Kingdom,10.0,2022-11-07,Referral,Elena Torres,Churned
102539,Wrenfield Digital Corp.,Financial Services,United States,3.0,2022-03-02,Partner,Jordan Kim,Active
102540,Wrenfield Robotics Ventures,Manufacturing,Canada,1.0,2021-05-13,Paid Search,Owen Fitzgerald,Active
102541,Bluepeak Labs,SaaS,United States,12.0,2022-10-09,Outbound Sales,Sam O'Rourke,Active
102542,Redwood Cloud Industries,Healthcare,Canada,24.0,2022-10-02,Organic Search,,Active
102543,Vantage Analytics Partners,Logistics,United States,5.0,2022-01-18,Paid Search,Hannah Ostrowski,Active
102544,Fallowmere Retail LLC,Financial Services,Australia,120.0,2021-06-11,Content/Social,Leo Castillo,Active
102545,Catalyst Logic Industries,Logistics,Germany,5.0,2021-04-27,Organic Search,Farah Sultan,Active
102546,Copperfield Holdings (2),Education,Canada,66.0,2024-06-12,Organic Search,Owen Fitzgerald,Active
102547,Thornbury Retail Holdings,Logistics,United States,35.0,2022-07-03,Paid Search,,Churned
102548,Ironclad Learning Labs,Manufacturing,United States,340.0,2023-03-20,Content/Social,Nadia Petrov,Active
102549,Vertex Learning Industries,Financial Services,Canada,41.0,2022-09-20,Partner,Grace Lin,Active
102550,Pinecrest Learning Technologies,Logistics,United States,3.0,2023-05-27,Paid Search,Isaac Brennan,Churned
102551,Catalyst Logic Technologies,Healthcare,United States,79.0,2021-04-20,Referral,,Active
102552,Copperfield Holdings (3),Financial Services,United States,183.0,2021-12-11,Paid Search,Priya Anand,Churned
102553,Ridgeline Media Systems,Manufacturing,United States,2.0,2022-08-19,Outbound Sales,Priya Anand,Churned
102554,Vantage Media Corp. (1),Media,United States,46.0,2021-03-23,Referral,Nadia Petrov,Churned
102555,Clearwater Robotics Systems,Retail,United States,61.0,2021-04-15,Paid Search,,Active
102556,Beacon Analytics LLC,Logistics,United Kingdom,15.0,2022-06-23,Referral,,Active
102557,Vantage Freight Industries,Financial Services,United States,1.0,2023-08-28,Content/Social,,Active
102558,Fallowmere Data Corp.,Healthcare,United States,14.0,2022-07-22,Organic Search,,Churned
102559,Windward Retail Technologies,Retail,United States,9.0,2021-01-15,Paid Search,,Active
102560,Cascade Freight Ventures,SaaS,Germany,147.0,2024-08-14,Content/Social,Farah Sultan,Active
102561,Sable Learning Holdings,Education,United Kingdom,18.0,2021-04-24,Paid Search,,Churned
102562,Cobalt Robotics Inc. (1),Education,United Kingdom,,2021-06-25,Referral,Farah Sultan,Churned
102563,Aldergate Systems (1),SaaS,Canada,9.0,2024-09-08,Referral,,Active
102564,Pinecrest Supply Holdings,Logistics,United Kingdom,31.0,2022-12-01,Organic Search,Owen Fitzgerald,Active
102565,Palisade Learning Solutions,Education,United States,22.0,2024-02-23,Paid Search,Leo Castillo,Active
102566,Cobalt Analytics Systems,SaaS,United Kingdom,7.0,2023-03-07,Paid Search,,Active
102567,Vantage Learning Technologies,Media,United States,28.0,2022-07-28,Paid Search,,Active
102568,Wrenfield Health Ventures,Retail,United Kingdom,10.0,2021-07-02,Referral,Mei Chen,Active
102569,Steadfast Retail Holdings,Manufacturing,United States,1.0,2021-08-26,Partner,Devon Wallace,Active
102570,Catalyst Works Partners,Manufacturing,Germany,48.0,2024-04-19,Paid Search,,Active
102571,Copperfield Logic Co.,Media,United States,42.0,2023-07-09,Outbound Sales,Jordan Kim,Active
102572,Cinder Freight Co.,Media,United States,26.0,2021-09-01,Organic Search,Hannah Ostrowski,Active
102573,Solstice Data Systems,Logistics,United Kingdom,11.0,2021-09-24,Paid Search,Nadia Petrov,Churned
102574,Copperfield Data Collective,SaaS,United States,18.0,2021-08-04,Referral,,Active
102575,Cinder Data Partners (1),Healthcare,United States,58.0,2021-08-03,Organic Search,,Churned
102576,Redwood Labs,Healthcare,Australia,9.0,2023-07-23,Outbound Sales,Tariq Rahman,Active
102577,Summit Analytics Labs,Financial Services,India,61.0,2021-01-19,Organic Search,Owen Fitzgerald,Active
102578,Nimbus Digital Group,Retail,India,3.0,2021-11-04,Outbound Sales,Hannah Ostrowski,Active
102579,Ridgeline Freight Systems,Retail,United States,25.0,2024-03-10,Content/Social,,Active
102580,Meridian Health Ventures,Logistics,United States,21.0,2022-02-19,Organic Search,Nadia Petrov,Churned
102581,Crestline Logic LLC (2),Logistics,United States,74.0,2021-11-19,Content/Social,Sam O'Rourke,Active
102582,Copperfield Logic Labs,Manufacturing,United Kingdom,6.0,2021-08-11,Paid Search,Isaac Brennan,Active
102583,Fallowmere Media Co.,Education,United Kingdom,7.0,2021-02-12,Paid Search,Devon Wallace,Churned
102584,Crestline Data Group,Financial Services,United States,3.0,2021-06-03,Paid Search,Sam O'Rourke,Churned
102585,Aldergate Logic Inc. (2), Manufacturing ,United States,10.0,2021-02-01,Partner,Hannah Ostrowski,Churned
102586,Copperfield Retail Partners,Media,United States,28.0,2021-03-28,Outbound Sales,,Churned
102587,Palisade Learning Collective,Financial Services,United States,2.0,2021-04-07,Content/Social,,Active
102588,Amberlight Freight Collective,Education,United States,11.0,2021-08-26,Outbound Sales,Devon Wallace,Active
102589,Amberlight Analytics Networks,Logistics,United States,44.0,2021-01-02,Organic Search,Nadia Petrov,Active
102590,Redwood Data Labs,Logistics,United States,18.0,2024-04-28,Content/Social,Jordan Kim,Active
102591,Fallowmere Cloud Ventures,Retail,United States,22.0,2021-03-12,Content/Social,,Active
102592,Quarrystone Co.,Retail,United States,3.0,2021-10-23,Partner,Leo Castillo,Active
102593,Silverline Learning Group,Retail,United States,18.0,2023-09-24,Referral,Grace Lin,Active
102594,Halcyon Media Systems,SaaS,Canada,21.0,2021-03-10,Partner,Mei Chen,Churned
102595,Wildflower Freight Systems (2),Manufacturing,United States,,2021-12-21,Paid Search,,Churned
102596,Quarrystone Networks,Financial Services,United States,24.0,2023-06-10,Content/Social,Hannah Ostrowski,Active
102597,Ridgeline Supply Technologies,SaaS,United States,13.0,2022-03-23,Content/Social,Tariq Rahman,Active
102598,Vertex Retail Collective,Retail,United States,11.0,2021-05-27,Outbound Sales,Tariq Rahman,Churned
102599,Bluepeak Learning Group (1),Education,United States,5.0,2022-11-23,Paid Search,,Active
102600,Vantage Logic Corp.,Media,United States,71.0,2022-08-21,Paid Search,,Active
102601,Copperfield Supply Industries,Manufacturing,United States,4.0,2021-09-11,Content/Social,Owen Fitzgerald,Active
102602,Redwood Learning LLC,Education,Canada,25.0,2021-01-04,Content/Social,Sam O'Rourke,Active
102603,Pinecrest Learning Industries (1),Retail,Canada,212.0,2021-01-15,Partner,Elena Torres,Churned
102604,Solstice Systems Co.,Healthcare,United States,,2023-04-04,Content/Social,Tariq Rahman,Active
102605,Overlook Learning Labs,Media,United States,39.0,2021-08-15,Referral,Jordan Kim,Active
102606,Marrow Systems Group,MEDIA,Japan,28.0,2021-04-25,Content/Social,Jordan Kim,Churned
102607,Wildflower Data Systems (1),Media,United States,17.0,2022-01-04,Paid Search,,Churned
102608,Copperfield Technologies (1),Education,Japan,6.0,2023-12-26,Paid Search,Marcus Webb,Churned
102609,Steadfast Learning Partners,Healthcare,India,,2021-01-17,Referral,Mei Chen,Churned
102610,Lumen Analytics Co. (1),Education,United States,42.0,2021-02-02,Organic Search,,Active
102611,Wildflower Labs,Logistics,United States,33.0,2021-10-21,Referral,Elena Torres,Active
102612,Steadfast Media Corp.,Retail,United States,56.0,2022-08-01,Partner,,Active
102613,Vantage Finance Solutions,Media,Canada,98.0,2021-12-18,Paid Search,Owen Fitzgerald,Active
102614,Tidewater Group,Logistics,United States,16.0,2023-10-15,Outbound Sales,Farah Sultan,Active
102615,Cascade Digital Collective (1),Media,India,26.0,2021-01-21,Paid Search,Sam O'Rourke,Active
102616,Cobalt Works Technologies,Manufacturing,United States,2.0,2021-09-11,Partner,,Active
102617,Brightline Digital Labs,Financial Services,Canada,377.0,2021-09-04,Paid Search,,Active
102618,Lattice Systems LLC,Media,India,12.0,2021-09-11,Outbound Sales,Mei Chen,Active
102619,Bluepeak Cloud Collective,Retail,United States,47.0,2021-12-22,Referral,Nadia Petrov,Churned
102620,Sable Learning Corp.,Media,United States,12.0,2023-02-27,Organic Search,Hannah Ostrowski,Active
102621,Fernway Digital Systems (1),Financial Services,United States,,2021-08-06,Organic Search,,Churned
102622,Palisade Data Holdings,Education,Canada,15.0,2022-11-10,Paid Search,,Active
102623,Granite Cloud Solutions,FINANCIAL SERVICES,India,4.0,2021-04-25,Organic Search,,Churned
102624,Fieldstone Health Technologies,SaaS,United States,1.0,2022-03-09,Paid Search,,Active
102625,Sable Retail Systems,Logistics,Canada,91.0,2021-09-07,Paid Search,Tariq Rahman,Churned
102626,Windward Cloud Partners, Manufacturing ,United States,41.0,2022-02-24,Outbound Sales,Marcus Webb,Churned
102627,Cobalt Group,Education,United States,6.0,2021-03-14,Paid Search,Isaac Brennan,Active
102628,Copperfield Works Technologies,SaaS,Australia,,2024-05-17,Organic Search,Nadia Petrov,Active
102629,Hollowbrook Systems Group,Media,United States,59.0,2023-11-14,Organic Search,Priya Anand,Active
102630,Crestline Technologies (1),Logistics,Canada,8.0,2023-04-17,Referral,Hannah Ostrowski,Churned
102631,Crestline Supply LLC,Media,United States,34.0,2023-10-08,Referral,,Churned
102632,Tidewater Ventures,Retail,United Kingdom,74.0,2021-04-21,Outbound Sales,Farah Sultan,Churned
102633,Beacon Logic Co. (1),Retail,United States,3.0,2022-01-11,Referral,,Active
102634,Summit Holdings,Healthcare,United States,40.0,2021-08-15,Referral,Nadia Petrov,Active
102635,Aldergate Supply Industries,SaaS,United States,,2023-09-06,Organic Search,Hannah Ostrowski,Active
102636,Ironclad Cloud Inc.,Education,India,232.0,2021-05-01,Organic Search,,Active
102637,Fernway Works Networks,Financial Services,United States,41.0,2021-06-16,Outbound Sales,Mei Chen,Active
102638,Bluepeak Industries,Education,United States,12.0,2022-09-04,Organic Search,Marcus Webb,Active
102639,Ironclad Cloud Partners,Logistics,United States,14.0,2021-02-26,Partner,Elena Torres,Active
102640,Summit Analytics Systems,Manufacturing,United States,279.0,2022-11-27,Referral,Leo Castillo,Active
102641,Bluepeak Logic Industries,Financial Services,United Kingdom,,2021-07-09,Outbound Sales,Hannah Ostrowski,Active
102642,Fallowmere Digital Collective,Media,India,43.0,2022-08-09,Referral,,Active
102643,Cascade Health LLC,Healthcare,India,15.0,2023-08-15,Content/Social,,Active
102644,Vantage Finance Holdings,Media,United States,,2022-05-06,Referral,Grace Lin,Active
102645,Meridian Works Co.,Logistics,United States,87.0,2021-06-25,Referral,,Churned
102646,Cobalt Logic Holdings (1),Logistics,United States,,2021-01-03,Content/Social,Marcus Webb,Active
102647,Aldergate Robotics Group,Education,United States,12.0,2021-01-13,Outbound Sales,Mei Chen,Churned
102648,Fallowmere Learning Industries,Financial Services,Australia,11.0,2021-02-06,Referral,Hannah Ostrowski,Active
102649,Anchor Robotics LLC,Financial Services,United States,2.0,2022-04-24,Organic Search,Leo Castillo,Churned
102650,Ridgeline Works Collective,Education,Germany,23.0,2021-09-05,Organic Search,Priya Anand,Active
102651,Northwind Media Group,Logistics,United States,22.0,2021-06-13,Partner,Isaac Brennan,Active
102652,Marrow Finance Networks,Media,India,7.0,2021-06-24,Organic Search,,Active
102653,Sable Health LLC,Education,India,,2024-04-13,Paid Search,,Active
102654,Fernway Retail Inc,Healthcare,India,26.0,2021-03-06,Paid Search,,Active
102655,Fernway Works Solutions,Financial Services,United Kingdom,31.0,2021-08-05,Content/Social,,Active
102656,Nimbus Health Solutions,Retail,United States,34.0,2021-12-17,Referral,Marcus Webb,Churned
102657,Cobalt Retail Solutions,Retail,India,6.0,2021-01-04,Referral,,Churned
102658,Bluepeak Finance Inc. (1),SaaS,United States,,2023-12-10,Content/Social,,Churned
102659,Fallowmere Finance Networks,Media,United States,16.0,2021-03-18,Organic Search,Sam O'Rourke,Active
102660,Overlook Labs,Manufacturing,United States,62.0,2022-08-11,Partner,Isaac Brennan,Active
102661,Vantage Freight LLC,Retail,United States,6.0,2022-06-24,Outbound Sales,Elena Torres,Active
102662,Halcyon Analytics Inc.,Manufacturing,Germany,90.0,2023-03-20,Referral,,Active
102663,Redwood Digital Inc.,Retail,United States,143.0,2022-07-04,Partner,Devon Wallace,Churned
102664,Cinder Cloud Ventures,Healthcare,United States,23.0,2022-12-23,Content/Social,,Churned
102665,Fieldstone Freight Partners (1),Healthcare,United States,34.0,2021-11-26,Paid Search,,Active
102666,Bluepeak Works Holdings,Retail,United Kingdom,56.0,2021-12-06,Paid Search,Nadia Petrov,Churned
102667,Palisade Digital Partners,Manufacturing,India,,2022-09-11,Partner,Priya Anand,Active
102668,Aldergate Co. (1),SaaS,Germany,11.0,2022-03-12,Organic Search,,Active
102669,Silverline Analytics Labs,Financial Services,United Kingdom,26.0,2022-01-12,Referral,Elena Torres,Active
102670,Brightline Works Inc.,Financial Services,United States,280.0,2021-05-13,Organic Search,,Churned
102671,Granite Systems Group,Education,United States,4.0,2021-07-26,Partner,Elena Torres,Active
102672,Clearwater Logic Solutions,Retail,United States,169.0,2021-09-19,Outbound Sales,Mei Chen,Active
102673,Hollowbrook Analytics Solutions,Financial Services,United Kingdom,16.0,2021-01-26,Content/Social,Farah Sultan,Churned
102674,Fallowmere Works Group,Media,Brazil,19.0,2021-10-10,Referral,Marcus Webb,Active
102675,Wrenfield Learning Inc.,Healthcare,United States,,2021-01-15,Content/Social,Jordan Kim,Active
102676,Vantage Robotics Solutions,Logistics,United States,278.0,2022-03-03,Referral,Sam O'Rourke,Churned
102677,Keystone Media Solutions,Financial Services,United Kingdom,35.0,2022-09-08,Outbound Sales,Devon Wallace,Churned
102678,Copperfield Finance Networks,Media,United Kingdom,91.0,2022-03-17,Outbound Sales,Owen Fitzgerald,Active
102679,Solstice Analytics Industries,SaaS,United Kingdom,6.0,2022-09-05,Referral,Devon Wallace,Active
102680,Overlook Works Networks,Media,United States,10.0,2021-01-27,Referral,Isaac Brennan,Active
102681,Anchor Retail Technologies (1),Financial Services,United States,3.0,2021-02-08,Organic Search,Marcus Webb,Churned
102682,Vantage Industries,Logistics,United States,10.0,2022-09-05,Organic Search,,Active
102683,Windward Digital Networks,Manufacturing,United States,42.0,2023-03-22,Outbound Sales,Elena Torres,Active
102684,Vantage Media Industries,Manufacturing,India,26.0,2022-10-03,Paid Search,Devon Wallace,Churned
102685,Cinder Robotics Systems (1),Retail,United States,190.0,2022-08-10,Outbound Sales,Devon Wallace,Active
102686,Sable Partners,Education,United States,290.0,2022-09-06,Organic Search,,Active
102687,Wildflower Works Partners,Manufacturing,Singapore,17.0,2022-11-20,Organic Search,,Active
102688,Thornbury Media Solutions,Media,United States,8.0,2022-10-24,Outbound Sales,Leo Castillo,Active
102689,Keystone Systems LLC (1),Financial Services,United States,91.0,2022-11-06,Paid Search,Nadia Petrov,Paused
102690,Cobalt Retail Holdings,Education,Germany,104.0,2021-02-12,Content/Social,Farah Sultan,Churned
102691,Harborview Systems Ventures,Retail,United States,36.0,2021-02-14,Content/Social,,Churned
102692,Orbital Health Inc.,Financial Services,India,50.0,2021-09-20,Referral,Farah Sultan,Churned
102693,Quarrystone Co. (1),Financial Services,United States,41.0,2022-01-10,Organic Search,,Active
102694,Wildflower Supply Industries,SaaS,Australia,6.0,2022-12-15,Paid Search,Marcus Webb,Active
102695,Bluepeak Freight Collective,Logistics,United States,4.0,2021-09-15,Partner,Owen Fitzgerald,Active
102696,Lattice Finance Systems,Manufacturing,United States,19.0,2021-07-01,Paid Search,Marcus Webb,Churned
102697,Silverline Media Solutions,Retail,France,15.0,2023-01-16,Content/Social,Devon Wallace,Active
102698,Cascade Digital Partners (1),Logistics,United Kingdom,,2021-06-16,Content/Social,,Active
102699,Pinecrest Cloud Industries,Manufacturing,United States,17.0,2023-04-28,Paid Search,,Active
102700,Fieldstone Group,Manufacturing,United States,2.0,2021-05-15,Outbound Sales,Leo Castillo,Churned
102701,Cinder Works Labs,Logistics,United States,1.0,2021-09-26,Referral,Hannah Ostrowski,Active
102702,Granite Finance Holdings (1),Financial Services,United States,,2021-10-10,Referral,Owen Fitzgerald,Active
102703,Quarrystone Analytics Ventures,Healthcare,United States,8.0,2021-08-20,Paid Search,Marcus Webb,Active
102704,Anchor Analytics Technologies,Education,United States,15.0,2021-01-26,Outbound Sales,Priya Anand,Churned
102705,Aldergate Logic Partners (2),Logistics,Germany,10.0,2021-06-05,Paid Search,,Churned
102706,Vantage Systems Systems,Media,India,,2021-09-16,Content/Social,,Churned
102707,Brackenridge Supply Industries,Media,Germany,6.0,2021-08-26,Referral,Jordan Kim,Active
102708,Lattice Logic Co.,Media,United States,76.0,2023-01-16,Outbound Sales,Elena Torres,Active
102709,Fernway Works LLC,SaaS,United States,15.0,2021-01-25,Content/Social,Grace Lin,Active
102710,Bluepeak Systems Holdings,Financial Services,United Kingdom,46.0,2021-10-12,Outbound Sales,Grace Lin,Active
102711,Beacon Supply Industries,Healthcare,United States,55.0,2021-01-25,Referral,Nadia Petrov,Churned
102712,Copperfield Collective (1),Healthcare,United States,30.0,2024-01-18,Organic Search,,Active
102713,Anchor Supply Partners,Media,Canada,57.0,2023-02-14,Referral,Priya Anand,Churned
102714,Clearwater Media Holdings,Financial Services,India,20.0,2024-10-07,Organic Search,,Active
102715,Clearwater Group,Media,United States,118.0,2023-11-05,Content/Social,,Churned
102716,Solstice Data Ventures,Logistics,united states,59.0,2021-08-09,Organic Search,,Churned
102717,Clearwater Retail Holdings,Financial Services,United States,70.0,2022-09-22,Organic Search,,Active
102718,Vantage Robotics Inc.,Retail,United Kingdom,6.0,2021-08-14,Partner,Leo Castillo,Churned
102719,Meridian Co.,Manufacturing,United States,28.0,2023-09-11,Organic Search,,Active
102720,Lumen Health Partners,Media,Australia,2.0,2021-10-14,Content/Social,,Churned
102721,Catalyst Analytics Industries,Financial Services,United States,124.0,2021-09-10,Organic Search,,Active
102722,Ironclad Analytics Systems,Retail,United States,9.0,2023-12-23,Paid Search,,Active
102723,Keystone Collective (1),Education,India,11.0,2023-05-11,Outbound Sales,Leo Castillo,Active
102724,Beacon Learning Inc.,Logistics,Germany,3.0,2024-07-14,Referral,,Churned
102725,Hollowbrook Logic Co,Education,Canada,19.0,2021-02-16,Content/Social,Mei Chen,Churned
102726,Cinder Works Systems,Financial Services,United States,14.0,2021-06-19,Referral,,Active
102727,Ironclad Supply Corp.,Financial Services,United States,215.0,2021-08-10,Paid Search,,Active
102728,Brightline Co. (1),Manufacturing,United Kingdom,61.0,2021-11-03,Organic Search,Mei Chen,Active
102729,Anchor Logic Solutions,Healthcare,Canada,10.0,2021-12-20,Organic Search,,Active
102730,Crestline Analytics Solutions,Manufacturing,France,2.0,2021-07-16,Referral,Farah Sultan,Active
102731,Fernway Logic Holdings,Logistics,United States,1.0,2023-02-19,Organic Search,Nadia Petrov,Active
102732,Summit Freight Systems,Media,United Kingdom,5.0,2021-06-16,Referral,,Active
102733,Basalt Retail Technologies,Logistics,United States,4.0,2022-09-15,Content/Social,,Active
102734,Fernway Media Co.,Media,United States,32.0,2023-07-27,Referral,Grace Lin,Active
102735,Keystone Finance Technologies,Media,United States,17.0,2022-05-02,Outbound Sales,Sam O'Rourke,Active
102736,Harborview Industries,SaaS,United States,21.0,2021-09-03,Organic Search,,Active
102737,Solstice Industries,Healthcare,United States,6.0,2021-05-27,Partner,Owen Fitzgerald,Churned
102738,Northwind Supply Labs,Healthcare,United States,24.0,2021-04-25,Organic Search,,Active
102739,Basalt Finance Systems,Media,India,3.0,2022-11-12,Referral,Priya Anand,Active
102740,Harborview Analytics Holdings,Retail,United Kingdom,18.0,2021-12-16,Organic Search,Devon Wallace,Churned
102741,Quarrystone Corp.,Logistics,United States,,2021-01-13,Paid Search,Owen Fitzgerald,Active
102742,Hollowbrook Learning Partners,Manufacturing,India,,2024-10-28,Organic Search,,Active
102743,Thornbury Analytics Technologies (1),SaaS,United States,36.0,2022-08-13,Paid Search,,Active
102744,Tidewater Robotics Partners,Manufacturing,United States,2.0,2023-06-22,Content/Social,,Active
102745,Tidewater Technologies (1),Healthcare,Japan,1.0,2021-11-11,Organic Search,,Churned
102746,Orbital Finance Industries (1),Healthcare,United States,31.0,2024-05-11,Content/Social,,Active
102747,Aldergate Learning Corp.,Logistics,United States,,2021-05-19,Referral,Nadia Petrov,Active
102748,Fernway Co.,Media,United Kingdom,15.0,2021-05-12,Organic Search,,Active
102749,Steadfast Retail Networks (1),Media,United States,,2023-10-01,Organic Search,Devon Wallace,Active
102750,Hollowbrook Logic Inc.,Healthcare,United States,3.0,2023-10-05,Paid Search,Owen Fitzgerald,Churned
102751,Wildflower Systems Systems (2),Manufacturing,India,8.0,2021-12-25,Partner,Hannah Ostrowski,Active
102752,Brightline Systems Systems,Healthcare,United Kingdom,24.0,2021-03-11,Paid Search,,Churned
102753,Basalt Media Industries,Education,United States,37.0,2021-08-03,Content/Social,,Churned
102754,Windward Media Inc. (1),Financial Services,Australia,9.0,2022-12-27,Paid Search,Tariq Rahman,Active
102755,Vantage Logic Systems,Education,United States,5.0,2023-06-28,Organic Search,,Active
102756,Meridian Learning Partners,Manufacturing,United States,45.0,2021-09-14,Paid Search,Devon Wallace,Paused
102757,Vertex Logic Systems,Healthcare,United States,,2021-02-18,Outbound Sales,Leo Castillo,Active
102758,Cobalt Corp. (1),SaaS,United States,13.0,2022-08-22,Referral,,Active
102759,Palisade Works Corp.,SaaS,Brazil,38.0,2022-11-02,Content/Social,,Churned
102760,Ridgeline Retail Inc.,Logistics,India,17.0,2021-11-09,Organic Search,Owen Fitzgerald,Active
102761,Orbital Systems Inc.,Logistics,United States,17.0,2022-04-16,Paid Search,Sam O'Rourke,Paused
102762,Northwind Health Systems,Manufacturing,United States,16.0,2024-10-16,Partner,Elena Torres,Active
102763,Amberlight Retail Solutions (1),SaaS,United States,7.0,2021-06-10,Referral,Jordan Kim,Active
102764,Northwind Data LLC (1),Education,India,6.0,2022-04-01,Partner,Mei Chen,Churned
102765,Marrow Systems Co.,Financial Services,United States,,2022-05-27,Referral,Devon Wallace,Active
102766,Cobalt Retail Networks,Retail,Germany,21.0,2022-02-18,Outbound Sales,Isaac Brennan,Active
102767,Silverline Finance Labs (1),Financial Services,United States,2.0,2023-08-22,Paid Search,Mei Chen,Active
102768,Summit Retail Systems (1),Media,United States,69.0,2022-05-13,Content/Social,,Active
102769,Amberlight Freight Labs,Logistics,Germany,21.0,2022-01-15,Paid Search,Leo Castillo,Active
102770,Northwind Data Co.,Media,Australia,5.0,2021-03-13,Partner,,Active
102771,Basalt Data LLC,Retail,United States,164.0,2022-09-13,Paid Search,Jordan Kim,Active
102772,Cinder Finance Solutions,Education,United States,21.0,2021-04-19,Partner,Jordan Kim,Churned
102773,Crestline Media Systems,Education,Australia,4.0,2021-01-28,Content/Social,,Active
102774,Ridgeline Analytics Systems,Healthcare,India,155.0,2021-12-22,Content/Social,,Churned
102775,Tidewater Analytics Partners,Financial Services,United Kingdom,117.0,2022-04-19,Referral,Grace Lin,Active
102776,Lumen Media Inc.,Financial Services,United Kingdom,6.0,2024-12-01,Referral,Isaac Brennan,Active
102777,Silverline Freight Inc.,SaaS,Germany,13.0,2022-10-15,Partner,Jordan Kim,Active
102778,Fallowmere Retail Partners,Financial Services,United States,11.0,2023-06-27,Referral,Devon Wallace,Active
102779,Orbital Media Co.,Healthcare,United States,2.0,2021-09-12,Outbound Sales,Jordan Kim,Active
102780,Overlook Solutions (1),Healthcare,United States,31.0,2022-01-16,Organic Search,Sam O'Rourke,Active
102781,Palisade Analytics Networks,Education,India,60.0,2024-08-10,Referral,Grace Lin,Paused
102782,Silverline Analytics Industries,Manufacturing,United States,47.0,2021-10-06,Organic Search,Leo Castillo,Churned
102783,Windward Logic Labs (1),SaaS,United States,21.0,2023-03-20,Outbound Sales,Farah Sultan,Churned
102784,Cascade Media Labs (1),Healthcare,United Kingdom,68.0,2022-01-09,Paid Search,,Active
102785,Fallowmere Holdings,SaaS,United States,5.0,2021-06-17,Organic Search,Leo Castillo,Churned
102786,Cinder Group,Media,Singapore,214.0,2022-04-17,Partner,,Active
102787,Driftwood Supply LLC,Logistics,United States,7.0,2021-06-24,Referral,,Active
102788,Overlook Freight Partners,Financial Services,India,9.0,2021-01-27,Content/Social,Jordan Kim,Active
102789,Granite Finance Collective,Logistics,United Kingdom,10.0,2021-06-16,Organic Search,Jordan Kim,Churned
102790,Brackenridge Systems Holdings,Manufacturing,United States,9.0,2021-05-02,Referral,,Active
102791,Ironclad Group (3),Media,United States,16.0,2021-09-17,Referral,,Active
102792,Lumen Cloud Networks,Logistics,United States,15.0,2023-09-25,Organic Search,Elena Torres,Active
102793,Granite Digital LLC,Education,Canada,24.0,2021-10-14,Outbound Sales,Marcus Webb,Churned
102794,Clearwater Supply Networks,Financial Services,India,7.0,2023-06-16,Paid Search,Jordan Kim,Churned
102795,Keystone Robotics Ventures,Manufacturing,united states,25.0,2022-03-22,Referral,Elena Torres,Active
102796,Basalt Analytics Networks,Retail,United States,5.0,2021-01-13,Paid Search,,Active
102797,Wildflower LLC,Healthcare,Singapore,52.0,2021-05-12,Outbound Sales,Leo Castillo,Active
102798,Solstice Industries (1),Education,United States,51.0,2024-01-14,Partner,Grace Lin,Active
102799,Lumen LLC (1),Retail,Germany,20.0,2022-05-24,Paid Search,Leo Castillo,Active
102800,Marrow Works LLC,Financial Services,United States,9.0,2024-01-14,Referral,Nadia Petrov,Paused
102801,Copperfield LLC (1),Media,United States,30.0,2021-08-10,Referral,Sam O'Rourke,Churned
102802,Solstice Media Inc.,Media,United States,6.0,2022-10-17,Outbound Sales,Nadia Petrov,Churned
102803,Lattice Corp. (1),Logistics,United States,21.0,2022-12-20,Paid Search,Hannah Ostrowski,Churned
102804,Redwood Works Industries,Media,Australia,16.0,2024-09-26,Organic Search,Priya Anand,Paused
102805,Cobalt Learning Co.,Healthcare,India,,2021-01-26,Partner,Jordan Kim,Active
102806,Lattice Works Corp.,Manufacturing,India,4.0,2024-05-22,Referral,Nadia Petrov,Active
102807,Marrow Digital Partners (1),Healthcare,India,1.0,2021-10-22,Partner,Leo Castillo,Churned
102808,Cobalt Finance Solutions,Logistics,India,9.0,2023-05-13,Organic Search,Leo Castillo,Active
102809,Ironclad Robotics Labs,Retail,India,2.0,2022-02-10,Content/Social,,Active
102810,Solstice Works LLC,Healthcare,United Kingdom,8.0,2022-03-16,Paid Search,Isaac Brennan,Churned
102811,Cinder Health LLC,Logistics,Canada,4.0,2021-09-20,Paid Search,,Churned
102812,Anchor Solutions,Retail,United Kingdom,6.0,2023-05-15,Referral,,Active
102813,Marrow Finance Group (1),Education,United States,5.0,2021-07-06,Referral,Tariq Rahman,Active
102814,Harborview Data Corp.,Healthcare,United States,70.0,2021-12-01,Outbound Sales,Marcus Webb,Active
102815,Summit Finance Group (1),Healthcare,United States,19.0,2022-03-02,Organic Search,,Active
102816,Quarrystone Works Labs,Manufacturing,United States,,2022-11-12,Organic Search,Owen Fitzgerald,Active
102817,Tidewater Freight Holdings,Media,United States,21.0,2021-12-23,Partner,Grace Lin,Active
102818,Overlook Works Networks (1),Retail,United States,67.0,2022-08-23,Organic Search,Tariq Rahman,Churned
102819,Keystone Retail Solutions,Logistics,United States,14.0,2021-12-23,Outbound Sales,Leo Castillo,Active
102820,Lattice Industries,SaaS,Canada,160.0,2022-07-20,Outbound Sales,Jordan Kim,Churned
102821,Vertex Finance Industries,SaaS,India,37.0,2022-08-01,Paid Search,Leo Castillo,Active
102822,Steadfast Supply Industries (1),Logistics,United States,7.0,2022-10-25,Outbound Sales,Isaac Brennan,Active
102823,Cobalt Robotics Group,SaaS,germany,45.0,2023-04-27,Content/Social,,Churned
102824,Granite Health Ventures,Healthcare,Germany,21.0,2022-02-24,Partner,Sam O'Rourke,Churned
102825,Tidewater Finance Labs (1),SaaS,Australia,,2021-05-13,Paid Search,,Active
102826,Ridgeline Media Holdings (1),Retail,United States,23.0,2022-08-07,Referral,,Active
102827,Windward Ventures (1),SaaS,United States,53.0,2021-02-26,Content/Social,,Active
102828,Bluepeak Finance Co.,Healthcare,United States,1.0,2021-06-06,Referral,Grace Lin,Active
102829,Wildflower Learning Industries (1),Healthcare,India,13.0,2023-02-23,Organic Search,Jordan Kim,Active
102830,Vantage Digital Co. (1),Retail,United Kingdom,49.0,2021-11-28,Paid Search,,Churned
102831,Halcyon Analytics Inc. (1),Manufacturing,India,28.0,2021-12-26,Outbound Sales,Owen Fitzgerald,Active
102832,Brackenridge Works Holdings,SaaS,India,5.0,2024-10-15,Partner,Marcus Webb,Active
102833,Copperfield Digital Partners,Financial Services,Germany,1.0,2021-06-24,Content/Social,,Active
102834,Beacon Logic Group,Healthcare,United Kingdom,183.0,2021-01-24,Content/Social,,Churned
102835,Anchor Finance Systems (1),Manufacturing,Germany,16.0,2021-03-28,Organic Search,,Churned
102836,Nimbus Industries,Healthcare,Canada,144.0,2021-06-11,Outbound Sales,Priya Anand,Paused
102837,Cobalt Co,Financial Services,United States,56.0,2022-10-18,Paid Search,,Active
102838,Brightline Finance Systems,Media,Canada,,2023-01-23,Paid Search,Owen Fitzgerald,Active
102839,Aldergate Technologies,Retail,United States,1.0,2022-03-07,Paid Search,,Active
102840,Brightline Industries,Financial Services,United States,11.0,2021-07-07,Content/Social,,Churned
102841,Overlook Retail Technologies,Education,Singapore,19.0,2022-01-11,Paid Search,Sam O'Rourke,Active
102842,Wildflower Systems Collective,Manufacturing,United States,36.0,2021-01-11,Referral,,Active
102843,Marrow Freight Systems,Education,United States,5.0,2022-08-22,Referral,Sam O'Rourke,Active
102844,Harborview Retail Systems, Manufacturing ,South Africa,25.0,2022-05-27,Organic Search,Owen Fitzgerald,Churned
102845,Copperfield Learning Corp.,Media,United States,25.0,2021-01-05,Referral,Hannah Ostrowski,Active
102846,Vertex Supply Systems (1),Media,United States,72.0,2023-04-10,Paid Search,,Active
102847,Fallowmere Finance Systems,Education,United States,13.0,2022-12-27,Organic Search,,Active
102848,Bluepeak Systems Industries,Logistics,United States,36.0,2021-08-17,Referral,Isaac Brennan,Churned
102849,Tidewater Cloud Inc,SaaS,United States,29.0,2022-06-06,Partner,Isaac Brennan,Churned
102850,Tidewater Data Systems,Financial Services,United States,63.0,2022-05-17,Outbound Sales,Sam O'Rourke,Active
102851,Clearwater Ventures (1),Media,Canada,7.0,2021-04-25,Partner,Priya Anand,Active
102852,Overlook Analytics Labs,SaaS,United States,1.0,2021-05-11,Organic Search,,Active
102853,Palisade Inc.,Media,United Kingdom,15.0,2022-09-14,Paid Search,,Churned
102854,Brackenridge Health LLC,SaaS,United States,15.0,2024-02-18,Organic Search,,Active
102855,Hollowbrook Systems LLC,Media,United States,4.0,2022-04-24,Content/Social,,Active
102856,Northwind Networks,Retail,United Kingdom,3.0,2022-03-16,Paid Search,Nadia Petrov,Churned
102857,Meridian Collective (1),Manufacturing,united states,,2022-07-27,Paid Search,,Paused
102858,Fallowmere Works Labs,Media,United States,17.0,2021-11-22,Content/Social,,Active
102859,Fallowmere Holdings (1),Media,United States,23.0,2021-02-12,Content/Social,,Active
102860,Anchor Cloud Solutions,Education,United States,1.0,2021-10-14,Paid Search,,Active
102861,Cobalt Works LLC,Logistics,United States,2.0,2023-10-20,Partner,Isaac Brennan,Active
102862,Thornbury Robotics Systems,Retail,United States,87.0,2023-03-02,Referral,Farah Sultan,Paused
102863,Copperfield Retail Co.,Retail,United States,16.0,2024-01-07,Referral,,Active
102864,Crestline Finance Group (1),Retail,United States,20.0,2021-04-07,Referral,Mei Chen,Churned
102865,Fernway Systems (1),Manufacturing,United States,4.0,2022-01-23,Content/Social,,Active
102866,Beacon Freight Ventures,Logistics,Canada,20.0,2022-04-24,Paid Search,Farah Sultan,Active
102867,Amberlight Digital Industries,Logistics,United States,12.0,2021-05-23,Partner,Elena Torres,Churned
102868,Anchor Technologies,Education,United Kingdom,,2021-05-03,Paid Search,,Active
102869,Cascade Supply Inc. (1),Retail,United Kingdom,,2023-01-09,Outbound Sales,Priya Anand,Active
102870,Crestline Logic Partners,Retail,United States,6.0,2022-08-09,Outbound Sales,Mei Chen,Active
102871,Keystone Works Partners,Manufacturing,United States,261.0,2022-07-01,Partner,Devon Wallace,Active
102872,Thornbury Inc.,Logistics,United States,13.0,2021-07-08,Content/Social,Leo Castillo,Active
102873,Ridgeline Data Systems,Logistics,United States,56.0,2022-01-13,Partner,,Churned
102874,Tidewater Systems Solutions,Manufacturing,United States,16.0,2021-01-25,Outbound Sales,Elena Torres,Active
102875,Silverline Systems Ventures,Logistics,United States,13.0,2021-03-05,Organic Search,,Active
102876,Beacon Data Co.,Financial Services,Germany,9.0,2022-01-25,Content/Social,,Active
102877,Hollowbrook Retail Networks,Retail,India,116.0,2021-08-23,Referral,Jordan Kim,Active
102878,Copperfield Systems Inc.,Financial Services,United States,33.0,2024-07-05,Organic Search,Mei Chen,Active
102879,Halcyon Supply Partners,SaaS,Germany,7.0,2021-12-08,Referral,Jordan Kim,Churned
102880,Fernway Systems Collective,Manufacturing,United States,12.0,2021-02-13,Organic Search,,Active
102881,Keystone Data Holdings,Healthcare,United States,,2021-01-27,Referral,Jordan Kim,Active
102882,Marrow Cloud Ventures,Healthcare,United States,1.0,2022-10-22,Organic Search,Isaac Brennan,Active
102883,Crestline Labs (2),SaaS,Germany,30.0,2021-05-28,Organic Search,,Churned
102884,Summit Cloud Inc.,Logistics,United States,40.0,2021-05-09,Content/Social,Grace Lin,Active
102885,Lattice Health Ventures,Financial Services,Canada,8.0,2021-11-26,Content/Social,,Active
102886,Redwood Networks,Media,United Kingdom,25.0,2021-07-27,Referral,Devon Wallace,Active
102887,Ironclad Media Networks,Education,United States,,2022-06-17,Content/Social,,Active
102888,Summit Cloud Collective,Manufacturing,United States,4.0,2021-12-05,Organic Search,,Active
102889,Amberlight Data Ventures,Financial Services,United States,60.0,2021-03-08,Organic Search,,Churned
102890,Cinder Cloud Solutions,Manufacturing,India,30.0,2023-01-04,Content/Social,,Churned
102891,Nimbus Inc.,Retail,United States,16.0,2021-11-23,Outbound Sales,Nadia Petrov,Active
102892,Windward Learning Labs,Logistics,United States,23.0,2022-05-09,Partner,Isaac Brennan,Active
102893,Copperfield LLC (2),Financial Services,United States,50.0,2021-01-20,Organic Search,Jordan Kim,Churned
102894,Nimbus Logic Industries,SaaS,Canada,408.0,2022-06-08,Organic Search,,Active
102895,Brightline Cloud Solutions,Logistics,India,44.0,2021-07-28,Paid Search,Hannah Ostrowski,Active
102896,Orbital Supply Partners,SaaS,United States,58.0,2021-12-22,Content/Social,Priya Anand,Churned
102897,Aldergate Corp. (1),Financial Services,United States,26.0,2021-08-11,Organic Search,,Churned
102898,Fieldstone Industries,Media,United States,238.0,2024-12-14,Referral,,Active
102899,Wildflower Retail Ventures (1),Healthcare,United States,,2021-06-02,Paid Search,Grace Lin,Paused
102900,Keystone Works Networks,Retail,United States,2.0,2023-11-04,Outbound Sales,Owen Fitzgerald,Active
102901,Cobalt Freight Holdings,Retail,India,25.0,2023-12-28,Organic Search,,Churned
102902,Fernway Data Systems,Manufacturing,United States,47.0,2021-11-23,Partner,Marcus Webb,Active
102903,Overlook Digital Industries,Education,United States,,2021-08-24,Referral,Priya Anand,Churned
102904,Halcyon Systems,Education,United States,20.0,2021-10-19,Paid Search,,Active
102905,Harborview Freight Systems,Education,United States,16.0,2024-11-07,Paid Search,,Active
102906,Ridgeline Supply Industries,Healthcare,United Kingdom,53.0,2022-06-03,Paid Search,Jordan Kim,Active
102907,Silverline Supply Labs,Logistics,India,35.0,2022-02-21,Outbound Sales,Isaac Brennan,Active
102908,Wrenfield Media Collective,Retail,United States,2.0,2021-01-10,Partner,Jordan Kim,Churned
102909,Brackenridge Corp.,Media,United States,5.0,2023-06-01,Organic Search,,Active
102910,Fernway Logic Partners,Media,United Kingdom,7.0,2021-02-01,Referral,Tariq Rahman,Active
102911,Amberlight Systems Labs,SaaS,United Kingdom,52.0,2021-01-16,Organic Search,Nadia Petrov,Churned
102912,Vantage Logic Industries,Retail,Canada,33.0,2021-07-24,Content/Social,,Churned
102913,Vantage Data Technologies,education,Canada,9.0,2021-12-11,Content/Social,Marcus Webb,Churned
102914,Tidewater Logic Co.,Retail,Canada,24.0,2023-10-28,Partner,Elena Torres,Active
102915,Wildflower Cloud Group,Media,Canada,5.0,2023-01-11,Paid Search,Hannah Ostrowski,Active
102916,Aldergate Robotics Solutions,Financial Services,Australia,288.0,2021-05-21,Referral,,Active
102917,Lumen Retail Industries,Media,United Kingdom,42.0,2021-09-07,Content/Social,,Active
102918,Driftwood Works Industries,SaaS,United Kingdom,,2023-01-18,Organic Search,Grace Lin,Active
102919,Overlook Digital Inc.,SaaS,India,120.0,2022-01-08,Outbound Sales,Mei Chen,Active
102920,Aldergate Learning Corp. (1),Manufacturing,United States,75.0,2021-05-22,Content/Social,Owen Fitzgerald,Active
102921,Summit Analytics Solutions,Media,United States,21.0,2021-10-13,Partner,,Churned
102922,Crestline Finance LLC,Logistics,Germany,16.0,2022-06-02,Outbound Sales,Marcus Webb,Active
102923,Halcyon Learning Collective,Media,United States,107.0,2024-08-07,Referral,,Active
102924,Wildflower Analytics Systems (1),Manufacturing,United States,21.0,2022-08-10,Content/Social,,Active
102925,Meridian Systems Industries,SaaS,United States,8.0,2021-01-14,Organic Search,,Active
102926,Meridian Robotics Labs,Education,United States,,2022-09-08,Content/Social,,Active
102927,Crestline Logic Corp.,Manufacturing,United States,6.0,2021-06-17,Referral,,Active
102928,Catalyst Learning Solutions (1),Financial Services,United States,2.0,2023-07-27,Partner,Hannah Ostrowski,Active
102929,Sable Data Partners,Logistics,United States,73.0,2021-10-20,Content/Social,,Active
102930,Keystone Retail Holdings,Logistics,United States,8.0,2021-05-09,Referral,,Active
102931,Anchor Retail Corp.,Media,United States,35.0,2021-12-19,Organic Search,Owen Fitzgerald,Active
102932,Summit Logic Ventures,Logistics,United States,213.0,2021-07-28,Paid Search,,Active
102933,Thornbury Freight Corp.,Education,United States,,2021-06-07,Partner,Farah Sultan,Active
102934,Thornbury Supply Systems,Media,United States,19.0,2022-04-07,Outbound Sales,Hannah Ostrowski,Churned
102935,Nimbus Robotics Technologies,SaaS,United Kingdom,,2022-12-02,Organic Search,,Active
102936,Thornbury Finance Collective,Retail,United States,49.0,2023-05-24,Content/Social,Tariq Rahman,Churned
102937,Fernway Learning Collective,Manufacturing,Germany,16.0,2021-10-24,Content/Social,Leo Castillo,Churned
102938,Amberlight Health Partners (2),SaaS,United Kingdom,,2021-02-12,Content/Social,Elena Torres,Churned
102939,Tidewater Supply Group,Media,United States,18.0,2021-12-25,Outbound Sales,Hannah Ostrowski,Active
102940,Granite Health Holdings,Retail,United States,34.0,2021-11-19,Content/Social,Leo Castillo,Churned
102941,Northwind Freight Corp.,Healthcare,United States,,2021-05-28,Content/Social,,Churned
102942,Redwood Logic Holdings,Healthcare,United States,72.0,2023-10-26,Paid Search,,Churned
102943,Silverline Corp. (1),Education,Germany,112.0,2024-08-27,Content/Social,,Active
102944,Aldergate Learning Networks,SaaS,India,,2021-02-11,Referral,Sam O'Rourke,Active
102945,Nimbus Analytics Inc.,Media,Canada,,2023-02-18,Content/Social,Nadia Petrov,Churned
102946,Cinder Learning Technologies,Logistics,United Kingdom,25.0,2022-07-05,Partner,,Active
102947,Harborview Media Group,Manufacturing,Germany,8.0,2021-07-26,Outbound Sales,Sam O'Rourke,Paused
102948,Wildflower Media Solutions,Retail,Australia,27.0,2022-06-09,Organic Search,Marcus Webb,Active
102949,Redwood Health Labs,Healthcare,United States,26.0,2021-03-13,Paid Search,,Active
102950,Silverline Health Labs,Retail,United States,,2021-02-17,Organic Search,,Active
102951,Anchor Robotics Group,Education,United States,33.0,2024-11-23,Outbound Sales,Isaac Brennan,Active
102952,Meridian Digital Technologies (2),Logistics,United States,7.0,2022-06-21,Content/Social,,Active
102953,Vertex Technologies,Logistics,United States,5.0,2021-07-27,Paid Search,Leo Castillo,Active
102954,Copperfield Ventures,Logistics,United States,19.0,2021-11-20,Paid Search,,Active
102955,Quarrystone Cloud Partners,MANUFACTURING,Canada,3.0,2024-04-23,Outbound Sales,Elena Torres,Active
102956,Lattice Robotics Inc.,Retail,United States,8.0,2021-11-17,Organic Search,,Churned
102957,Brightline Systems Ventures,Financial Services,Canada,15.0,2023-10-12,Paid Search,,Churned
102958,Steadfast Digital Technologies,Healthcare,United States,12.0,2023-08-26,Paid Search,,Active
102959,Beacon Health Technologies (1),SaaS,United States,52.0,2021-09-11,Outbound Sales,Isaac Brennan,Churned
102960,Fieldstone Data Technologies,Media,Canada,,2022-09-18,Referral,Tariq Rahman,Churned
102961,Harborview Logic Collective,Education,United States,1.0,2022-07-09,Partner,,Active
102962,Cinder Labs,Logistics,India,2.0,2022-12-14,Organic Search,,Active
102963,Ironclad Co.,Media,Australia,,2021-09-11,Paid Search,,Active
102964,Marrow Health Systems,Manufacturing,United States,9.0,2021-02-08,Partner,,Churned
102965,Granite Analytics Labs,SaaS,United States,4.0,2021-04-23,Content/Social,Farah Sultan,Active
102966,Driftwood Data LLC,Financial Services,United States,,2022-06-22,Organic Search,Priya Anand,Active
102967,Halcyon Robotics Networks,Financial Services,United States,59.0,2023-01-20,Content/Social,,Active
102968,Hollowbrook Media Collective,Manufacturing,Germany,19.0,2022-12-03,Partner,Devon Wallace,Churned
102969,Cinder Analytics Systems,Education,Canada,27.0,2022-04-07,Content/Social,,Active
102970,Redwood Health Industries,Media,United States,14.0,2021-02-07,Referral,Nadia Petrov,Active
102971,Meridian Freight Labs,SaaS,India,4.0,2021-01-20,Paid Search,Tariq Rahman,Active
102972,Harborview Data Industries,SaaS,Germany,77.0,2023-01-25,Paid Search,,Churned
102973,Quarrystone Supply Co.,Logistics,United States,61.0,2022-02-11,Partner,Jordan Kim,Paused
102974,Sable Retail Partners,Financial Services,United States,,2023-01-10,Content/Social,Elena Torres,Active
102975,Summit Works Networks,Media,Canada,27.0,2021-04-16,Referral,,Active
102976,Cinder Works Ventures,Media,India,31.0,2021-10-28,Paid Search,Leo Castillo,Active
102977,Meridian Robotics Group,SaaS,United States,13.0,2023-12-11,Paid Search,,Active
102978,Pinecrest Media Networks,Manufacturing,United States,307.0,2021-05-08,Referral,Isaac Brennan,Churned
102979,Fallowmere Solutions (1),Retail,United States,266.0,2021-02-15,Content/Social,,Churned
102980,Solstice Collective (1),Retail,United Kingdom,12.0,2022-07-26,Organic Search,Priya Anand,Active
102981,Catalyst Data Holdings,Retail,United Kingdom,15.0,2022-05-21,Outbound Sales,Sam O'Rourke,Active
102982,Cobalt Data Networks,Media,United States,13.0,2024-05-15,Referral,Grace Lin,Active
102983,Granite Logic Holdings,SaaS,canada,9.0,2023-11-21,Content/Social,,Active
102984,Pinecrest Learning Collective,Manufacturing,United States,6.0,2022-11-01,Partner,Jordan Kim,Churned
102985,Redwood Media Ventures,Financial Services,India,39.0,2021-01-22,Paid Search,,Churned
102986,Vantage Co.,Healthcare,United Kingdom,257.0,2021-12-03,Outbound Sales,Priya Anand,Active
102987,Fieldstone Holdings,Retail,United States,151.0,2023-10-11,Partner,Mei Chen,Active
102988,Tidewater Systems Industries,Healthcare,United States,56.0,2021-11-10,Content/Social,,Active
102989,Silverline Retail Ventures,Healthcare,United States,1.0,2024-06-20,Referral,Elena Torres,Active
102990,Hollowbrook Analytics Technologies,Healthcare,India,2.0,2022-07-07,Paid Search,Owen Fitzgerald,Active
102991,Thornbury Works LLC,Education,United Kingdom,80.0,2021-03-07,Referral,Hannah Ostrowski,Active
102992,Thornbury Analytics Corp.,Logistics,United States,165.0,2022-01-25,Outbound Sales,Leo Castillo,Active
102993,Orbital Systems (1),Financial Services,Singapore,41.0,2022-09-14,Organic Search,,Active
102994,Tidewater Solutions,Retail,Canada,14.0,2021-02-21,Content/Social,Isaac Brennan,Active
102995,Fallowmere Supply LLC (1),Education,United States,117.0,2021-09-17,Organic Search,,Active
102996,Nimbus Digital Inc.,Media,United States,53.0,2022-10-18,Content/Social,,Churned
102997,Cascade Systems,Education,United States,88.0,2021-04-20,Referral,Hannah Ostrowski,Active
102998,Vertex Finance Solutions (1),Education,United States,,2021-09-19,Paid Search,Tariq Rahman,Active
102999,Halcyon Cloud Corp. (1),Manufacturing,Netherlands,31.0,2022-09-26,Referral,Grace Lin,Active
103000,Fieldstone Data Industries,Logistics,United Kingdom,202.0,2023-01-22,Outbound Sales,Priya Anand,Active
103001,Fieldstone Supply Holdings,SaaS,United States,40.0,2022-01-09,Content/Social,,Active
103002,Windward Finance Inc. (1),Logistics,United States,,2024-06-05,Referral,,Active
103003,Bluepeak Finance Partners,Logistics,United States,21.0,2024-01-24,Paid Search,,Active
103004,Windward Retail Ventures,Logistics,United States,23.0,2021-12-11,Content/Social,,Active
103005,Anchor Health Corp. (1),Financial Services,United States,124.0,2021-04-09,Referral,Marcus Webb,Active
103006,Bluepeak Analytics Corp.,Media,Canada,8.0,2022-12-04,Organic Search,Isaac Brennan,Paused
103007,Fernway Systems Systems,SaaS,India,7.0,2021-06-16,Content/Social,,Churned
103008,Halcyon Networks,Financial Services,Germany,11.0,2023-06-15,Paid Search,Mei Chen,Active
103009,Bluepeak Robotics LLC,Logistics,United States,21.0,2022-04-24,Paid Search,Marcus Webb,Active
103010,Redwood Analytics Holdings,Healthcare,United States,2.0,2021-10-21,Referral,,Churned
103011,Vantage Technologies (2),Media,Canada,52.0,2022-03-21,Outbound Sales,Jordan Kim,Churned
103012,Hollowbrook Supply Networks,Healthcare,United States,16.0,2022-02-16,Referral,Marcus Webb,Active
103013,Silverline Supply LLC (1),education,United States,61.0,2023-12-25,Content/Social,Mei Chen,Active
103014,Keystone Retail Inc,Manufacturing,Singapore,1.0,2021-06-28,Organic Search,,Churned
103015,Thornbury Ventures (1),Logistics,Canada,61.0,2024-01-23,Content/Social,,Active
103016,Clearwater Supply Inc.,Healthcare,Australia,114.0,2021-01-10,Paid Search,Devon Wallace,Active
103017,Keystone Data Industries,Media,United States,36.0,2022-12-08,Paid Search,,Churned
103018,Brackenridge Freight Ventures,Financial Services,United Kingdom,21.0,2023-12-01,Paid Search,Leo Castillo,Active
103019,Redwood Labs (1),Financial Services,United States,62.0,2021-10-28,Paid Search,Elena Torres,Churned
103020,Cinder Supply Holdings,SaaS,United States,105.0,2021-02-21,Referral,Farah Sultan,Active
103021,Harborview Media Holdings,SaaS,United States,40.0,2023-03-27,Content/Social,,Active
103022,Halcyon Finance Systems,Media,Canada,44.0,2023-06-23,Partner,Marcus Webb,Active
103023,Wildflower Logic LLC,SaaS,United States,173.0,2021-09-13,Partner,Devon Wallace,Active
103024,Vertex Media Co.,SaaS,UK,54.0,2022-01-05,Paid Search,,Churned
103025,Tidewater Freight Group,Retail,Australia,7.0,2023-03-02,Content/Social,,Churned
103026,Ironclad Health Collective,Healthcare,Canada,104.0,2021-05-23,Organic Search,Nadia Petrov,Active
103027,Northwind Works Inc.,Retail,United States,17.0,2022-06-09,Outbound Sales,Jordan Kim,Active
103028,Clearwater Industries,Education,United Kingdom,21.0,2021-11-11,Outbound Sales,Grace Lin,Churned
103029,Granite Logic Partners,Media,United States,23.0,2021-05-24,Paid Search,,Active
103030,Orbital Digital Industries (1),Education,United States,71.0,2023-05-14,Referral,Elena Torres,Active
103031,Fallowmere Works Solutions,Manufacturing,United States,195.0,2021-08-27,Content/Social,Isaac Brennan,Active
103032,Bluepeak Supply Co.,Logistics,United Kingdom,21.0,2024-02-16,Organic Search,,Active
103033,Beacon Works LLC,Logistics,Canada,,2022-03-24,Outbound Sales,Tariq Rahman,Active
103034,Amberlight Freight Solutions,Manufacturing,Germany,,2022-01-04,Content/Social,Jordan Kim,Active
103035,Nimbus Finance Industries,SaaS,United States,124.0,2021-11-12,Organic Search,,Active
103036,Cascade Digital Group,Media,United States,26.0,2021-10-06,Organic Search,,Active
103037,Lattice Corp. (2),Media,United States,11.0,2023-04-02,Referral,,Active
103038,Wildflower Supply Partners,Healthcare,Netherlands,244.0,2022-08-28,Partner,Devon Wallace,Active
103039,Vertex Health Industries,Retail,Canada,,2022-12-15,Referral,Isaac Brennan,Active
103040,Sable Networks (1),Retail,Netherlands,9.0,2021-11-10,Referral,Mei Chen,Churned
103041,Silverline Data Technologies,Healthcare,United States,4.0,2021-07-11,Organic Search,Elena Torres,Active
103042,Tidewater Systems LLC,Manufacturing,United States,104.0,2021-02-07,Content/Social,Leo Castillo,Active
103043,Lumen Robotics Holdings,Logistics,United Kingdom,142.0,2023-01-04,Content/Social,Nadia Petrov,Churned
103044,Fallowmere Supply Solutions (2),Retail,United States,33.0,2021-10-26,Outbound Sales,Elena Torres,Active
103045,Vertex Media Labs,Financial Services,United States,6.0,2022-01-03,Content/Social,,Churned
103046,Wrenfield Robotics Systems (1),Media,United States,20.0,2021-12-11,Outbound Sales,Priya Anand,Active
103047,Harborview Cloud Collective,SaaS,United States,14.0,2021-11-05,Content/Social,,Active
103048,Quarrystone Logic Industries,Logistics,United States,5.0,2022-09-27,Paid Search,Leo Castillo,Active
103049,Pinecrest Retail Ventures,SaaS,Germany,11.0,2022-05-06,Organic Search,Priya Anand,Churned
103050,Halcyon Works Technologies,Healthcare,India,39.0,2024-08-12,Content/Social,,Active
103051,Quarrystone LLC (1),SaaS,India,9.0,2021-04-22,Organic Search,Owen Fitzgerald,Churned
103052,Quarrystone Finance Labs,Media,United States,29.0,2022-04-16,Organic Search,,Active
103053,Cobalt Freight Industries,Financial Services,India,2.0,2021-02-11,Partner,Nadia Petrov,Active
103054,Cinder Systems Networks (1),Financial Services,United States,178.0,2023-03-16,Outbound Sales,Owen Fitzgerald,Active
103055,Halcyon Supply Networks,Education,United States,12.0,2022-05-13,Organic Search,Isaac Brennan,Churned
103056,Cinder Freight Labs,Healthcare,United States,62.0,2021-11-09,Organic Search,,Active
103057,Thornbury Cloud Systems (1),Media,United States,26.0,2023-03-17,Organic Search,Isaac Brennan,Active
103058,Vantage LLC (1),Financial Services,Australia,34.0,2021-11-11,Paid Search,Tariq Rahman,Active
103059,Sable Works Collective,Media,Canada,5.0,2021-06-27,Organic Search,,Active
103060,Halcyon Digital Collective,Manufacturing,United States,7.0,2021-12-13,Referral,Sam O'Rourke,Churned
103061,Granite Industries (1),Manufacturing,United Kingdom,8.0,2021-02-22,Partner,Marcus Webb,Churned
103062,Vertex Works Co.,Logistics,United States,21.0,2023-10-07,Organic Search,,Churned
103063,Crestline Logic Networks,Education,United States,113.0,2022-11-19,Organic Search,Tariq Rahman,Active
103064,Tidewater Retail Solutions,healthcare,United Kingdom,35.0,2022-12-16,Outbound Sales,Grace Lin,Active
103065,Anchor Technologies (1),Manufacturing,India,6.0,2023-08-21,Paid Search,,Active
103066,Nimbus Retail Co.,Manufacturing,Canada,23.0,2023-02-13,Organic Search,Jordan Kim,Active
103067,Ridgeline Health Collective,Financial Services,United States,18.0,2021-11-21,Paid Search,Farah Sultan,Active
103068,Sable Partners (1),Healthcare,United States,13.0,2021-03-02,Outbound Sales,Marcus Webb,Active
103069,Sable Health Industries,Logistics,United States,,2021-09-20,Paid Search,Isaac Brennan,Churned
103070,Lattice Analytics Networks,Healthcare,United States,54.0,2024-02-22,Referral,Sam O'Rourke,Active
103071,Halcyon Solutions (1),SaaS,United States,8.0,2024-04-14,Referral,Marcus Webb,Active
103072,Palisade Cloud LLC,Manufacturing,United States,13.0,2022-12-01,Partner,Marcus Webb,Churned
103073,Brackenridge Logic Ventures,SaaS,United States,72.0,2021-05-16,Outbound Sales,Hannah Ostrowski,Active
103074,Vantage Analytics LLC,Media,United States,,2021-05-22,Content/Social,Priya Anand,Active
103075,Cinder Freight Systems,Media,India,106.0,2023-09-13,Outbound Sales,Hannah Ostrowski,Active
103076,Copperfield Analytics Labs,Manufacturing,United States,130.0,2021-04-03,Organic Search,,Paused
103077,Beacon Robotics Group,Retail,United States,3.0,2022-04-12,Organic Search,,Active
103078,Amberlight Learning Labs,Logistics,Germany,29.0,2021-09-28,Paid Search,,Churned
103079,Fieldstone Media Systems,SaaS,Australia,10.0,2021-08-08,Organic Search,Isaac Brennan,Churned
103080,Beacon Works Holdings,SaaS,United States,4.0,2022-08-15,Paid Search,Devon Wallace,Churned
103081,Wrenfield Supply Holdings,Healthcare,United States,7.0,2024-06-10,Organic Search,Devon Wallace,Active
103082,Wrenfield Systems (2),Education,United States,14.0,2023-01-20,Outbound Sales,Tariq Rahman,Active
103083,Ironclad Media Holdings,Manufacturing,Singapore,14.0,2021-12-12,Outbound Sales,Priya Anand,Active
103084,Catalyst Collective,Healthcare,United States,9.0,2021-11-11,Organic Search,Sam O'Rourke,Churned
103085,Summit Finance Group (2),Logistics,United States,20.0,2023-11-17,Referral,Marcus Webb,Active
103086,Lumen Digital Partners,Media,India,483.0,2022-04-17,Paid Search,,Active
103087,Catalyst Logic Co.,Retail,India,2.0,2021-12-14,Referral,Tariq Rahman,Active
103088,Ridgeline Analytics Labs,SaaS,United States,,2022-08-08,Referral,,Churned
103089,Catalyst Freight Holdings,Manufacturing,United States,20.0,2021-06-04,Organic Search,Grace Lin,Active
103090,Brackenridge Data Ventures,Retail,United States,11.0,2021-02-20,Organic Search,Marcus Webb,Active
103091,Cascade Cloud Industries,Healthcare,United States,1.0,2023-07-10,Content/Social,Marcus Webb,Active
103092,Lumen Works Networks,Media,United States,54.0,2022-05-18,Referral,,Churned
103093,Redwood Learning Solutions,Retail,Canada,3.0,2021-04-11,Referral,,Churned
103094,Bluepeak Data Inc.,Healthcare,India,59.0,2021-08-24,Paid Search,Mei Chen,Active
103095,Amberlight Retail Inc.,Logistics,India,193.0,2024-11-20,Paid Search,Farah Sultan,Active
103096,Cascade Digital Labs (2),Manufacturing,India,4.0,2022-06-12,Organic Search,,Active
103097,Fallowmere Freight Collective,Education,United States,92.0,2022-06-10,Content/Social,,Churned
103098,Anchor Works Corp.,Logistics,United States,21.0,2021-02-21,Paid Search,Hannah Ostrowski,Churned
103099,Harborview Co. (1),Media,India,1.0,2024-08-01,Organic Search,Farah Sultan,Active
103100,Crestline Labs (3),Financial Services,United States,4.0,2023-10-02,Content/Social,Elena Torres,Churned
103101,Copperfield Finance LLC (1),Manufacturing,United States,25.0,2022-02-03,Referral,Grace Lin,Churned
103102,Marrow Logic Holdings,Education,United States,34.0,2021-08-10,Organic Search,Priya Anand,Active
103103,Clearwater Systems Inc,Healthcare,India,3.0,2022-09-14,Outbound Sales,Mei Chen,Active
103104,Clearwater LLC (1),Logistics,United Kingdom,21.0,2023-05-09,Referral,,Active
103105,Ironclad Labs (1),Education,United States,59.0,2023-01-06,Content/Social,,Active
103106,Fieldstone Logic Technologies (1),Manufacturing,United States,,2024-09-09,Paid Search,Mei Chen,Active
103107,Marrow Systems Collective,Financial Services,Canada,12.0,2022-06-14,Partner,Devon Wallace,Active
103108,Clearwater Finance Group,Retail,United States,36.0,2021-08-09,Organic Search,,Churned
103109,Solstice Retail Labs (1),SaaS,United States,81.0,2021-12-17,Partner,Hannah Ostrowski,Active
103110,Ironclad Retail Holdings,Media,India,61.0,2023-04-11,Partner,,Active
103111,Copperfield Partners,Education,United Kingdom,64.0,2021-07-27,Partner,Isaac Brennan,Churned
103112,Steadfast Industries,Education,United States,23.0,2021-06-28,Content/Social,,Churned
103113,Catalyst Freight Group,SaaS,United States,18.0,2022-10-19,Outbound Sales,Priya Anand,Churned
103114,Fieldstone Analytics Networks,Media,Germany,29.0,2021-11-16,Paid Search,Isaac Brennan,Churned
103115,Vertex Technologies (1),Healthcare,United States,7.0,2023-04-01,Paid Search,Devon Wallace,Churned
103116,Vertex Media Industries (1),Education,Australia,85.0,2021-04-18,Organic Search,,Active
103117,Meridian Data LLC,Healthcare,Canada,,2021-09-11,Referral,Priya Anand,Active
103118,Clearwater Logic Industries,Retail,Australia,10.0,2021-07-09,Organic Search,,Active
103119,Cobalt Systems Collective,Retail,United States,19.0,2022-09-23,Partner,Devon Wallace,Active
103120,Palisade Networks,Media,United States,37.0,2022-12-02,Outbound Sales,Elena Torres,Active
103121,Northwind Health Corp.,SaaS,United States,47.0,2021-11-08,Content/Social,Devon Wallace,Active
103122,Summit Supply Corp.,SaaS,United States,139.0,2021-12-22,Organic Search,Farah Sultan,Active
103123,Fallowmere Analytics Partners (1),Healthcare,United States,22.0,2021-04-26,Partner,Grace Lin,Active
103124,Vertex Analytics Technologies,Logistics,United States,8.0,2022-09-15,Partner,Sam O'Rourke,Active
103125,Fieldstone Retail Ventures,Manufacturing,United States,17.0,2024-11-15,Content/Social,,Paused
103126,Thornbury Supply Inc.,Media,United Kingdom,,2023-01-28,Partner,Farah Sultan,Churned
103127,Amberlight Supply Solutions,Retail,United States,39.0,2021-06-03,Organic Search,Grace Lin,Active
103128,Vantage Supply Corp.,Logistics,United States,5.0,2022-06-14,Paid Search,,Active
103129,Halcyon Retail Partners (1),SaaS,United States,16.0,2021-08-07,Content/Social,Owen Fitzgerald,Active
103130,Steadfast Freight Co.,SaaS,India,166.0,2021-01-14,Outbound Sales,Owen Fitzgerald,Churned
103131,Clearwater Works Systems,Financial Services,United States,25.0,2021-05-26,Partner,Priya Anand,Active
103132,Redwood Learning Collective,Financial Services,India,5.0,2021-03-17,Partner,Sam O'Rourke,Churned
103133,Thornbury Finance Networks (1),healthcare,United States,13.0,2021-05-28,Outbound Sales,Marcus Webb,Active
103134,Fallowmere Retail Corp.,Retail,United Kingdom,1.0,2023-02-15,Partner,,Active
103135,Cascade Partners,Healthcare,India,19.0,2021-08-25,Content/Social,Jordan Kim,Churned
103136,Silverline Logic Ventures,Healthcare,United States,171.0,2022-12-05,Content/Social,,Churned
103137,Beacon Systems LLC,Education,United Kingdom,4.0,2024-04-09,Organic Search,Nadia Petrov,Active
103138,Wildflower Retail Co.,Healthcare,Germany,3.0,2022-04-08,Paid Search,Hannah Ostrowski,Churned
103139,Lumen Cloud Partners,Retail,United States,9.0,2021-12-22,Paid Search,Grace Lin,Churned
103140,Amberlight Systems Co.,Education,United States,67.0,2022-11-15,Referral,Marcus Webb,Churned
103141,Silverline Digital Holdings,Education,Germany,184.0,2021-03-07,Partner,Tariq Rahman,Active
103142,Vantage Co. (1),Financial Services,Canada,36.0,2021-11-05,Partner,Devon Wallace,Churned
103143,Brightline Cloud Group,SaaS,United Kingdom,4.0,2021-12-11,Organic Search,,Active
103144,Halcyon Health Co.,Logistics,United States,20.0,2023-05-05,Organic Search,,Churned
103145,Fernway Cloud Systems,Education,United States,206.0,2023-03-20,Referral,Tariq Rahman,Churned
103146,Cascade Logic Co.,Healthcare,Australia,13.0,2023-06-24,Partner,,Churned
103147,Fieldstone Works Labs,Manufacturing,India,24.0,2022-09-28,Outbound Sales,Jordan Kim,Active
103148,Lattice Digital Networks (3),Financial Services,United States,,2022-02-07,Paid Search,Isaac Brennan,Active
103149,Hollowbrook Supply LLC,Retail,United States,3.0,2023-05-13,Organic Search,Sam O'Rourke,Active
103150,Thornbury Health Industries,Manufacturing,Canada,74.0,2023-08-15,Referral,,Active
103151,Copperfield Digital Solutions,SaaS,United Kingdom,61.0,2021-12-14,Referral,,Churned
103152,Northwind Robotics Corp.,Healthcare,South Africa,2.0,2024-10-13,Partner,Leo Castillo,Active
103153,Clearwater Logic Technologies,Manufacturing,United States,4.0,2023-09-07,Content/Social,Nadia Petrov,Active
103154,Clearwater LLC (2),Manufacturing,United States,,2022-01-04,Paid Search,,Churned
103155,Cascade Media Solutions,Logistics,United States,53.0,2021-02-12,Organic Search,Elena Torres,Churned
103156,Overlook Partners,Manufacturing,United States,,2021-06-03,Organic Search,Tariq Rahman,Active
103157,Lattice Supply Industries,Retail,United States,34.0,2023-01-02,Organic Search,,Active
103158,Anchor Data Partners,Manufacturing,United States,16.0,2021-03-15,Organic Search,Devon Wallace,Active
103159,Bluepeak Analytics Holdings,Media,United States,22.0,2021-12-25,Paid Search,Marcus Webb,Active
103160,Fernway Works Inc.,Manufacturing,United States,38.0,2022-05-16,Paid Search,Sam O'Rourke,Active
103161,Redwood Finance Corp.,Manufacturing,Canada,29.0,2023-09-01,Partner,Leo Castillo,Active
103162,Pinecrest Analytics Labs,Media,United States,20.0,2023-06-24,Paid Search,,Active
103163,Cobalt Digital Inc.,Education,United States,31.0,2022-12-20,Partner,Mei Chen,Churned
103164,Orbital Retail Labs,Logistics,India,27.0,2021-10-09,Organic Search,,Churned
103165,Hollowbrook Retail Collective (1),Manufacturing,United States,15.0,2021-04-08,Organic Search,,Churned
103166,Basalt Cloud Group,SaaS,United States,11.0,2022-08-26,Paid Search,Elena Torres,Churned
103167,Anchor Digital Systems,Retail,Canada,231.0,2021-05-14,Paid Search,,Active
103168,Vertex Health Group,Financial Services,United Kingdom,11.0,2022-03-04,Organic Search,,Active
103169,Granite Systems Collective,Financial Services,United States,119.0,2024-09-08,Partner,,Active
103170,Crestline Learning Systems,Media,Canada,8.0,2022-03-08,Content/Social,,Active
103171,Clearwater Media Networks,Manufacturing,Germany,58.0,2022-07-12,Paid Search,,Churned
103172,Clearwater Cloud Collective, SaaS ,Canada,204.0,2022-08-10,Paid Search,Hannah Ostrowski,Churned
103173,Wrenfield Analytics Systems,Financial Services,United States,13.0,2023-05-16,Paid Search,,Active
103174,Tidewater Learning Systems,Education,United Kingdom,8.0,2021-11-10,Partner,Priya Anand,Active
103175,Wrenfield Systems Systems (1),Logistics,United States,11.0,2021-12-18,Paid Search,,Churned
103176,Lumen Retail Industries (1),Manufacturing,United States,,2021-05-14,Organic Search,Leo Castillo,Churned
103177,Catalyst Learning Holdings,Retail,United States,31.0,2022-05-27,Content/Social,,Active
103178,Solstice Robotics Corp. (2),Retail,Canada,19.0,2021-08-24,Content/Social,,Churned
103179,Crestline Learning Industries,Healthcare,United States,12.0,2022-01-10,Outbound Sales,Priya Anand,Churned
103180,Northwind Media Solutions,Financial Services,Australia,255.0,2022-12-02,Paid Search,Sam O'Rourke,Active
103181,Steadfast Media Inc.,SaaS,Singapore,15.0,2021-01-17,Organic Search,,Active
103182,Nimbus Finance Networks (1),Media,United States,9.0,2022-03-10,Organic Search,,Active
103183,Nimbus Systems LLC,SaaS,United States,59.0,2021-05-26,Outbound Sales,Leo Castillo,Active
103184,Granite Retail Systems,SaaS,Netherlands,60.0,2021-07-12,Partner,,Active
103185,Solstice Supply Technologies,Retail,United States,126.0,2021-01-09,Paid Search,Isaac Brennan,Active
103186,Thornbury Media Labs,Retail,Canada,246.0,2021-04-10,Content/Social,Leo Castillo,Active
103187,Harborview Media Networks,Education,United States,32.0,2024-10-25,Referral,,Active
103188,Wrenfield Solutions (1),Media,United States,14.0,2024-12-04,Partner,Devon Wallace,Active
103189,Fernway Retail Networks,Logistics,United States,2.0,2022-10-27,Paid Search,,Active
103190,Aldergate Group (1),Media,United States,,2022-05-07,Organic Search,,Active
103191,Harborview Freight Corp.,Manufacturing,Germany,26.0,2023-01-24,Paid Search,Farah Sultan,Active
103192,Cascade Logic Group (1),Education,United States,,2023-10-16,Outbound Sales,Grace Lin,Active
103193,Marrow Finance Systems,Healthcare,United States,3.0,2022-01-16,Paid Search,,Churned
103194,Copperfield Data Corp. (1),Financial Services,India,,2021-01-06,Organic Search,Nadia Petrov,Churned
103195,Catalyst Networks (2),Media,South Africa,55.0,2022-10-21,Partner,Tariq Rahman,Active
103196,Wildflower Analytics Solutions (1),SAAS,USA,15.0,2024-10-19,Partner,Nadia Petrov,Active
103197,Anchor Group,Media,Canada,64.0,2021-07-14,Outbound Sales,Marcus Webb,Active
103198,Fieldstone Finance Industries,Media,United States,45.0,2021-12-13,Outbound Sales,Nadia Petrov,Churned
103199,Halcyon Robotics Corp. (1),SaaS,Canada,89.0,2021-09-17,Outbound Sales,Leo Castillo,Paused
103200,Brightline Retail Group,Retail,India,339.0,2021-10-14,Outbound Sales,Priya Anand,Active
103201,Crestline Retail Inc.,Healthcare,Australia,601.0,2022-10-28,Organic Search,,Churned
103202,Harborview Finance Systems,Logistics,United Kingdom,52.0,2021-09-02,Paid Search,Hannah Ostrowski,Active
103203,Copperfield Industries,Financial Services,Germany,11.0,2024-03-08,Referral,Hannah Ostrowski,Active
103204,Cobalt Retail Industries,Media,United States,,2023-01-24,Paid Search,Sam O'Rourke,Churned
103205,Fernway Finance Co.,Education,India,155.0,2021-01-23,Referral,,Churned
103206,Clearwater Robotics Group,SaaS,India,6.0,2023-04-10,Referral,,Active
103207,Wildflower Works Industries,Manufacturing,United States,132.0,2022-12-15,Paid Search,Marcus Webb,Churned
103208,Tidewater Learning Partners,Manufacturing,Germany,16.0,2022-01-01,Partner,Isaac Brennan,Active
103209,Aldergate Media Co.,Media,Canada,27.0,2021-12-05,Outbound Sales,Hannah Ostrowski,Active
103210,Vertex Data Solutions,Logistics,Australia,7.0,2023-05-27,Referral,,Active
103211,Redwood Freight Systems,Education,United States,4.0,2021-11-19,Content/Social,Grace Lin,Churned
103212,Fallowmere Learning Collective,Logistics,Canada,14.0,2021-04-02,Organic Search,,Paused
103213,Keystone Health Industries,Retail,United States,109.0,2021-08-23,Organic Search,Priya Anand,Active
103214,Fieldstone Digital Systems,Education,Singapore,8.0,2021-07-12,Paid Search,Grace Lin,Churned
103215,Cinder Health Industries,Education,United States,163.0,2022-08-16,Referral,,Active
103216,Fallowmere Retail Technologies,Retail,United Kingdom,10.0,2021-05-24,Paid Search,,Active
103217,Clearwater Group (1),Education,united states,,2022-07-24,Content/Social,Nadia Petrov,Active
103218,Brackenridge Retail Ventures (1),Manufacturing,India,28.0,2021-12-04,Organic Search,Grace Lin,Active
103219,Windward Systems Collective,Financial Services,United States,49.0,2023-06-11,Referral,Marcus Webb,Churned
103220,Anchor Robotics LLC (1),Manufacturing,australia,,2021-12-08,Referral,Isaac Brennan,Churned
103221,Beacon Data Industries,Manufacturing,Australia,24.0,2024-01-26,Organic Search,Leo Castillo,Active
103222,Hollowbrook Supply Group,Education,United States,161.0,2023-10-22,Outbound Sales,Owen Fitzgerald,Active
103223,Summit Freight Ventures,Financial Services,Canada,23.0,2021-05-19,Outbound Sales,Mei Chen,Active
103224,Overlook Cloud Co.,Healthcare,India,11.0,2022-09-02,Partner,Isaac Brennan,Active
103225,Nimbus Systems LLC (1),Manufacturing,United States,5.0,2021-06-23,Outbound Sales,Jordan Kim,Active
103226,Quarrystone Logic Inc.,Logistics,United States,105.0,2023-04-16,Referral,Priya Anand,Active
103227,Tidewater Retail Co.,Financial Services,United States,,2022-06-08,Referral,Nadia Petrov,Active
103228,Sable Digital Industries,Education,United States,13.0,2021-08-13,Outbound Sales,Nadia Petrov,Active
103229,Vantage Digital Partners,Logistics,United States,79.0,2021-06-13,Organic Search,,Churned
103230,Nimbus Analytics Labs,Healthcare,United States,290.0,2021-11-09,Referral,,Churned
103231,Bluepeak Logic Holdings,Media,United States,28.0,2023-02-26,Paid Search,Farah Sultan,Active
103232,Vantage Logic Corp. (1),Healthcare,Brazil,17.0,2023-02-26,Outbound Sales,Sam O'Rourke,Active
103233,Thornbury Data Solutions (1),Healthcare,United States,,2021-01-02,Paid Search,Grace Lin,Active
103234,Pinecrest Supply LLC,Healthcare,Australia,11.0,2021-08-27,Content/Social,Grace Lin,Churned
103235,Copperfield Analytics LLC,SaaS,Canada,13.0,2021-11-12,Paid Search,Elena Torres,Churned
103236,Tidewater Cloud LLC,Financial Services,India,13.0,2022-04-23,Organic Search,Sam O'Rourke,Active
103237,Aldergate Learning Co. (1),Healthcare,United States,66.0,2021-04-22,Organic Search,,Active
103238,Marrow Media Holdings,Retail,United States,18.0,2021-09-17,Organic Search,,Churned
103239,Vertex Learning Technologies,Media,Australia,118.0,2023-09-21,Organic Search,Leo Castillo,Active
103240,Copperfield Learning LLC,Education,India,17.0,2021-12-20,Outbound Sales,Nadia Petrov,Active
103241,Overlook Analytics Technologies,Retail,Canada,12.0,2022-11-24,Paid Search,Marcus Webb,Active
103242,Wrenfield Supply Ventures (1),Retail,United States,106.0,2021-12-12,Organic Search,Sam O'Rourke,Active
103243,Cinder LLC,Media,United Kingdom,21.0,2021-12-21,Paid Search,Mei Chen,Active
103244,Fernway Analytics Partners (1),Healthcare,United States,17.0,2022-06-28,Organic Search,Devon Wallace,Active
103245,Redwood Works Co.,Financial Services,United Kingdom,21.0,2021-07-27,Content/Social,Nadia Petrov,Active
103246,Basalt Media Partners,SaaS,India,,2021-06-05,Organic Search,,Churned
103247,Vantage Learning Solutions,Media,United States,30.0,2024-11-14,Partner,Nadia Petrov,Active
103248,Orbital Freight Solutions (1),Healthcare,United States,102.0,2023-08-15,Referral,Farah Sultan,Active
103249,Fernway Freight Systems,Manufacturing,United States,15.0,2022-11-18,Referral,,Active
103250,Beacon Learning Corp.,Financial Services,United States,83.0,2021-04-19,Partner,,Churned
103251,Redwood Robotics Industries,Media,United States,27.0,2021-01-24,Paid Search,,Active
103252,Summit Health Collective,Financial Services,United States,63.0,2021-05-15,Content/Social,,Churned
103253,Pinecrest Robotics Group,Logistics,United States,71.0,2024-02-20,Referral,Leo Castillo,Active
103254,Wrenfield Robotics Corp.,Manufacturing,India,6.0,2023-04-26,Organic Search,,Active
103255,Hollowbrook Health Partners (1),Financial Services,Canada,,2022-01-03,Content/Social,Sam O'Rourke,Active
103256,Palisade LLC,Financial Services,United States,70.0,2024-07-18,Organic Search,Owen Fitzgerald,Churned
103257,Halcyon Systems LLC,Education,United States,86.0,2021-04-11,Content/Social,,Churned
103258,Ironclad Freight Ventures,Manufacturing,India,102.0,2022-03-26,Content/Social,,Churned
103259,Steadfast Media Networks, Manufacturing ,United States,23.0,2021-05-16,Organic Search,,Active
103260,Summit Digital Networks,SaaS,United States,149.0,2021-08-17,Organic Search,,Active
103261,Beacon Finance Co.,Healthcare,United States,9.0,2024-03-22,Partner,Sam O'Rourke,Active
103262,Orbital Digital Industries (2),Financial Services,Netherlands,,2023-08-07,Paid Search,,Churned
103263,Marrow Works Systems,Education,United States,14.0,2021-03-16,Outbound Sales,Sam O'Rourke,Active
103264,Northwind Works Networks,SaaS,Japan,95.0,2021-06-22,Paid Search,,Churned
103265,Wildflower Media Collective,Retail,United States,5.0,2022-05-22,Paid Search,Nadia Petrov,Active
103266,Palisade Systems Industries,Financial Services,United States,3.0,2021-02-07,Referral,,Churned
103267,Granite Media Technologies,Financial Services,United States,2.0,2022-03-24,Partner,Sam O'Rourke,Active
103268,Overlook Works Collective,Education,Canada,52.0,2022-04-05,Outbound Sales,Elena Torres,Active
103269,Tidewater Logic Industries (1),SaaS,United States,3.0,2021-07-08,Outbound Sales,Elena Torres,Active
103270,Fallowmere Robotics Partners,Media,United Kingdom,41.0,2021-08-24,Organic Search,,Active
103271,Tidewater Learning LLC,Healthcare,South Africa,13.0,2021-06-18,Organic Search,Elena Torres,Active
103272,Silverline Freight Co.,Education,United States,7.0,2024-02-16,Organic Search,Isaac Brennan,Active
103273,Crestline Systems LLC,Logistics,United States,5.0,2021-10-16,Organic Search,Leo Castillo,Active
103274,Crestline Finance Inc.,Financial Services,India,26.0,2022-04-28,Organic Search,Devon Wallace,Active
103275,Steadfast Networks,Healthcare,United States,8.0,2021-08-07,Referral,,Churned
103276,Tidewater Analytics Inc.,Healthcare,United Kingdom,20.0,2022-09-09,Paid Search,Farah Sultan,Active
103277,Copperfield Health Corp.,Manufacturing,australia,34.0,2021-03-14,Paid Search,,Churned
103278,Ironclad Freight Labs,Logistics,United States,,2021-02-24,Outbound Sales,Sam O'Rourke,Active
103279,Wrenfield Cloud Co.,Education,United States,68.0,2022-11-16,Paid Search,Hannah Ostrowski,Active
103280,Fallowmere Retail Holdings,Retail,United Kingdom,25.0,2022-10-21,Content/Social,Grace Lin,Churned
103281,Lumen Supply Technologies,Logistics,United States,5.0,2021-07-23,Organic Search,Grace Lin,Churned
103282,Brightline Holdings,SaaS,United States,37.0,2021-09-25,Paid Search,,Active
103283,Amberlight Works Partners,Financial Services,United States,47.0,2024-06-13,Content/Social,,Churned
103284,Halcyon Works Holdings,Retail,United States,16.0,2021-03-13,Referral,,Active
103285,Granite Analytics Industries,SaaS,United States,14.0,2021-05-03,Partner,Owen Fitzgerald,Churned
103286,Pinecrest Analytics Systems,Logistics,United Kingdom,502.0,2021-11-03,Referral,,Churned
103287,Lattice Holdings,SaaS,United States,4.0,2021-07-14,Organic Search,Jordan Kim,Churned
103288,Cinder Systems Technologies,Logistics,United States,38.0,2022-07-21,Outbound Sales,Elena Torres,Churned
103289,Silverline Finance Holdings,Education,south africa,78.0,2022-09-24,Organic Search,,Active
103290,Sable Logic Corp.,Healthcare,United States,13.0,2022-01-12,Referral,,Churned
103291,Pinecrest Industries (1),Media,United States,16.0,2022-05-16,Organic Search,Farah Sultan,Active
103292,Fallowmere Media Systems,SaaS,Australia,12.0,2021-11-23,Organic Search,Isaac Brennan,Active
103293,Anchor Retail Ventures,Manufacturing,United States,20.0,2022-12-09,Paid Search,Sam O'Rourke,Active
103294,Steadfast Data Solutions,Media,Germany,65.0,2021-01-05,Partner,,Active
103295,Fernway Media Networks,Healthcare,India,16.0,2021-08-26,Organic Search,Tariq Rahman,Churned
103296,Wrenfield Learning Labs (1),Healthcare,United States,1146.0,2022-09-16,Content/Social,,Active
103297,Copperfield Data Labs,SaaS,United States,,2021-08-05,Organic Search,Mei Chen,Active
103298,Amberlight Systems Ventures,SaaS,United States,120.0,2021-02-08,Referral,,Active
103299,Sable Media Industries,SaaS,Canada,41.0,2021-09-10,Organic Search,Jordan Kim,Churned
103300,Fernway Digital Technologies,Financial Services,United States,23.0,2022-10-06,Outbound Sales,Marcus Webb,Churned
103301,Lattice Media Solutions,Education,India,136.0,2021-03-13,Partner,,Active
103302,Tidewater Holdings,Financial Services,Canada,3.0,2022-10-23,Referral,,Active
103303,Redwood Solutions,Manufacturing,India,35.0,2023-01-21,Organic Search,,Active
103304,Vantage Systems,Healthcare,United States,8.0,2022-06-26,Partner,Mei Chen,Active
103305,Silverline Cloud Partners,Media,India,11.0,2021-06-24,Paid Search,Priya Anand,Active
103306,Cinder Freight Solutions,Manufacturing,India,11.0,2023-03-09,Referral,Nadia Petrov,Active
103307,Meridian Freight Group,Logistics,United States,6.0,2021-06-02,Outbound Sales,Owen Fitzgerald,Active
103308,Cobalt Finance Labs,Manufacturing,Australia,2.0,2023-11-05,Organic Search,Hannah Ostrowski,Active
103309,Silverline Works Solutions,Retail,United States,33.0,2022-09-23,Outbound Sales,Farah Sultan,Active
103310,Cascade Data Inc.,Education,France,18.0,2021-02-10,Outbound Sales,Priya Anand,Active
103311,Pinecrest Data Technologies (1),Manufacturing,United States,14.0,2023-02-21,Paid Search,,Active
103312,Fernway Data Holdings (1),SaaS,United States,54.0,2022-01-13,Organic Search,,Active
103313,Ridgeline Robotics Holdings,SaaS,India,36.0,2021-11-26,Organic Search,Hannah Ostrowski,Active
103314,Copperfield Cloud Group,SaaS,United States,14.0,2021-11-15,Partner,Mei Chen,Active
103315,Harborview Freight Collective,Retail,United States,1060.0,2022-05-26,Referral,Grace Lin,Churned
103316,Basalt Robotics Co. (1),Logistics,United States,75.0,2022-10-08,Referral,Grace Lin,Churned
103317,Clearwater Cloud Co. (1),Retail,Canada,482.0,2023-10-22,Organic Search,,Paused
103318,Wildflower Works Corp.,Retail,United States,12.0,2021-07-15,Paid Search,,Active
103319,Copperfield Analytics Collective,Financial Services,United Kingdom,28.0,2022-06-06,Paid Search,Owen Fitzgerald,Active
103320,Ironclad Corp.,Financial Services,United Kingdom,4.0,2022-09-07,Organic Search,,Churned
103321,Redwood Media Technologies (1),Logistics,United States,,2022-08-09,Paid Search,Devon Wallace,Churned
103322,Windward Logic Solutions,SaaS,United States,9.0,2021-12-05,Paid Search,,Churned
103323,Harborview Works Technologies,Media,United States,986.0,2021-10-27,Outbound Sales,Isaac Brennan,Active
103324,Hollowbrook Media Labs,Retail,Brazil,8.0,2022-12-06,Outbound Sales,Sam O'Rourke,Active
103325,Anchor Works Collective,Healthcare,Canada,15.0,2021-08-17,Paid Search,Owen Fitzgerald,Active
103326,Silverline Cloud Co.,Financial Services,Germany,3.0,2021-05-16,Referral,Grace Lin,Active
103327,Nimbus Health Ventures,Logistics,India,40.0,2022-02-16,Paid Search,Devon Wallace,Active
103328,Catalyst Freight Systems (1),Retail,canada,6.0,2021-07-18,Organic Search,,Active
103329,Cascade Media Labs (2),Healthcare,Netherlands,66.0,2021-01-26,Content/Social,Nadia Petrov,Active
103330,Harborview Digital Collective,Manufacturing,United States,2.0,2021-02-28,Referral,Marcus Webb,Active
103331,Lumen Systems (1),Manufacturing,Germany,17.0,2022-09-25,Paid Search,,Active
103332,Fallowmere Health Labs,Healthcare,United States,2.0,2024-08-13,Organic Search,Farah Sultan,Active
103333,Hollowbrook Health Solutions,Retail,United States,11.0,2021-11-21,Outbound Sales,Farah Sultan,Active
103334,Orbital Media Solutions,Media,United States,14.0,2021-04-06,Organic Search,,Active
103335,Thornbury Media Group,Logistics,United States,9.0,2023-04-25,Content/Social,,Churned
103336,Wrenfield Data Holdings,Education,United States,10.0,2021-07-06,Referral,Isaac Brennan,Active
103337,Vantage Media Corp. (2),Media,United States,71.0,2024-12-04,Paid Search,,Active
103338,Marrow Media Ventures (1),Healthcare,United States,339.0,2022-03-24,Referral,Tariq Rahman,Churned
103339,Palisade Systems Co.,Media,Australia,31.0,2021-06-22,Outbound Sales,Sam O'Rourke,Active
103340,Crestline Digital Holdings,Media,United States,7.0,2021-12-04,Referral,,Churned
103341,Orbital Cloud Solutions,Logistics,United States,22.0,2021-09-28,Content/Social,Mei Chen,Churned
103342,Brackenridge Supply Corp.,Logistics,India,13.0,2023-01-04,Content/Social,Isaac Brennan,Active
103343,Anchor Cloud Technologies,Healthcare,United Kingdom,64.0,2021-03-02,Paid Search,,Active
103344,Halcyon Learning Corp.,SaaS,Canada,29.0,2023-07-27,Paid Search,Tariq Rahman,Churned
103345,Granite Finance Holdings (2),Manufacturing,United States,3.0,2022-12-07,Organic Search,,Active
103346,Aldergate Retail Labs,Manufacturing,United States,84.0,2023-07-07,Outbound Sales,Sam O'Rourke,Active
103347,Basalt Health Ventures,Manufacturing,Germany,,2023-10-23,Outbound Sales,Hannah Ostrowski,Active
103348,Orbital Systems (2),Manufacturing,United States,140.0,2021-06-18,Organic Search,,Active
103349,Ridgeline Analytics Holdings,SaaS,India,10.0,2022-01-15,Content/Social,Hannah Ostrowski,Active
103350,Summit Robotics Corp.,Manufacturing,United States,30.0,2023-06-28,Organic Search,Jordan Kim,Churned
103351,Vantage Retail Technologies,Financial Services,United States,4.0,2021-09-03,Partner,Mei Chen,Active
103352,Driftwood Robotics Systems,SaaS,Canada,19.0,2021-02-26,Partner,Farah Sultan,Active
103353,Vertex Cloud Inc.,Media,United States,34.0,2021-07-08,Paid Search,,Churned
103354,Halcyon LLC,SaaS,United States,9.0,2021-06-18,Organic Search,Tariq Rahman,Churned
103355,Northwind Systems Systems,Retail,India,31.0,2023-08-10,Paid Search,Farah Sultan,Active
103356,Harborview Media Solutions,Healthcare,United States,,2021-12-09,Content/Social,,Churned
103357,Anchor Health Collective,Media,United States,11.0,2022-09-09,Organic Search,Devon Wallace,Active
103358,Thornbury Works Labs, SaaS ,United States,124.0,2024-06-16,Partner,Sam O'Rourke,Active
103359,Overlook Corp.,Financial Services,United States,15.0,2021-08-25,Referral,Priya Anand,Churned
103360,Bluepeak Digital Solutions,Healthcare,United Kingdom,24.0,2022-12-04,Referral,,Churned
103361,Meridian Works Technologies,Financial Services,United States,3.0,2021-01-19,Content/Social,Hannah Ostrowski,Active
103362,Keystone Retail Co.,Media,United States,39.0,2021-03-25,Referral,Leo Castillo,Churned
103363,Silverline Logic Networks,Healthcare,United States,11.0,2021-04-21,Partner,Priya Anand,Churned
103364,Fernway Digital Ventures,Healthcare,Australia,70.0,2021-08-28,Referral,,Active
103365,Quarrystone Group (2),Financial Services,United States,4.0,2021-10-01,Paid Search,,Paused
103366,Ridgeline Ventures (1),Financial Services,Germany,35.0,2021-12-11,Paid Search,,Churned
103367,Redwood LLC,Logistics,United States,1.0,2021-06-12,Paid Search,,Paused
103368,Granite Robotics Corp.,Healthcare,United States,45.0,2021-02-15,Outbound Sales,Nadia Petrov,Churned
103369,Bluepeak Learning Ventures (1),SaaS,India,16.0,2022-08-09,Organic Search,Sam O'Rourke,Active
103370,Keystone Digital Inc.,Financial Services,United States,34.0,2021-01-08,Referral,,Churned
103371,Keystone Freight Labs,SaaS,United Kingdom,9.0,2023-03-24,Paid Search,Nadia Petrov,Active
103372,Brackenridge Robotics Systems,Media,Germany,6.0,2024-01-07,Outbound Sales,Sam O'Rourke,Churned
103373,Northwind Robotics Group (1),Logistics,Canada,11.0,2022-10-27,Partner,Sam O'Rourke,Active
103374,Driftwood Logic Collective,Media,United States,26.0,2022-05-02,Outbound Sales,Farah Sultan,Churned
103375,Harborview Retail Group,Media,India,43.0,2022-07-12,Content/Social,,Churned
103376,Crestline Technologies (2),Financial Services,United States,30.0,2022-07-18,Paid Search,Farah Sultan,Active
103377,Wildflower Holdings (1),Manufacturing,Canada,6.0,2024-01-28,Paid Search,,Active
103378,Northwind Health Partners,Financial Services,United States,219.0,2024-07-22,Referral,,Active
103379,Catalyst Digital Systems,Media,United States,31.0,2021-11-01,Organic Search,Farah Sultan,Active
103380,Pinecrest Analytics Co.,Retail,United States,9.0,2022-06-21,Outbound Sales,Sam O'Rourke,Churned
103381,Cascade Digital Co.,Retail,United States,35.0,2023-03-10,Partner,,Active
103382,Aldergate Learning Labs,Logistics,India,28.0,2021-01-25,Paid Search,,Active
103383,Fallowmere Media Solutions,Healthcare,United States,16.0,2022-01-22,Content/Social,Mei Chen,Active
103384,Steadfast Finance Systems,Healthcare,United States,14.0,2022-07-06,Paid Search,Hannah Ostrowski,Churned
103385,Meridian Cloud Partners,Manufacturing,India,72.0,2022-10-11,Outbound Sales,Marcus Webb,Active
103386,Basalt Freight Ventures (1),Healthcare,United States,190.0,2021-09-23,Organic Search,Owen Fitzgerald,Churned
103387,Lumen Retail Labs,Manufacturing,Brazil,1.0,2021-08-26,Outbound Sales,Nadia Petrov,Churned
103388,Vantage Retail Partners,Financial Services,United States,99.0,2021-05-17,Paid Search,,Active
103389,Northwind Collective,Media,United States,21.0,2022-03-07,Content/Social,,Active
103390,Solstice Retail Systems,SaaS,United States,27.0,2023-12-11,Content/Social,Tariq Rahman,Active
103391,Windward Co.,Manufacturing,United States,116.0,2023-10-23,Referral,,Churned
103392,Lattice Ventures,Healthcare,United States,1.0,2021-09-17,Referral,Hannah Ostrowski,Active
103393,Beacon Systems Co.,Financial Services,Canada,58.0,2021-07-06,Outbound Sales,Sam O'Rourke,Active
103394,Nimbus Supply Ventures,Logistics,United States,106.0,2023-01-08,Referral,Leo Castillo,Active
103395,Cascade Finance Partners,Financial Services,Germany,8.0,2022-10-06,Referral,,Active
103396,Ironclad Inc. (1),SaaS,United States,3.0,2022-01-14,Referral,,Active
103397,Keystone Data Industries (1),Financial Services,India,169.0,2021-10-13,Partner,Elena Torres,Churned
103398,Basalt Media Holdings,Retail,United States,,2021-03-16,Outbound Sales,Elena Torres,Active
103399,Quarrystone Ventures (1),Financial Services,United States,,2023-01-27,Paid Search,,Active
103400,Redwood Robotics Ventures (1),Retail,United States,76.0,2022-06-19,Content/Social,,Active
103401,Beacon Freight Inc.,Manufacturing,United States,34.0,2021-09-17,Paid Search,Grace Lin,Active
103402,Tidewater Media Corp.,Retail,United Kingdom,42.0,2023-12-11,Paid Search,Mei Chen,Churned
103403,Quarrystone Works Co.,Financial Services,United States,14.0,2022-07-18,Content/Social,,Active
103404,Halcyon Logic Ventures,Logistics,United States,37.0,2024-01-27,Paid Search,Isaac Brennan,Churned
103405,Beacon Robotics Systems,Manufacturing,Netherlands,8.0,2021-12-01,Paid Search,Tariq Rahman,Active
103406,Marrow Partners,Manufacturing,United States,,2021-11-10,Referral,Owen Fitzgerald,Active
103407,Lumen Retail Holdings (1),Media,United States,21.0,2024-02-02,Partner,Leo Castillo,Active
103408,Lattice Supply Partners (1),Logistics,United States,,2024-06-06,Paid Search,Leo Castillo,Active
103409,Wrenfield Cloud LLC,Logistics,United States,43.0,2024-06-02,Referral,Jordan Kim,Active
103410,Vertex Group,Media,United States,1.0,2023-04-17,Paid Search,Sam O'Rourke,Active
103411,Hollowbrook Systems Corp. (1),Healthcare,United Kingdom,32.0,2021-12-23,Referral,,Churned
103412,Aldergate Data Co.,Education,United Kingdom,36.0,2021-05-27,Organic Search,Marcus Webb,Churned
103413,Wildflower Freight Holdings (1),Media,India,7.0,2021-10-07,Paid Search,,Active
103414,Keystone Analytics LLC,Education,United States,4.0,2024-02-20,Content/Social,,Churned
103415,Vantage Digital Labs,Retail,United States,12.0,2021-09-10,Outbound Sales,Elena Torres,Active
103416,Windward Learning Labs (1),Education,Canada,46.0,2022-12-09,Partner,Farah Sultan,Active
103417,Northwind Media Co.,Retail,United States,31.0,2023-12-18,Content/Social,Mei Chen,Active
103418,Bluepeak Works Corp.,Manufacturing,United States,5.0,2024-08-20,Content/Social,Owen Fitzgerald,Active
103419,Basalt Learning Networks,Media,United States,23.0,2024-04-17,Partner,Mei Chen,Churned
103420,Anchor Analytics Collective,Manufacturing,India,28.0,2022-03-03,Organic Search,Sam O'Rourke,Active
103421,Lumen Media Solutions,Education,united states,27.0,2021-12-12,Partner,Hannah Ostrowski,Active
103422,Summit Finance Partners,Education,Germany,6.0,2024-10-08,Referral,,Active
103423,Tidewater Systems,Education,United States,25.0,2021-06-01,Organic Search,,Active
103424,Orbital Data Solutions,Financial Services,Singapore,66.0,2021-05-02,Organic Search,,Active
103425,Vertex Solutions (1),Retail,United States,40.0,2024-07-13,Organic Search,,Active
103426,Cascade Industries (1),Manufacturing,India,34.0,2022-09-03,Referral,,Active
103427,Ridgeline Data Labs,Healthcare,United States,170.0,2022-02-21,Partner,Elena Torres,Active
103428,Brightline Analytics Corp.,Retail,Canada,25.0,2021-04-02,Referral,Owen Fitzgerald,Churned
103429,Wrenfield Digital Technologies,Media,USA,7.0,2022-01-07,Organic Search,Farah Sultan,Active
103430,Summit LLC,Education,Australia,7.0,2024-03-28,Paid Search,,Active
103431,Overlook Supply Systems,Education,India,,2022-05-20,Partner,Leo Castillo,Active
103432,Fernway Corp.,Education,United Kingdom,3.0,2021-10-16,Organic Search,Jordan Kim,Churned
103433,Catalyst Data Holdings (1),SaaS,United States,13.0,2022-03-01,Referral,Jordan Kim,Active
103434,Meridian Cloud Networks,Education,United States,37.0,2023-09-02,Partner,Tariq Rahman,Active
103435,Amberlight Media Solutions,Education,Netherlands,92.0,2023-11-26,Partner,Nadia Petrov,Active
103436,Ironclad Cloud Partners (1),Education,Germany,3.0,2021-10-23,Referral,,Active
103437,Nimbus Retail Technologies,SaaS,United States,23.0,2022-05-27,Outbound Sales,Grace Lin,Active
103438,Orbital Robotics Technologies,Media,United States,18.0,2021-07-23,Organic Search,,Active
103439,Fieldstone Cloud Technologies,Education,United States,21.0,2021-11-01,Content/Social,,Churned
103440,Brackenridge Systems (2),Media,United States,,2021-06-23,Referral,Tariq Rahman,Active
103441,Wrenfield Learning LLC,Education,United States,19.0,2022-02-13,Outbound Sales,Farah Sultan,Active
103442,Tidewater Retail Holdings,Healthcare,Canada,123.0,2022-04-20,Paid Search,Marcus Webb,Active
103443,Sable Analytics Corp. (2),Media,United States,101.0,2021-09-12,Outbound Sales,,Churned
103444,Wildflower Health Technologies,Healthcare,Australia,326.0,2021-07-21,Organic Search,,Active
103445,Lattice Digital LLC,Financial Services,Japan,20.0,2021-04-24,Referral,,Active
103446,Overlook Analytics Holdings,SaaS,United States,12.0,2021-04-28,Outbound Sales,Tariq Rahman,Active
103447,Palisade Holdings,Retail,United States,6.0,2022-10-16,Partner,Hannah Ostrowski,Active
103448,Palisade Networks (1),SaaS,United States,10.0,2021-06-08,Organic Search,,Churned
103449,Northwind Supply Group,Financial Services,United States,51.0,2021-03-18,Content/Social,,Churned
103450,Overlook Data Solutions,Healthcare,India,62.0,2024-12-14,Paid Search,Sam O'Rourke,Active
103451,Anchor Robotics Inc. (1),Healthcare,United Kingdom,48.0,2021-07-06,Referral,,Churned
103452,Nimbus Learning Networks (3),Media,United States,8.0,2023-10-21,Paid Search,,Active
103453,Orbital Finance Holdings,Manufacturing,Australia,9.0,2022-05-03,Organic Search,Tariq Rahman,Active
103454,Keystone Health Labs,Media,United States,256.0,2022-10-12,Content/Social,,Active
103455,Nimbus Digital Industries,Media,United States,7.0,2022-03-20,Paid Search,Priya Anand,Active
103456,Cascade Data LLC,Retail,France,,2021-05-26,Content/Social,,Active
103457,Tidewater Analytics Inc. (1),Education,United States,34.0,2023-06-18,Organic Search,Priya Anand,Active
103458,Driftwood Learning Co.,Media,United States,8.0,2023-05-28,Outbound Sales,Sam O'Rourke,Churned
103459,Overlook Analytics Labs (1),Healthcare,United States,4.0,2021-09-24,Paid Search,Nadia Petrov,Active
103460,Lattice Robotics Solutions,Financial Services,United States,8.0,2022-12-07,Outbound Sales,Priya Anand,Active
103461,Marrow Supply LLC,Education,United States,35.0,2022-02-24,Content/Social,Farah Sultan,Active
103462,Lumen Freight LLC,Media,India,6.0,2023-11-10,Referral,Tariq Rahman,Active
103463,Overlook Cloud Networks,Retail,United States,152.0,2023-03-18,Organic Search,Nadia Petrov,Active
103464,Cinder Retail Technologies,Financial Services,United Kingdom,15.0,2021-01-06,Partner,Marcus Webb,Churned
103465,Cascade Supply Corp.,Retail,United States,50.0,2023-09-16,Outbound Sales,Devon Wallace,Active
103466,Crestline Learning Networks,Manufacturing,United States,45.0,2024-07-20,Paid Search,,Churned
103467,Silverline Freight Group,Retail,Germany,165.0,2022-11-26,Outbound Sales,Marcus Webb,Active
103468,Quarrystone Works Technologies (1),Healthcare,Canada,11.0,2021-03-27,Outbound Sales,Farah Sultan,Active
103469,Fieldstone Health Group,Healthcare,India,23.0,2023-03-23,Partner,,Churned
103470,Sable Data Networks,SaaS,United States,3.0,2022-07-16,Organic Search,,Active
103471,Northwind Health Collective,Manufacturing,United States,23.0,2021-09-25,Organic Search,,Churned
103472,Meridian Cloud Corp. (1),Healthcare,Canada,,2023-09-03,Content/Social,Devon Wallace,Active
103473,Cobalt Co. (1),Financial Services,Australia,27.0,2022-03-28,Referral,,Active
103474,Tidewater Digital Group,Manufacturing,India,406.0,2023-07-06,Referral,Marcus Webb,Churned
103475,Brackenridge Supply Collective,Media,United States,39.0,2022-08-12,Content/Social,,Active
103476,Harborview Retail Labs (1),Logistics,United States,10.0,2021-07-26,Organic Search,Devon Wallace,Active
103477,Fieldstone Digital Partners,Retail,United States,36.0,2024-09-21,Organic Search,Owen Fitzgerald,Churned
103478,Hollowbrook Data Partners,Manufacturing,United States,3.0,2022-03-24,Partner,Nadia Petrov,Churned
103479,Beacon Cloud LLC,Healthcare,United States,7.0,2022-01-20,Outbound Sales,Farah Sultan,Active
103480,Granite Cloud Partners,Media,United States,4.0,2021-10-17,Content/Social,,Active
103481,Brightline LLC,Financial Services,United States,21.0,2021-04-05,Outbound Sales,Mei Chen,Churned
103482,Vantage Cloud Co.,SaaS,United Kingdom,19.0,2022-09-28,Organic Search,,Active
103483,Granite Systems Co.,Media,United Kingdom,,2021-11-18,Organic Search,,Active
103484,Wrenfield Logic Inc.,Media,United Kingdom,18.0,2024-02-19,Paid Search,Elena Torres,Active
103485,Nimbus Health Group,Healthcare,United States,5.0,2024-07-12,Content/Social,Sam O'Rourke,Active
103486,Solstice Digital Networks,Media,United States,152.0,2022-12-27,Paid Search,Devon Wallace,Active
103487,Copperfield Data Collective (1),Financial Services,Brazil,1.0,2021-06-13,Referral,Elena Torres,Active
103488,Crestline Retail Technologies,Financial Services,United States,21.0,2022-10-06,Organic Search,,Churned
103489,Clearwater Supply Industries (1),Healthcare,Australia,27.0,2021-01-06,Paid Search,,Active
103490,Fernway Media Industries,Financial Services,United States,20.0,2023-04-20,Organic Search,Jordan Kim,Churned
103491,Anchor Retail LLC (1),Logistics,United Kingdom,38.0,2021-12-21,Outbound Sales,Owen Fitzgerald,Active
103492,Palisade Retail Holdings,SaaS,United States,23.0,2024-02-06,Paid Search,Marcus Webb,Churned
103493,Brightline Digital Group,Education,India,38.0,2021-09-20,Content/Social,Sam O'Rourke,Churned
103494,Brackenridge Analytics LLC,Retail,Australia,9.0,2021-07-28,Content/Social,,Paused
103495,Harborview Solutions (1),SaaS,United States,3.0,2024-12-15,Paid Search,Grace Lin,Active
103496,Fallowmere Finance Ventures,SaaS,India,19.0,2022-02-28,Content/Social,,Active
103497,Sable Data Systems,Healthcare,Australia,5.0,2023-08-05,Organic Search,,Churned
103498,Clearwater Works Labs,Manufacturing,Canada,8.0,2023-11-12,Paid Search,,Active
103499,Ironclad Freight Ventures (1),Manufacturing,United States,91.0,2022-01-16,Organic Search,Leo Castillo,Churned
103500,Solstice Finance Holdings,Media,United States,152.0,2021-11-11,Partner,Hannah Ostrowski,Active
103501,Cobalt Retail Solutions (1),Retail,Australia,89.0,2022-03-03,Outbound Sales,Elena Torres,Active
103502,Vertex Systems Co.,SaaS,India,70.0,2023-06-13,Organic Search,,Active
103503,Lattice Robotics Collective,Logistics,Netherlands,22.0,2024-07-10,Outbound Sales,Grace Lin,Active
103504,Fallowmere Robotics Partners (1),Logistics,United States,75.0,2021-08-06,Outbound Sales,Jordan Kim,Churned
103505,Vantage Systems LLC,Manufacturing,Canada,32.0,2022-11-11,Partner,Hannah Ostrowski,Active
103506,Wildflower Works Networks,Media,Canada,253.0,2021-07-12,Referral,Isaac Brennan,Active
103507,Sable Analytics Labs,Media,Australia,6.0,2022-05-25,Partner,Priya Anand,Active
103508,Clearwater Logic Collective,Education,India,48.0,2023-03-14,Outbound Sales,Jordan Kim,Churned
103509,Overlook Partners (1),Financial Services,United States,4.0,2023-09-12,Paid Search,Devon Wallace,Active
103510,Silverline Data Industries,Logistics,India,49.0,2021-11-11,Partner,Mei Chen,Active
103511,Summit Collective (1),Manufacturing,United Kingdom,2.0,2021-09-17,Organic Search,,Active
103512,Bluepeak Group,Logistics,United States,,2021-07-08,Outbound Sales,Marcus Webb,Churned
103513,Granite Finance Networks,Retail,United States,,2021-04-25,Outbound Sales,Devon Wallace,Active
103514,Sable Labs,Retail,Australia,28.0,2021-09-12,Organic Search,Marcus Webb,Active
103515,Quarrystone Ventures (2),Manufacturing,United States,32.0,2023-08-12,Paid Search,Devon Wallace,Churned
103516,Clearwater Health Networks,Logistics,United States,486.0,2021-10-02,Outbound Sales,Grace Lin,Active
103517,Lattice Labs (2),Education,United Kingdom,18.0,2021-08-25,Partner,Farah Sultan,Active
103518,Wrenfield Freight Corp. (3),Financial Services,Brazil,55.0,2022-11-14,Partner,Jordan Kim,Active
103519,Lumen Robotics Industries,SaaS,India,25.0,2021-06-04,Outbound Sales,Isaac Brennan,Churned
103520,Thornbury Technologies,Retail,United States,,2021-07-05,Organic Search,Farah Sultan,Churned
103521,Harborview Networks (1),Retail,United States,24.0,2024-02-11,Organic Search,Tariq Rahman,Active
103522,Lumen Health Networks,Retail,United States,84.0,2021-02-22,Partner,Devon Wallace,Active
103523,Anchor Systems LLC (1),Manufacturing,United States,5.0,2021-10-03,Organic Search,Devon Wallace,Active
103524,Lumen Systems Holdings (1),Manufacturing,Canada,1.0,2022-04-04,Outbound Sales,Marcus Webb,Active
103525,Keystone Technologies,Financial Services,United States,35.0,2021-06-16,Organic Search,Jordan Kim,Active
103526,Wildflower Robotics Corp.,Logistics,United States,2.0,2021-07-14,Paid Search,Leo Castillo,Active
103527,Summit Media Co.,Financial Services,Australia,111.0,2021-06-27,Outbound Sales,Isaac Brennan,Churned
103528,Keystone Partners,Financial Services,United States,10.0,2021-09-22,Outbound Sales,Isaac Brennan,Active
103529,Cinder Corp.,Education,United States,5.0,2023-10-19,Outbound Sales,Grace Lin,Active
103530,Fallowmere Robotics Technologies,Education,United States,672.0,2021-11-10,Organic Search,Owen Fitzgerald,Churned
103531,Fallowmere Media Solutions (1),Retail,United States,20.0,2021-10-18,Partner,Grace Lin,Churned
103532,Harborview Digital Ventures (1),Healthcare,United States,15.0,2021-10-17,Referral,Isaac Brennan,Active
103533,Solstice Supply Labs,Manufacturing,Brazil,53.0,2024-07-08,Partner,Grace Lin,Active
103534,Cobalt Media Corp.,Media,Canada,,2021-03-11,Outbound Sales,Nadia Petrov,Active
103535,Driftwood Learning Partners,Financial Services,India,,2023-08-27,Organic Search,Sam O'Rourke,Active
103536,Lumen Data Partners (1),SaaS,India,4.0,2021-08-16,Outbound Sales,Owen Fitzgerald,Active
103537,Ridgeline Data Networks,Media,United States,40.0,2024-05-14,Referral,Hannah Ostrowski,Active
103538,Fernway Analytics Networks,Education,Canada,14.0,2021-08-23,Referral,,Active
103539,Anchor Technologies (2),Financial Services,United States,6.0,2021-02-08,Outbound Sales,Nadia Petrov,Churned
103540,Pinecrest Retail Networks,Education,United States,21.0,2022-01-07,Paid Search,Elena Torres,Active
103541,Silverline Partners,Media,United States,2.0,2021-06-28,Content/Social,Sam O'Rourke,Churned
103542,Beacon Media Industries, SaaS ,United States,67.0,2022-12-23,Organic Search,Tariq Rahman,Active
103543,Cascade Logic Partners (1),Healthcare,United States,14.0,2022-07-12,Organic Search,Grace Lin,Active
103544,Keystone Data LLC,Logistics,United States,11.0,2022-09-27,Partner,Farah Sultan,Churned
103545,Basalt Data Co.,Healthcare,United States,17.0,2021-05-11,Organic Search,,Churned
103546,Thornbury Analytics Systems,Logistics,United States,16.0,2022-10-19,Content/Social,Nadia Petrov,Active
103547,Solstice Systems Holdings,Healthcare,United States,88.0,2021-08-01,Referral,Leo Castillo,Active
103548,Halcyon Partners,Financial Services,United Kingdom,5.0,2024-12-20,Organic Search,,Active
103549,Northwind Health Group (1),SaaS,United States,12.0,2022-11-05,Paid Search,Jordan Kim,Churned
103550,Orbital Logic Collective (1),Manufacturing,United Kingdom,15.0,2022-04-07,Paid Search,Owen Fitzgerald,Active
103551,Hollowbrook Digital Collective,Retail,United States,5.0,2023-08-23,Paid Search,,Paused
103552,Thornbury Retail Group,Media,United States,,2022-04-06,Paid Search,,Churned
103553,Cascade Robotics Corp.,Retail,United Kingdom,8.0,2022-03-14,Organic Search,,Active
103554,Catalyst Supply Technologies,SaaS,United Kingdom,,2021-06-26,Organic Search,,Active
103555,Silverline Finance Group (3),Financial Services,United States,40.0,2022-08-27,Referral,Mei Chen,Active
103556,Clearwater Health Technologies,SaaS,United States,150.0,2021-09-13,Organic Search,,Active
103557,Thornbury Analytics Industries,Healthcare,Canada,,2021-01-03,Paid Search,,Active
103558,Driftwood Media Technologies,Manufacturing,United States,18.0,2023-04-09,Paid Search,,Active
103559,Quarrystone Digital Technologies (1),Education,United States,17.0,2021-02-18,Paid Search,,Churned
103560,Tidewater Health Industries,Education,United States,10.0,2022-08-10,Organic Search,Mei Chen,Active
103561,Northwind Media Collective,SaaS,Canada,92.0,2021-04-21,Paid Search,,Churned
103562,Palisade Robotics Ventures (1),Manufacturing,United States,23.0,2021-11-28,Organic Search,,Active
103563,Beacon Health LLC,SaaS,Germany,,2023-07-18,Content/Social,Tariq Rahman,Churned
103564,Marrow Supply Corp.,Education,United Kingdom,95.0,2021-03-18,Organic Search,Mei Chen,Active
103565,Lattice Logic Holdings,Media,United Kingdom,69.0,2022-08-15,Paid Search,Farah Sultan,Churned
103566,Thornbury Works Systems,Manufacturing,United States,44.0,2022-05-06,Outbound Sales,Mei Chen,Churned
103567,Basalt Retail Corp.,Healthcare,United Kingdom,1.0,2023-08-17,Referral,Jordan Kim,Active
103568,Orbital Media Holdings (2),Retail,United States,20.0,2021-05-27,Paid Search,Sam O'Rourke,Active
103569,Sable Systems Collective,Media,United States,64.0,2023-02-20,Partner,Grace Lin,Active
103570,Beacon Holdings,Retail,United States,33.0,2021-11-22,Outbound Sales,Priya Anand,Active
103571,Fernway Analytics Co. (1),Financial Services,India,26.0,2021-11-25,Content/Social,,Active
103572,Sable Health Technologies,Retail,India,64.0,2021-09-11,Content/Social,,Churned
103573,Copperfield Retail Holdings (1),SaaS,Germany,24.0,2021-10-10,Referral,Jordan Kim,Churned
103574,Vertex Cloud Ventures,Financial Services,United States,96.0,2022-01-28,Outbound Sales,Devon Wallace,Active
103575,Meridian Systems Collective,Education,Australia,25.0,2021-03-13,Organic Search,Grace Lin,Active
103576,Granite Co.,Media,Canada,,2021-11-21,Content/Social,Grace Lin,Paused
103577,Aldergate Digital Co. (1),Manufacturing,Australia,64.0,2022-07-18,Referral,Tariq Rahman,Active
103578,Steadfast Systems Inc.,Media,India,12.0,2021-12-04,Organic Search,,Active
103579,Quarrystone Data Technologies,Media,United States,5.0,2021-04-09,Paid Search,Nadia Petrov,Active
103580,Fernway Logic Systems,Financial Services,Australia,20.0,2021-09-10,Referral,Leo Castillo,Active
103581,Fallowmere Systems Inc.,Healthcare,United Kingdom,43.0,2021-11-06,Referral,,Churned
103582,Fernway Robotics LLC (1),Education,India,67.0,2022-08-22,Partner,Tariq Rahman,Churned
103583,Sable Learning Industries,Financial Services,United States,67.0,2023-10-28,Paid Search,,Churned
103584,Beacon Digital Corp. (1),Healthcare,United States,,2022-03-28,Partner,Jordan Kim,Active
103585,Driftwood Logic Solutions,SaaS,United States,16.0,2022-08-06,Paid Search,,Active
103586,Fernway Systems Solutions,Financial Services,USA,9.0,2021-02-13,Referral,Grace Lin,Churned
103587,Crestline Systems Industries,Financial Services,United States,28.0,2024-05-07,Organic Search,Hannah Ostrowski,Active
103588,Basalt Systems Networks (1),Logistics,Australia,2.0,2021-08-02,Organic Search,,Churned
103589,Anchor Digital Solutions,Media,United States,21.0,2021-09-18,Referral,Sam O'Rourke,Active
103590,Northwind Systems Holdings,Healthcare,United States,816.0,2021-06-25,Organic Search,,Churned
103591,Solstice Works Group,SaaS,United States,3.0,2021-02-03,Paid Search,Farah Sultan,Churned
103592,Clearwater Finance Technologies,Media,United States,25.0,2023-01-18,Partner,Mei Chen,Churned
103593,Wrenfield Works Labs,Financial Services,United States,33.0,2021-06-01,Organic Search,Marcus Webb,Active
103594,Vantage Health Ventures,SaaS,India,39.0,2021-07-24,Outbound Sales,Owen Fitzgerald,Active
103595,Brackenridge Data Co.,Media,France,6.0,2021-05-02,Outbound Sales,Devon Wallace,Churned
103596,Ironclad Retail Holdings (1),Healthcare,United States,39.0,2024-08-13,Paid Search,,Active
103597,Clearwater Analytics Technologies,Retail,United States,10.0,2023-01-04,Content/Social,,Active
103598,Beacon Analytics Partners,Manufacturing,India,3.0,2024-01-12,Partner,Grace Lin,Churned
103599,Marrow Cloud Inc.,Media,United States,69.0,2023-07-13,Partner,Marcus Webb,Active
103600,Wildflower Freight Solutions,Media,India,48.0,2023-11-16,Partner,,Active
103601,Crestline Media Partners,Healthcare,United Kingdom,6.0,2021-12-24,Referral,Farah Sultan,Active
103602,Driftwood Logic LLC,Education,Australia,10.0,2021-04-28,Content/Social,,Churned
103603,Keystone Retail Industries,Financial Services,United States,9.0,2021-08-10,Paid Search,Hannah Ostrowski,Active
103604,Wildflower Health Group,Media,Japan,2.0,2021-08-26,Paid Search,Grace Lin,Active
103605,Lumen Supply Solutions,Retail,South Africa,54.0,2022-10-12,Outbound Sales,Leo Castillo,Churned
103606,Wildflower Systems Collective (1),Media,United States,57.0,2021-01-04,Organic Search,Mei Chen,Churned
103607,Catalyst Cloud Corp.,Healthcare,United States,13.0,2021-04-17,Outbound Sales,Marcus Webb,Churned
103608,Marrow Analytics Labs,education,United States,19.0,2022-08-21,Organic Search,,Active
103609,Anchor Freight Industries,Education,United States,23.0,2021-03-09,Organic Search,,Churned
103610,Beacon Finance Partners,Healthcare,Netherlands,28.0,2021-01-17,Content/Social,Devon Wallace,Churned
103611,Vertex Logic Networks,Retail,United States,,2021-03-13,Paid Search,Hannah Ostrowski,Churned
103612,Fieldstone Logic Inc.,Healthcare,United States,38.0,2022-09-05,Paid Search,Tariq Rahman,Churned
103613,Cascade Partners (1),Education,United States,4.0,2021-04-11,Outbound Sales,Marcus Webb,Active
103614,Fallowmere Finance Corp.,Education,United Kingdom,49.0,2021-04-12,Partner,Grace Lin,Churned
103615,Windward Data Inc.,Education,Australia,5.0,2021-06-10,Partner,Owen Fitzgerald,Active
103616,Wrenfield LLC (1),Manufacturing,United Kingdom,4.0,2022-11-26,Organic Search,,Active
103617,Sable Networks (2),SaaS,United Kingdom,19.0,2021-05-11,Content/Social,,Active
103618,Beacon Systems Holdings,Financial Services,United States,19.0,2021-01-18,Outbound Sales,Jordan Kim,Churned
103619,Wrenfield Logic Holdings,Healthcare,India,23.0,2023-11-01,Partner,Marcus Webb,Churned
103620,Vertex Health Inc.,Financial Services,United States,6.0,2023-09-09,Paid Search,,Churned
103621,Fieldstone Systems Holdings (1),Financial Services,USA,26.0,2021-05-25,Organic Search,,Churned
103622,Harborview Retail Partners,Retail,United Kingdom,30.0,2021-07-25,Referral,Devon Wallace,Active
103623,Driftwood Digital LLC,Logistics,Netherlands,91.0,2021-05-28,Referral,Jordan Kim,Active
103624,Wildflower Systems Systems (3),SaaS,India,,2022-10-02,Paid Search,,Active
103625,Crestline Data Networks,Education,India,9.0,2021-06-25,Referral,Elena Torres,Active
103626,Thornbury Logic LLC,Financial Services,United States,3.0,2024-01-08,Outbound Sales,Nadia Petrov,Active
103627,Bluepeak Health Ventures,Manufacturing,United States,,2023-05-01,Organic Search,,Churned
103628,Meridian Systems Inc.,Media,United States,31.0,2022-04-03,Referral,Owen Fitzgerald,Active
103629,Driftwood Analytics Networks,Manufacturing,United Kingdom,56.0,2021-01-22,Organic Search,Mei Chen,Active
103630,Amberlight Digital Solutions,Media,India,6.0,2023-09-17,Content/Social,,Churned
103631,Quarrystone Retail Partners,Healthcare,United Kingdom,28.0,2022-10-17,Referral,,Active
103632,Driftwood Learning Holdings,Logistics,United States,,2023-01-25,Referral,Marcus Webb,Churned
103633,Fieldstone Cloud Inc.,SaaS,United States,51.0,2021-02-03,Content/Social,Owen Fitzgerald,Churned
103634,Vertex Robotics Systems,Manufacturing,United States,62.0,2022-10-03,Outbound Sales,Owen Fitzgerald,Active
103635,Lattice Group,Retail,India,,2023-03-27,Organic Search,Elena Torres,Active
103636,Aldergate Holdings (1),Retail,Netherlands,77.0,2024-05-17,Outbound Sales,Owen Fitzgerald,Active
103637,Orbital Works Group,Media,United States,,2022-04-22,Content/Social,,Active
103638,Nimbus Media Co.,Manufacturing,India,10.0,2022-01-15,Paid Search,,Active
103639,Anchor Logic Inc.,Manufacturing,India,10.0,2021-11-05,Outbound Sales,Sam O'Rourke,Active
103640,Sable Freight Holdings,Media,United States,21.0,2022-09-15,Paid Search,,Active
103641,Ironclad Data LLC,Healthcare,United States,10.0,2023-12-27,Partner,Devon Wallace,Active
103642,Lattice Supply Technologies,Manufacturing,United States,6.0,2022-05-04,Outbound Sales,Farah Sultan,Active
103643,Northwind Analytics Ventures,Retail,Germany,8.0,2021-06-04,Content/Social,Priya Anand,Churned
103644,Meridian Systems Co. (1),Financial Services,United States,5.0,2021-01-10,Outbound Sales,Hannah Ostrowski,Churned
103645,Meridian Systems,Financial Services,United States,116.0,2022-06-13,Paid Search,Leo Castillo,Active
103646,Cinder Cloud Group,Education,United States,22.0,2023-08-18,Referral,Priya Anand,Active
103647,Ridgeline Media Inc.,SaaS,United Kingdom,376.0,2021-02-05,Content/Social,Grace Lin,Churned
103648,Hollowbrook Corp.,SaaS,United States,33.0,2021-10-27,Organic Search,,Active
103649,Crestline Industries,SaaS,Netherlands,43.0,2024-03-05,Paid Search,Owen Fitzgerald,Churned
103650,Northwind Logic Collective (1),healthcare,United States,5.0,2022-01-06,Outbound Sales,Leo Castillo,Active
103651,Crestline Cloud Co.,Education,Germany,15.0,2021-06-28,Referral,,Active
103652,Orbital Robotics Holdings,Retail,United Kingdom,22.0,2021-09-11,Paid Search,Hannah Ostrowski,Active
103653,Fallowmere Supply Inc. (2),Logistics,United States,9.0,2021-10-17,Organic Search,Isaac Brennan,Active
103654,Solstice Data Partners (1),Financial Services,India,11.0,2021-03-13,Organic Search,,Active
103655,Cascade Partners (2),Healthcare,United Kingdom,35.0,2022-08-08,Outbound Sales,Devon Wallace,Churned
103656,Vertex Solutions (2),Logistics,United States,36.0,2022-04-15,Referral,Priya Anand,Active
103657,Basalt Supply Collective,Retail,India,4.0,2022-07-22,Referral,,Active
103658,Copperfield Logic Holdings,Retail,United Kingdom,29.0,2022-05-01,Partner,,Paused
103659,Clearwater Media Corp.,Financial Services,United Kingdom,41.0,2021-01-25,Organic Search,Tariq Rahman,Active
103660,Wildflower Analytics Collective,SaaS,India,9.0,2021-05-06,Outbound Sales,Grace Lin,Active
103661,Cinder Solutions,Manufacturing,United Kingdom,8.0,2021-04-26,Organic Search,Isaac Brennan,Churned
103662,Quarrystone Analytics Co.,Media,United States,36.0,2021-03-27,Organic Search,Tariq Rahman,Active
103663,Tidewater Health Solutions (1),Healthcare,United States,1.0,2022-11-27,Referral,Elena Torres,Churned
103664,Basalt Technologies,Media,United States,20.0,2021-03-19,Outbound Sales,Farah Sultan,Active
103665,Harborview Digital Inc.,SaaS,United Kingdom,,2022-08-26,Content/Social,Farah Sultan,Churned
103666,Keystone Digital Ventures,Education,United States,1.0,2021-05-25,Organic Search,Hannah Ostrowski,Churned
103667,Lumen Media Systems,Manufacturing,United States,59.0,2021-03-18,Paid Search,Elena Torres,Active
103668,Hollowbrook Logic Inc,Financial Services,Canada,41.0,2021-04-25,Referral,,Churned
103669,Ridgeline Health Collective (1),Logistics,United States,3.0,2022-01-10,Referral,Devon Wallace,Active
103670,Orbital Health Inc. (1),Financial Services,United States,40.0,2022-07-24,Organic Search,Nadia Petrov,Active
103671,Lumen Finance Co. (1),Logistics,Canada,74.0,2023-03-26,Content/Social,,Active
103672,Tidewater Systems Group,manufacturing,India,4.0,2021-03-18,Partner,Elena Torres,Churned
103673,Fernway Finance LLC (1),Retail,India,8.0,2022-05-04,Referral,,Churned
103674,Cinder Learning LLC,Media,United States,21.0,2022-12-06,Referral,Leo Castillo,Active
103675,Amberlight Supply Technologies (1),SaaS,United Kingdom,72.0,2021-08-05,Paid Search,,Churned
103676,Cascade Cloud Solutions,Retail,Germany,10.0,2021-02-15,Referral,Owen Fitzgerald,Active
103677,Fallowmere Media Group,Media,United States,19.0,2021-04-13,Referral,,Churned
103678,Granite Works Co. (1),Logistics,United States,8.0,2021-03-24,Content/Social,Tariq Rahman,Active
103679,Meridian Media Labs,Financial Services,United States,21.0,2023-09-08,Referral,Nadia Petrov,Active
103680,Ridgeline Retail Technologies,Manufacturing,Australia,78.0,2021-09-05,Paid Search,,Active
103681,Silverline Works Co.,Manufacturing,United States,23.0,2022-01-18,Paid Search,Mei Chen,Active
103682,Fieldstone Freight Inc.,Manufacturing,United States,13.0,2022-12-04,Paid Search,Leo Castillo,Active
103683,Beacon Collective,Logistics,United States,19.0,2021-09-26,Content/Social,Mei Chen,Churned
103684,Wrenfield Analytics Group,SaaS,Japan,7.0,2022-07-03,Partner,Nadia Petrov,Churned
103685,Anchor Logic Networks,Retail,United States,6.0,2021-02-14,Partner,Farah Sultan,Active
103686,Overlook Systems Industries,Logistics,United States,96.0,2021-12-27,Partner,Marcus Webb,Churned
103687,Cascade Finance Ventures,EDUCATION,South Africa,169.0,2021-03-16,Paid Search,,Active
103688,Copperfield Learning Ventures,Education,United States,,2021-06-23,Outbound Sales,Nadia Petrov,Active
103689,Cascade Retail Ventures,Financial Services,United Kingdom,43.0,2021-08-12,Outbound Sales,Elena Torres,Churned
103690,Pinecrest Supply Co.,Healthcare,United States,61.0,2022-10-22,Organic Search,Leo Castillo,Active
103691,Beacon Works Holdings (1),Retail,United States,4.0,2022-08-20,Referral,Sam O'Rourke,Churned
103692,Amberlight Health Corp.,Financial Services,United States,11.0,2022-11-15,Outbound Sales,Mei Chen,Active
103693,Nimbus Cloud Networks,SaaS,United States,9.0,2021-02-03,Content/Social,,Active
103694,Cinder Learning Inc.,Healthcare,United States,,2024-11-28,Paid Search,,Active
103695,Fernway Retail Labs,Logistics,Canada,172.0,2021-02-02,Content/Social,,Active
103696,Northwind Learning Labs,Retail,United States,6.0,2023-04-10,Content/Social,Elena Torres,Active
103697,Beacon Data Networks,Manufacturing,United States,3.0,2022-11-18,Content/Social,,Active
103698,Palisade Media Corp. (1),SaaS,India,55.0,2022-04-22,Paid Search,Hannah Ostrowski,Active
103699,Cinder Logic Co. (2),Manufacturing,Germany,41.0,2021-11-15,Organic Search,Priya Anand,Churned
103700,Overlook Analytics Networks,Healthcare,United States,101.0,2022-12-12,Outbound Sales,,Active
103701,Cobalt Analytics Partners,Manufacturing,United States,5.0,2022-11-12,Organic Search,Marcus Webb,Active
103702,Hollowbrook Works Solutions (1),Financial Services,United States,51.0,2021-04-28,Paid Search,,Active
103703,Cinder Analytics Collective,Media,Australia,8.0,2023-02-10,Partner,Owen Fitzgerald,Churned
103704,Tidewater Analytics Labs,Manufacturing,Canada,45.0,2021-02-24,Paid Search,Elena Torres,Churned
103705,Summit Health Industries (1),Education,United States,,2022-01-02,Referral,Owen Fitzgerald,Churned
103706,Beacon Logic Solutions,Manufacturing,United States,238.0,2022-07-19,Content/Social,Devon Wallace,Churned
103707,Wrenfield Digital Partners,Logistics,United States,,2023-04-20,Referral,,Churned
103708,Ridgeline Cloud Technologies (2),Education,United Kingdom,,2021-12-19,Content/Social,Priya Anand,Churned
103709,Lumen Collective,Retail,USA,,2021-06-12,Organic Search,Isaac Brennan,Churned
103710,Lattice Digital Holdings,SaaS,United States,18.0,2021-12-20,Organic Search,,Active
103711,Cinder Group (1),Education,United States,4.0,2021-06-13,Paid Search,Jordan Kim,Active
103712,Driftwood Works Labs (1), Financial Services ,India,245.0,2022-02-17,Organic Search,Tariq Rahman,Active
103713,Tidewater Cloud Group,Education,Japan,,2021-12-26,Organic Search,,Active
103714,Copperfield Data Industries,Manufacturing,United States,16.0,2023-01-19,Partner,Owen Fitzgerald,Churned
103715,Wildflower Health Ventures,Retail,Germany,50.0,2021-06-21,Content/Social,,Churned
103716,Halcyon Analytics Inc. (2),Manufacturing,United States,289.0,2021-05-28,Paid Search,Owen Fitzgerald,Active
103717,Bluepeak Cloud Networks,Logistics,United Kingdom,100.0,2021-12-07,Paid Search,Marcus Webb,Active
103718,Fernway Freight Solutions (1),Healthcare,Australia,13.0,2021-02-17,Outbound Sales,Isaac Brennan,Churned
103719,Halcyon Supply Corp.,Logistics,United Kingdom,18.0,2021-06-19,Referral,Devon Wallace,Churned
103720,Amberlight Freight Labs (1),Logistics,United States,2.0,2021-09-20,Organic Search,,Churned
103721,Steadfast Robotics Technologies,Financial Services,United States,55.0,2021-12-04,Organic Search,Devon Wallace,Active
103722,Aldergate Freight Corp.,Media,Canada,101.0,2021-07-22,Organic Search,,Churned
103723,Palisade Finance Networks,Logistics,United Kingdom,102.0,2022-03-06,Referral,,Active
103724,Crestline Robotics LLC,Media,United States,50.0,2023-09-12,Paid Search,,Churned
103725,Beacon Robotics Systems (1),Financial Services,united kingdom,,2022-02-20,Outbound Sales,Owen Fitzgerald,Active
103726,Aldergate Media Co. (1),Manufacturing,United States,5.0,2021-07-08,Organic Search,,Active
103727,Vantage Media Corp. (3),Education,United States,30.0,2021-02-04,Referral,,Active
103728,Catalyst Robotics Labs,Financial Services,Canada,9.0,2021-04-19,Referral,,Active
103729,Nimbus Labs,Manufacturing,United States,40.0,2022-03-08,Paid Search,Priya Anand,Churned
103730,Silverline Media Industries,Logistics,United States,7.0,2022-09-24,Content/Social,Leo Castillo,Active
103731,Basalt Data Co. (1),SaaS,United States,39.0,2021-01-26,Outbound Sales,Tariq Rahman,Active
103732,Anchor Robotics Systems,Logistics,Germany,112.0,2021-05-10,Content/Social,,Active
103733,Amberlight Systems,Healthcare,United States,33.0,2021-08-21,Referral,,Churned
103734,Clearwater Cloud Technologies (2),Media,United States,31.0,2021-08-07,Referral,,Churned
103735,Overlook Finance Collective,SaaS,United States,66.0,2024-06-27,Organic Search,Leo Castillo,Active
103736,Orbital Learning Co.,Logistics,United States,,2021-05-07,Referral,Leo Castillo,Active
103737,Keystone Cloud Inc.,Financial Services,United States,17.0,2021-02-25,Referral,Hannah Ostrowski,Churned
103738,Amberlight Robotics Labs,Logistics,United States,40.0,2021-09-23,Organic Search,,Active
103739,Vantage Analytics Industries,Financial Services,United States,143.0,2021-04-09,Paid Search,Farah Sultan,Churned
103740,Hollowbrook Data Group,Manufacturing,United Kingdom,48.0,2021-03-24,Organic Search,,Active
103741,Palisade Systems Technologies,Education,United States,1.0,2021-10-18,Paid Search,Farah Sultan,Active
103742,Wrenfield Media Co. (1),Retail,United States,8.0,2021-08-19,Organic Search,Sam O'Rourke,Active
103743,Ridgeline Solutions,Retail,India,53.0,2021-03-11,Referral,Farah Sultan,Active
103744,Meridian Retail LLC,Education,United States,12.0,2022-05-07,Content/Social,,Churned
103745,Quarrystone Holdings,Financial Services,United States,131.0,2022-01-20,Paid Search,Leo Castillo,Churned
103746,Brackenridge Cloud Holdings,Education,France,225.0,2021-02-02,Paid Search,Devon Wallace,Churned
103747,Fieldstone Digital Technologies,Media,United Kingdom,9.0,2023-08-10,Organic Search,,Active
103748,Keystone Media Group,Media,United Kingdom,,2021-07-04,Paid Search,,Churned
103749,Hollowbrook Inc.,SaaS,United States,13.0,2024-06-01,Outbound Sales,Hannah Ostrowski,Active
103750,Tidewater Robotics Partners (1),Financial Services,France,12.0,2024-01-01,Paid Search,Priya Anand,Active
103751,Driftwood Media Corp.,Retail,United States,148.0,2021-11-03,Content/Social,,Active
103752,Solstice Cloud Holdings,Education,United States,5.0,2021-06-27,Partner,Marcus Webb,Churned
103753,Harborview Digital Co.,Education,Canada,53.0,2023-05-22,Referral,Isaac Brennan,Churned
103754,Driftwood Works Networks,Logistics,United States,122.0,2021-09-28,Content/Social,Elena Torres,Active
103755,Vantage Logic LLC,Financial Services,United Kingdom,58.0,2021-04-03,Outbound Sales,Hannah Ostrowski,Churned
103756,Halcyon Logic Co.,Financial Services,United States,35.0,2022-03-28,Content/Social,Priya Anand,Active
103757,Cinder Learning Solutions,Education,United States,16.0,2021-12-17,Organic Search,Jordan Kim,Active
103758,Ironclad Freight Systems (1),Retail,United Kingdom,222.0,2023-06-23,Content/Social,,Active
103759,Northwind Works Labs,SaaS,United States,,2022-10-25,Paid Search,Marcus Webb,Active
103760,Lumen Retail LLC,Manufacturing,United Kingdom,69.0,2023-09-08,Organic Search,Isaac Brennan,Active
103761,Windward Media Corp.,Healthcare,United States,16.0,2022-11-21,Content/Social,,Churned
103762,Northwind Health Technologies,Healthcare,United States,2.0,2022-07-19,Organic Search,Tariq Rahman,Active
103763,Ridgeline Systems Solutions,Logistics,India,14.0,2022-01-12,Paid Search,,Active
103764,Thornbury Robotics Ventures,retail,United States,16.0,2024-10-14,Paid Search,Leo Castillo,Active
103765,Solstice Co. (1),Logistics,United Kingdom,17.0,2024-06-06,Paid Search,Nadia Petrov,Active
103766,Beacon Works Networks (1),Manufacturing,United States,9.0,2023-06-06,Organic Search,Priya Anand,Active
103767,Overlook Logic Co.,Healthcare,United States,45.0,2023-01-26,Referral,Sam O'Rourke,Active
103768,Driftwood Robotics Group,Logistics,United States,52.0,2022-04-21,Referral,,Active
103769,Pinecrest Health Technologies,Education,Canada,13.0,2021-07-16,Partner,,Active
103770,Brackenridge Works Industries,Healthcare,United States,13.0,2023-09-20,Paid Search,Marcus Webb,Active
103771,Basalt Systems Corp.,Financial Services,United States,5.0,2021-01-12,Partner,Sam O'Rourke,Active
103772,Meridian Logic Corp.,Healthcare,France,28.0,2021-06-07,Referral,,Active
103773,Lattice Supply Co.,Media,United States,120.0,2021-10-27,Partner,Leo Castillo,Active
103774,Orbital Data Technologies,Financial Services,Canada,121.0,2022-04-28,Partner,,Active
103775,Orbital Logic LLC (2),SaaS,United States,9.0,2022-03-07,Content/Social,,Active
103776,Northwind Works Networks (1),Manufacturing,United States,267.0,2021-05-23,Paid Search,,Active
103777,Marrow Solutions,Media,United States,13.0,2021-03-13,Referral,,Active
103778,Fernway Partners,Financial Services,United States,5.0,2021-06-20,Content/Social,Hannah Ostrowski,Active
103779,Sable Freight Ventures,Logistics,India,3.0,2021-09-04,Outbound Sales,Hannah Ostrowski,Active
103780,Brackenridge Media Labs,Financial Services,United States,5.0,2021-01-14,Paid Search,Grace Lin,Churned
103781,Tidewater Freight Partners,Healthcare,United States,31.0,2022-09-04,Outbound Sales,Tariq Rahman,Churned
103782,Ridgeline Learning Solutions,Manufacturing,Canada,,2021-06-23,Partner,,Churned
103783,Wildflower Media Collective (1),Retail,United Kingdom,9.0,2021-09-12,Organic Search,Leo Castillo,Active
103784,Fernway Logic Networks,Logistics,United States,7.0,2021-09-08,Outbound Sales,Farah Sultan,Churned
103785,Brightline Analytics Corp. (1),Manufacturing,United States,5.0,2022-01-20,Partner,Isaac Brennan,Active
103786,Steadfast Health Ventures,Healthcare,United States,,2023-07-27,Referral,Tariq Rahman,Active
103787,Tidewater Learning Partners (1),SaaS,Germany,75.0,2021-04-10,Paid Search,Farah Sultan,Paused
103788,Tidewater Works Corp.,Education,United Kingdom,209.0,2021-09-21,Referral,,Active
103789,Fernway Co. (1),Education,United Kingdom,227.0,2022-09-20,Referral,Tariq Rahman,Active
103790,Quarrystone Data Corp.,Media,United States,49.0,2021-01-14,Organic Search,Sam O'Rourke,Active
103791,Cobalt Media Group,Healthcare,United States,11.0,2023-05-23,Outbound Sales,,Churned
103792,Brackenridge Supply LLC (1),Retail,United States,8.0,2024-06-04,Referral,Nadia Petrov,Active
103793,Overlook Digital Labs,Financial Services,United States,54.0,2022-05-25,Content/Social,Priya Anand,Active
103794,Solstice Cloud Solutions,Media,United States,,2024-05-12,Partner,,Active
103795,Orbital Learning Ventures,Logistics,United States,34.0,2021-10-02,Partner,Leo Castillo,Active
103796,Lumen Supply Inc. (1),Healthcare,United States,247.0,2021-10-28,Referral,Grace Lin,Active
103797,Beacon Works LLC (1),SaaS,United States,27.0,2021-03-22,Paid Search,,Churned
103798,Fernway Industries,SaaS,United States,388.0,2021-01-23,Outbound Sales,Marcus Webb,Active
103799,Halcyon Robotics Inc. (1),Education,United States,5.0,2021-06-05,Paid Search,Grace Lin,Active
103800,Cascade Systems Inc.,SaaS,Canada,36.0,2021-12-22,Referral,,Active
103801,Solstice Inc.,Manufacturing,United Kingdom,30.0,2022-01-20,Paid Search,,Active
103802,Aldergate Supply Holdings,SaaS,United States,6.0,2021-06-26,Referral,Farah Sultan,Active
103803,Orbital Cloud Co.,Financial Services,India,,2022-05-11,Outbound Sales,Hannah Ostrowski,Active
103804,Copperfield Co.,Media,United States,147.0,2021-05-26,Organic Search,Nadia Petrov,Churned
103805,Quarrystone Supply Inc.,Financial Services,United States,352.0,2021-08-20,Organic Search,Sam O'Rourke,Active
103806,Ridgeline Media Labs,Manufacturing,Australia,34.0,2021-05-08,Paid Search,Elena Torres,Active
103807,Thornbury Labs,Healthcare,United States,,2022-09-06,Organic Search,,Active
103808,Summit Networks,Media,United Kingdom,37.0,2022-01-26,Referral,Sam O'Rourke,Active
103809,Marrow Media LLC,Financial Services,United States,53.0,2022-11-19,Content/Social,Nadia Petrov,Churned
103810,Clearwater Works Systems (1),Media,United States,15.0,2021-02-04,Content/Social,Isaac Brennan,Active
103811,Quarrystone Digital Networks,Logistics,United States,27.0,2021-11-04,Content/Social,Nadia Petrov,Churned
103812,Bluepeak Cloud Networks (1),Financial Services,United States,11.0,2024-07-24,Paid Search,Isaac Brennan,Active
103813,Ironclad Supply Corp. (1),Retail,United States,17.0,2021-02-05,Organic Search,,Active
103814,Summit Cloud Technologies,Logistics,United States,75.0,2021-10-07,Referral,Owen Fitzgerald,Active
103815,Cobalt Freight Collective,Manufacturing,United States,122.0,2021-01-18,Outbound Sales,Grace Lin,Churned
103816,Fallowmere Systems Corp.,Logistics,United States,,2021-04-25,Outbound Sales,Owen Fitzgerald,Churned
103817,Overlook Supply Holdings (1),Financial Services,United States,10.0,2021-12-10,Partner,Tariq Rahman,Active
103818,Fallowmere Analytics Co.,Healthcare,United States,3.0,2021-04-19,Referral,Owen Fitzgerald,Churned
103819,Basalt Analytics Technologies,SaaS,United States,219.0,2022-01-20,Referral,Hannah Ostrowski,Active
103820,Meridian Digital Labs,Media,United States,62.0,2023-12-17,Content/Social,,Active
103821,Overlook Logic Industries,Media,India,1.0,2021-05-20,Organic Search,Jordan Kim,Churned
103822,Thornbury Corp.,Media,Singapore,18.0,2021-03-07,Partner,Priya Anand,Active
103823,Meridian Finance Networks,Healthcare,United States,14.0,2023-04-18,Outbound Sales,Leo Castillo,Active
103824,Basalt Media Networks,Financial Services,United States,8.0,2021-12-01,Paid Search,Tariq Rahman,Active
103825,Cinder Cloud Collective (1),Financial Services,Australia,77.0,2023-09-21,Content/Social,,Active
103826,Lumen Health Solutions (1),SaaS,United Kingdom,75.0,2021-08-23,Partner,Tariq Rahman,Active
103827,Palisade Data Holdings (1),SaaS,Singapore,29.0,2022-06-23,Partner,Elena Torres,Active
103828,Tidewater Systems Technologies,Healthcare,India,9.0,2023-12-01,Paid Search,,Active
103829,Overlook Health Industries,Education,India,9.0,2021-05-26,Paid Search,Nadia Petrov,Churned
103830,Wildflower Cloud Inc. (1),Logistics,United States,21.0,2023-02-13,Outbound Sales,Nadia Petrov,Active
103831,Anchor Networks (1),Media,United States,11.0,2022-06-03,Paid Search,,Churned
103832,Clearwater Inc. (1),Manufacturing,United Kingdom,20.0,2023-03-15,Paid Search,Mei Chen,Active
103833,Brackenridge Digital Inc.,Logistics,United States,,2021-04-17,Organic Search,,Churned
103834,Lattice Health Technologies,Media,India,3.0,2021-11-12,Paid Search,Mei Chen,Churned
103835,Lattice Analytics Corp.,Education,Japan,7.0,2021-03-21,Outbound Sales,Isaac Brennan,Churned
103836,Anchor Cloud Technologies (1),Logistics,United States,19.0,2024-06-16,Referral,,Churned
103837,Hollowbrook Digital Group,Logistics,United States,154.0,2021-02-07,Paid Search,Grace Lin,Active
103838,Lattice Finance Co.,Retail,Australia,60.0,2021-02-18,Referral,,Churned
103839,Redwood Data Inc.,Healthcare,Canada,20.0,2023-10-08,Paid Search,Mei Chen,Active
103840,Marrow Cloud Solutions,Logistics,Canada,34.0,2021-08-04,Paid Search,,Churned
103841,Basalt Health Corp.,SaaS,United Kingdom,18.0,2022-05-08,Referral,Nadia Petrov,Active
103842,Cascade Ventures,Education,Japan,81.0,2021-07-26,Referral,Priya Anand,Churned
103843,Amberlight Freight Co.,Financial Services,United States,35.0,2022-07-17,Organic Search,Owen Fitzgerald,Active
103844,Aldergate Health Ventures,Manufacturing,United States,106.0,2021-05-09,Outbound Sales,Mei Chen,Active
103845,Hollowbrook Media Partners (1),Logistics,United States,3.0,2021-11-11,Organic Search,Sam O'Rourke,Active
103846,Quarrystone Supply Ventures,Healthcare,United States,7.0,2022-02-25,Referral,Marcus Webb,Active
103847,Copperfield Logic Collective,Retail,Canada,29.0,2021-09-19,Organic Search,Devon Wallace,Churned
103848,Halcyon Digital Networks,Healthcare,United States,38.0,2021-06-22,Outbound Sales,Sam O'Rourke,Active
103849,Orbital Analytics Solutions,Manufacturing,United Kingdom,455.0,2021-04-18,Referral,,Active
103850,Pinecrest Data Industries,Healthcare,United States,2.0,2022-09-28,Paid Search,Sam O'Rourke,Active
103851,Palisade Freight Labs,Manufacturing,India,19.0,2021-04-19,Outbound Sales,Leo Castillo,Active
103852,Pinecrest Supply Collective (1),Healthcare,United States,18.0,2021-07-12,Partner,Mei Chen,Active
103853,Solstice Health Networks,Manufacturing,United States,27.0,2021-09-08,Paid Search,Mei Chen,Churned
103854,Tidewater Group (1),SaaS,United States,191.0,2021-11-02,Outbound Sales,Grace Lin,Churned
103855,Amberlight Logic Ventures,Healthcare,United States,,2022-09-22,Partner,Grace Lin,Active
103856,Wildflower Digital LLC,Healthcare,United States,,2021-11-27,Paid Search,,Churned
103857,Driftwood Systems Collective (1),Education,United Kingdom,148.0,2023-08-19,Content/Social,,Churned
103858,Brackenridge Systems Corp.,Manufacturing,United States,142.0,2022-08-14,Organic Search,,Churned
103859,Copperfield Co. (1),Manufacturing,Singapore,28.0,2023-05-04,Outbound Sales,Sam O'Rourke,Active
103860,Lattice Systems LLC (1),Logistics,Germany,2.0,2022-10-19,Content/Social,Devon Wallace,Paused
103861,Marrow Health LLC,Media,United States,16.0,2021-04-06,Content/Social,,Active
103862,Lumen Logic Collective,SaaS,United States,37.0,2024-09-18,Referral,Farah Sultan,Active
103863,Thornbury Cloud Holdings,Manufacturing,United States,73.0,2023-01-09,Outbound Sales,Leo Castillo,Active
103864,Cinder Learning Holdings,SaaS,United States,,2022-04-25,Organic Search,,Active
103865,Basalt Learning Holdings,Financial Services,United States,,2021-04-27,Organic Search,Farah Sultan,Active
103866,Brightline Retail Collective,Education,Australia,84.0,2021-05-07,Partner,Hannah Ostrowski,Active
103867,Clearwater Systems Holdings,Healthcare,Germany,141.0,2022-05-10,Organic Search,,Active
103868,Marrow Supply Corp. (1),Manufacturing,United States,35.0,2021-10-26,Partner,Owen Fitzgerald,Churned
103869,Brightline Media Systems,Media,India,89.0,2022-08-01,Paid Search,Hannah Ostrowski,Active
103870,Summit Supply Collective (1),Education,Canada,36.0,2021-09-15,Paid Search,,Active
103871,Palisade Supply Ventures,Education,United States,70.0,2022-01-04,Paid Search,Hannah Ostrowski,Active
103872,Pinecrest Cloud Partners,Logistics,Australia,24.0,2021-05-13,Referral,Hannah Ostrowski,Churned
103873,Lattice Systems Systems,Manufacturing,South Africa,37.0,2021-04-01,Paid Search,Priya Anand,Churned
103874,Thornbury Cloud Holdings (1),Retail,Netherlands,4.0,2021-02-04,Organic Search,,Active
103875,Cinder Learning Industries,Manufacturing,India,51.0,2023-04-12,Content/Social,Marcus Webb,Churned
103876,Granite Learning Holdings,Financial Services,United States,,2022-03-02,Partner,Nadia Petrov,Active
103877,Windward Digital Technologies (2),SaaS,United States,51.0,2024-04-23,Partner,Mei Chen,Active
103878,Clearwater Works Partners (1),Logistics,Brazil,11.0,2022-11-17,Paid Search,,Active
103879,Cascade Analytics Co.,Media,United States,32.0,2022-12-13,Organic Search,,Active
103880,Wildflower Freight Technologies (1),Education,United States,6.0,2022-01-14,Outbound Sales,Mei Chen,Active
103881,Halcyon Finance Industries,Manufacturing,United States,10.0,2023-04-24,Paid Search,,Active
103882,Ironclad Works Co.,Education,United States,32.0,2024-03-24,Referral,Farah Sultan,Churned
103883,Pinecrest Finance Group,Healthcare,United States,54.0,2022-10-02,Content/Social,,Active
103884,Amberlight Freight Industries,Logistics,Canada,83.0,2021-03-20,Paid Search,,Active
103885,Silverline Health Systems,Education,United States,5.0,2022-07-14,Content/Social,Isaac Brennan,Active
103886,Wildflower Systems Partners,Healthcare,United States,3.0,2021-03-22,Paid Search,Mei Chen,Churned
103887,Cinder Technologies,Manufacturing,United States,6.0,2021-02-23,Paid Search,,Churned
103888,Quarrystone Analytics Partners,Retail,United Kingdom,5.0,2022-09-20,Paid Search,Hannah Ostrowski,Active
103889,Sable Media Labs,Healthcare,Canada,154.0,2023-05-19,Content/Social,,Churned
103890,Redwood Cloud Collective,Retail,Germany,,2021-04-06,Outbound Sales,Grace Lin,Churned
103891,Tidewater Systems (1),SaaS,Canada,5.0,2021-02-24,Partner,Marcus Webb,Active
103892,Overlook Finance LLC,Media,United States,186.0,2023-09-20,Organic Search,Isaac Brennan,Active
103893,Anchor Digital Partners,Financial Services,Canada,106.0,2021-04-08,Content/Social,Marcus Webb,Active
103894,Wrenfield Analytics Holdings,Media,United States,2.0,2021-01-07,Referral,Owen Fitzgerald,Churned
103895,Catalyst Media Labs,Manufacturing,United Kingdom,5.0,2022-10-15,Referral,Elena Torres,Active
103896,Meridian Finance LLC,Retail,India,2.0,2023-06-10,Partner,Marcus Webb,Active
103897,Overlook Freight Networks,Retail,United States,18.0,2022-01-19,Partner,Priya Anand,Active
103898,Tidewater Works Industries,Financial Services,United States,21.0,2022-02-12,Outbound Sales,Elena Torres,Churned
103899,Ironclad Corp. (1),SaaS,India,20.0,2021-09-05,Paid Search,,Churned
103900,Marrow Ventures,Education,United States,1.0,2021-06-12,Content/Social,Hannah Ostrowski,Active
103901,Tidewater Cloud Inc. (1),Financial Services,india,3.0,2022-12-23,Organic Search,Grace Lin,Churned
103902,Brackenridge Digital Co.,Retail,United States,28.0,2023-06-24,Content/Social,,Active
103903,Northwind Media Ventures,Education,United Kingdom,45.0,2021-08-09,Organic Search,,Churned
103904,Halcyon Robotics Holdings,Media,Canada,1.0,2021-07-23,Paid Search,,Churned
103905,Wildflower Finance Labs,Logistics,United States,4.0,2021-07-03,Organic Search,,Active
103906,Wrenfield Digital Systems,Financial Services,United States,76.0,2021-02-28,Referral,,Active
103907,Hollowbrook Robotics Inc.,SaaS,United Kingdom,4.0,2021-07-22,Organic Search,Mei Chen,Active
103908,Beacon Media Industries (1),Media,United States,20.0,2021-01-02,Partner,,Churned
103909,Driftwood Industries,Education,United States,4.0,2023-01-20,Outbound Sales,Grace Lin,Churned
103910,Brightline Analytics Partners,Media,India,59.0,2021-07-14,Paid Search,Jordan Kim,Active
103911,Quarrystone Finance Industries,SaaS,United States,1.0,2022-09-25,Referral,,Active
103912,Bluepeak Logic Solutions,Healthcare,United Kingdom,14.0,2022-02-07,Partner,Hannah Ostrowski,Active
103913,Anchor Robotics Holdings,Healthcare,United States,68.0,2023-05-25,Content/Social,Isaac Brennan,Active
103914,Keystone Analytics Labs,Manufacturing,United States,44.0,2024-06-25,Organic Search,Leo Castillo,Active
103915,Ironclad Finance Group,Manufacturing,United States,11.0,2021-09-08,Content/Social,Nadia Petrov,Churned
103916,Cobalt Logic LLC,Manufacturing,Brazil,8.0,2021-02-13,Paid Search,Sam O'Rourke,Active
103917,Amberlight Learning Holdings,Financial Services,United States,15.0,2022-11-18,Outbound Sales,Elena Torres,Active
103918,Vantage Works Inc. (1),Healthcare,United States,4.0,2021-01-07,Partner,Marcus Webb,Churned
103919,Palisade Technologies,Retail,United States,18.0,2021-06-28,Referral,Owen Fitzgerald,Active
103920,Crestline Analytics Solutions (1),Healthcare,United Kingdom,18.0,2021-02-06,Paid Search,Priya Anand,Active
103921,Redwood Finance Corp. (1),Retail,United Kingdom,12.0,2023-10-07,Outbound Sales,Elena Torres,Active
103922,Palisade Partners,Media,United States,74.0,2021-01-15,Organic Search,,Active
103923,Granite Health Inc.,Manufacturing,United States,5.0,2021-12-14,Paid Search,,Active
103924,Steadfast Digital Systems,Manufacturing,United States,2.0,2021-11-02,Paid Search,Tariq Rahman,Active
103925,Meridian Supply Ventures,Logistics,United Kingdom,10.0,2022-07-26,Partner,Owen Fitzgerald,Active
103926,Brackenridge Cloud LLC,Manufacturing,Canada,24.0,2021-07-07,Paid Search,Sam O'Rourke,Active
103927,Brackenridge Labs (2),Healthcare,United Kingdom,17.0,2023-08-03,Referral,,Churned
103928,Summit Learning Labs (1),Healthcare,India,17.0,2022-11-15,Content/Social,,Active
103929,Halcyon Learning Inc.,Retail,United States,5.0,2021-11-26,Partner,Elena Torres,Churned
103930,Marrow Supply Technologies,Manufacturing,United Kingdom,6.0,2021-09-01,Referral,Priya Anand,Churned
103931,Ironclad Logic Ventures,Media,United Kingdom,11.0,2023-04-14,Referral,Sam O'Rourke,Active
103932,Fieldstone Learning Networks,Manufacturing,United States,10.0,2022-12-26,Paid Search,,Churned
103933,Cobalt Works Ventures,Financial Services,Germany,84.0,2021-10-26,Referral,Farah Sultan,Churned
103934,Keystone Data Industries (2),Healthcare,United States,28.0,2021-09-05,Paid Search,,Churned
103935,Bluepeak Systems Corp.,Financial Services,United Kingdom,10.0,2021-01-18,Paid Search,Devon Wallace,Active
103936,Quarrystone Finance Technologies,Healthcare,United Kingdom,83.0,2021-02-24,Paid Search,Owen Fitzgerald,Churned
103937,Overlook Robotics Holdings,Retail,Australia,36.0,2021-02-19,Outbound Sales,Farah Sultan,Churned
103938,Bluepeak Media Labs,Financial Services,United States,3.0,2021-01-19,Paid Search,Mei Chen,Active
103939,Beacon Supply Group (1),Retail,Australia,1.0,2021-04-22,Paid Search,Devon Wallace,Churned
103940,Palisade Labs (1),Manufacturing,United States,,2023-07-13,Content/Social,,Active
103941,Ironclad Learning Systems,Logistics,United States,44.0,2023-02-02,Paid Search,,Active
103942,Keystone Digital Holdings,Retail,Australia,64.0,2023-06-18,Outbound Sales,,Active
103943,Catalyst Robotics Labs (1),SaaS,United States,2.0,2022-06-18,Organic Search,,Churned
103944,Sable Systems Collective (1),Media,United Kingdom,47.0,2022-06-24,Referral,Sam O'Rourke,Churned
103945,Thornbury Systems Collective,Healthcare,United States,45.0,2021-03-26,Paid Search,,Churned
103946,Silverline Analytics Systems,healthcare,Germany,123.0,2022-09-10,Paid Search,Farah Sultan,Churned
103947,Amberlight Freight Inc. (1),Media,Canada,69.0,2021-07-27,Partner,,Churned
103948,Bluepeak Supply Ventures,Media,United States,116.0,2022-01-01,Referral,Nadia Petrov,Active
103949,Harborview Analytics Labs,Education,Canada,38.0,2024-05-28,Paid Search,,Active
103950,Amberlight Works Systems,Retail,United States,36.0,2023-08-04,Organic Search,Owen Fitzgerald,Churned
103951,Copperfield Supply Ventures,Manufacturing,United Kingdom,13.0,2021-06-19,Referral,Farah Sultan,Active
103952,Sable Solutions,Manufacturing,India,58.0,2022-11-20,Paid Search,Isaac Brennan,Active
103953,Northwind Logic Networks,Financial Services,India,4.0,2021-03-18,Referral,Hannah Ostrowski,Active
103954,Sable Digital Ventures,Education,United Kingdom,17.0,2021-01-28,Referral,,Active
103955,Harborview Robotics Solutions (1),Education,Canada,41.0,2021-01-16,Outbound Sales,Elena Torres,Active
103956,Solstice Digital Solutions,Manufacturing,United Kingdom,125.0,2021-04-04,Partner,Priya Anand,Active
103957,Keystone Data Solutions,Education,Germany,11.0,2022-09-18,Organic Search,Hannah Ostrowski,Active
103958,Brightline Retail Holdings,Logistics,United States,71.0,2021-09-09,Content/Social,,Active
103959,Sable Ventures,SaaS,United States,16.0,2021-01-18,Referral,,Active
103960,Redwood Freight Holdings (2),SaaS,Canada,72.0,2024-11-11,Referral,Hannah Ostrowski,Active
103961,Fernway Systems Group,retail,United States,7.0,2022-02-02,Outbound Sales,Nadia Petrov,Active
103962,Pinecrest Systems Collective,Retail,United States,52.0,2021-10-18,Outbound Sales,,Active
103963,Vertex Finance Solutions (2),Financial Services,Canada,18.0,2022-01-03,Paid Search,Grace Lin,Active
103964,Lumen Cloud Labs (1),SaaS,United States,4.0,2022-01-10,Content/Social,Grace Lin,Churned
103965,Cinder Learning Partners,Retail,United States,16.0,2021-12-18,Content/Social,,Churned
103966,Thornbury Media Collective (2),Education,United States,112.0,2022-05-25,Organic Search,,Churned
103967,Cascade Digital Co. (1),Logistics,United States,5.0,2023-09-09,Referral,,Active
103968,Wildflower Finance Ventures,Media,United States,3.0,2021-08-09,Partner,Devon Wallace,Churned
103969,Northwind Learning Co.,Retail,United States,34.0,2021-12-09,Content/Social,,Churned
103970,Crestline Media Ventures (1),SaaS,Canada,2.0,2021-01-17,Referral,Grace Lin,Churned
103971,Keystone Cloud LLC,Manufacturing,United States,,2023-07-06,Paid Search,Sam O'Rourke,Churned
103972,Vantage Freight Technologies,media,Canada,148.0,2021-08-15,Outbound Sales,Owen Fitzgerald,Active
103973,Harborview Inc.,Logistics,Netherlands,77.0,2021-07-23,Paid Search,,Active
103974,Cobalt Logic Networks,Financial Services,United States,20.0,2024-12-03,Outbound Sales,Owen Fitzgerald,Active
103975,Granite Logic Technologies,SaaS,Netherlands,175.0,2022-04-28,Referral,Leo Castillo,Active
103976,Brackenridge Freight Solutions,Logistics,United States,115.0,2021-03-15,Outbound Sales,Tariq Rahman,Active
103977,Silverline Cloud Corp.,Healthcare,United Kingdom,,2021-07-18,Paid Search,,Active
103978,Bluepeak Analytics Partners (1),Financial Services,Brazil,130.0,2021-09-18,Referral,Mei Chen,Active
103979,Ridgeline Robotics Corp. (1),Financial Services,Canada,6.0,2024-10-27,Outbound Sales,Mei Chen,Active
103980,Beacon Health Partners,Logistics,United States,16.0,2021-11-19,Organic Search,,Churned
103981,Northwind Supply Labs (1),Healthcare,United States,2.0,2021-06-25,Paid Search,Farah Sultan,Churned
103982,Amberlight Group (1),Education,United States,24.0,2022-03-09,Organic Search,Hannah Ostrowski,Churned
103983,Brackenridge Freight Solutions (1),Education,Germany,14.0,2021-10-07,Partner,Nadia Petrov,Churned
103984,Cinder Supply Partners (3),Logistics,United States,11.0,2021-02-19,Referral,Nadia Petrov,Active
103985,Cascade Group,Logistics,United States,16.0,2023-07-05,Outbound Sales,Devon Wallace,Active
103986,Nimbus Media Collective (1),Manufacturing,United States,,2021-01-04,Referral,Nadia Petrov,Churned
103987,Wildflower Logic Labs,SaaS,United States,21.0,2023-10-06,Partner,,Active
103988,Silverline Systems Holdings,Healthcare,United States,107.0,2023-02-08,Referral,,Active
103989,Summit Media Industries,Manufacturing,United States,5.0,2021-02-03,Paid Search,Hannah Ostrowski,Active
103990,Cinder Health Labs,Media,United Kingdom,62.0,2022-10-21,Paid Search,,Churned
103991,Northwind Retail Partners,Media,United States,27.0,2022-12-17,Paid Search,,Active
103992,Orbital Networks,Financial Services,United States,33.0,2022-05-06,Partner,Farah Sultan,Active
103993,Granite Media LLC,Manufacturing,United States,19.0,2022-04-08,Outbound Sales,Elena Torres,Active
103994,Granite Freight Industries,Healthcare,United States,8.0,2021-01-27,Partner,Grace Lin,Active
103995,Brackenridge Finance Collective (2),Manufacturing,India,36.0,2021-02-26,Outbound Sales,Owen Fitzgerald,Active
103996,Brackenridge Robotics LLC (1),Financial Services,United States,39.0,2022-10-04,Partner,Priya Anand,Active
103997,Pinecrest Supply Labs (1),Manufacturing,United States,7.0,2021-03-18,Content/Social,Sam O'Rourke,Churned
103998,Wrenfield Systems Inc.,Media,United States,4.0,2021-06-10,Outbound Sales,Tariq Rahman,Churned
103999,Tidewater Health Ventures,Media,United States,22.0,2021-12-11,Organic Search,Mei Chen,Active
104000,Wildflower Finance LLC (1),Manufacturing,Canada,54.0,2021-04-17,Paid Search,Priya Anand,Active
104001,Ironclad Robotics Labs (1),Media,Australia,74.0,2023-01-28,Referral,Nadia Petrov,Active
104002,Keystone Logic Systems,Retail,United States,96.0,2023-03-17,Partner,,Churned
104003,Cobalt Logic Systems,Retail,United States,33.0,2023-06-27,Referral,Nadia Petrov,Active
104004,Hollowbrook Media Networks,Media,United States,,2021-01-23,Organic Search,,Churned
104005,Halcyon Health Corp.,Education,India,20.0,2021-11-22,Outbound Sales,Nadia Petrov,Churned
104006,Solstice Partners,Financial Services,United States,4.0,2023-06-23,Referral,,Active
104007,Thornbury Industries (1),Manufacturing,Japan,8.0,2021-09-23,Organic Search,,Active
104008,Wrenfield Data Group (1),SaaS,United States,19.0,2022-09-08,Partner,,Active
104009,Ridgeline Learning LLC (1),Retail,Japan,14.0,2022-04-28,Referral,Farah Sultan,Active
104010,Palisade Cloud Networks,Retail,United States,,2021-09-26,Organic Search,Nadia Petrov,Churned
104011,Meridian Finance Ventures,Education,United States,3.0,2021-07-17,Organic Search,Leo Castillo,Active
104012,Wildflower Supply Industries (1),SaaS,United States,4.0,2022-07-20,Referral,,Active
104013,Aldergate Finance Networks,SaaS,United States,55.0,2021-04-25,Referral,,Churned
104014,Wildflower Industries,Manufacturing,Japan,7.0,2023-07-05,Paid Search,Nadia Petrov,Active
104015,Bluepeak Media Collective,Manufacturing,United States,8.0,2022-04-02,Outbound Sales,Elena Torres,Active
104016,Bluepeak LLC,Healthcare,United States,23.0,2021-03-28,Outbound Sales,Marcus Webb,Churned
104017,Tidewater Systems Group (1),Manufacturing,Netherlands,6.0,2022-09-16,Paid Search,,Churned
104018,Driftwood Logic Labs,SaaS,United States,85.0,2021-11-21,Referral,Elena Torres,Active
104019,Wrenfield Works Group,Financial Services,United States,4.0,2021-05-15,Referral,Priya Anand,Active
104020,Vantage Health Inc.,Healthcare,United States,20.0,2024-06-15,Organic Search,,Active
104021,Fieldstone Digital LLC (1),Healthcare,United States,8.0,2022-10-02,Organic Search,Priya Anand,Active
104022,Catalyst Data Collective (2),Media,Germany,25.0,2022-04-09,Organic Search,,Active
104023,Fallowmere Health Collective,SaaS,United States,11.0,2023-06-03,Referral,,Churned
104024,Amberlight Group (2),Manufacturing,India,19.0,2022-02-13,Partner,Jordan Kim,Active
104025,Beacon Supply Solutions,Healthcare,United States,98.0,2021-11-01,Referral,Sam O'Rourke,Churned
104026,Quarrystone Retail Co.,Financial Services,United States,8.0,2021-05-23,Content/Social,,Active
104027,Fieldstone Systems Inc.,Retail,India,8.0,2021-04-09,Organic Search,,Active
104028,Lattice Systems Ventures,Manufacturing,india,13.0,2021-11-21,Outbound Sales,Nadia Petrov,Churned
104029,Fallowmere Systems Systems,SaaS,United Kingdom,136.0,2021-11-02,Referral,Tariq Rahman,Active
104030,Amberlight Health Ventures,SaaS,United States,18.0,2022-11-01,Partner,Sam O'Rourke,Active
104031,Steadfast Robotics LLC,Healthcare,United States,,2021-11-12,Content/Social,,Active
104032,Harborview Digital Co. (1),Logistics,India,16.0,2022-04-23,Referral,,Active
104033,Wildflower Freight Co. (1),SaaS,United Kingdom,94.0,2023-05-23,Referral,Tariq Rahman,Active
104034,Meridian Learning Inc. (1),Retail,United States,34.0,2024-11-16,Content/Social,,Active
104035,Halcyon Supply Solutions,Financial Services,United States,41.0,2021-08-18,Content/Social,,Active
104036,Catalyst Data Partners,SaaS,India,3.0,2023-11-20,Content/Social,Nadia Petrov,Active
104037,Vertex Group (1),Education,United States,3.0,2023-03-19,Paid Search,,Active
104038,Sable Robotics Solutions,Healthcare,United Kingdom,81.0,2021-02-21,Paid Search,,Churned
104039,Copperfield Cloud Collective,Manufacturing,India,79.0,2021-09-01,Referral,Isaac Brennan,Churned
104040,Lattice Media Collective,SaaS,United States,468.0,2021-06-13,Outbound Sales,Grace Lin,Churned
104041,Clearwater Analytics Group,Retail,United States,3.0,2022-08-24,Paid Search,,Churned
104042,Wrenfield Retail Ventures,Retail,United States,38.0,2022-03-13,Organic Search,Nadia Petrov,Active
104043,Summit Collective (2),Manufacturing,United Kingdom,5.0,2021-12-05,Referral,,Paused
104044,Harborview Finance Corp.,Manufacturing,Germany,8.0,2022-12-19,Paid Search,,Active
104045,Redwood Data Technologies,SaaS,United States,10.0,2021-09-09,Outbound Sales,Sam O'Rourke,Churned
104046,Fernway Logic Partners (1),Financial Services,United States,33.0,2021-10-15,Organic Search,,Active
104047,Basalt Cloud Inc.,Manufacturing,United States,8.0,2023-08-15,Partner,Priya Anand,Active
104048,Vantage Data Inc.,SaaS,United Kingdom,21.0,2024-08-20,Organic Search,Jordan Kim,Active
104049,Anchor Cloud Ventures,SaaS,United States,59.0,2023-01-27,Referral,,Active
104050,Bluepeak Learning Industries,Manufacturing,India,87.0,2021-06-20,Referral,,Active
104051,Ridgeline Media Partners (1),Education,United States,49.0,2021-03-28,Organic Search,,Churned
104052,Overlook Cloud LLC,Manufacturing,United States,36.0,2021-05-01,Referral,Mei Chen,Churned
104053,Halcyon Cloud Group,Financial Services,United States,17.0,2021-11-22,Partner,,Active
104054,Lumen Data LLC,Logistics,Australia,10.0,2021-06-12,Referral,,Churned
104055,Brightline Media LLC (1),Retail,India,40.0,2023-11-21,Paid Search,,Churned
104056,Aldergate Cloud Industries,Retail,United States,5.0,2022-08-03,Outbound Sales,Grace Lin,Active
104057,Copperfield Learning Systems (1),Manufacturing,United States,23.0,2021-10-15,Paid Search,Leo Castillo,Active
104058,Ironclad Digital Ventures (1),Media,Germany,5.0,2021-07-01,Referral,Marcus Webb,Churned
104059,Cascade Data Industries,SaaS,Australia,19.0,2021-10-19,Referral,Sam O'Rourke,Active
104060,Marrow Cloud Inc. (1),Manufacturing,United States,5.0,2021-12-07,Referral,Isaac Brennan,Active
104061,Ironclad Data Holdings,Logistics,India,12.0,2022-10-05,Paid Search,Sam O'Rourke,Active
104062,Bluepeak Robotics Group,Education,Germany,8.0,2021-02-03,Organic Search,Farah Sultan,Active
104063,Brackenridge Supply Partners (1),Media,United States,,2023-06-08,Paid Search,Tariq Rahman,Active
104064,Vantage Cloud Inc.,Healthcare,United States,18.0,2021-03-27,Organic Search,Tariq Rahman,Active
104065,Orbital Data Holdings (1),Media,United States,1.0,2021-07-28,Outbound Sales,Leo Castillo,Active
104066,Steadfast Logic Labs,Financial Services,United States,2.0,2024-11-03,Outbound Sales,Nadia Petrov,Active
104067,Keystone Supply Group,Healthcare,India,57.0,2021-05-28,Paid Search,,Churned
104068,Keystone Technologies (1),Retail,United States,24.0,2021-03-17,Paid Search,Elena Torres,Active
104069,Quarrystone Supply Co. (1),Media,United States,,2022-06-10,Outbound Sales,Devon Wallace,Active
104070,Overlook Solutions (2),Manufacturing,United States,71.0,2021-10-27,Referral,Leo Castillo,Churned
104071,Brackenridge Data LLC,Media,India,9.0,2021-03-07,Partner,Mei Chen,Active
104072,Northwind Health Networks (1),Manufacturing,United States,,2021-01-06,Paid Search,Priya Anand,Active
104073,Hollowbrook Media LLC (1),Healthcare,United States,7.0,2021-02-07,Paid Search,Sam O'Rourke,Active
104074,Wildflower Health Systems (1),Retail,United States,240.0,2022-01-05,Organic Search,,Churned
104075,Catalyst Works Networks,Manufacturing,Canada,,2021-06-14,Outbound Sales,Jordan Kim,Active
104076,Keystone Retail LLC (1),Healthcare,United States,26.0,2023-01-04,Referral,,Churned
104077,Thornbury Finance Partners,Manufacturing,United States,,2023-07-07,Paid Search,,Active
104078,Cinder Logic Systems,Logistics,Canada,2.0,2021-04-11,Paid Search,,Active
104079,Tidewater Finance Inc.,Manufacturing,United States,9.0,2021-09-19,Outbound Sales,Hannah Ostrowski,Active
104080,Redwood Cloud Systems,Financial Services,India,36.0,2021-04-25,Organic Search,Farah Sultan,Active
104081,Pinecrest Logic Industries,Logistics,United States,20.0,2021-07-03,Outbound Sales,Jordan Kim,Churned
104082,Lumen Health Networks (1),Education,Canada,353.0,2021-06-18,Organic Search,,Churned
104083,Cobalt Digital Technologies,Financial Services,United States,10.0,2023-01-03,Organic Search,Sam O'Rourke,Active
104084,Wildflower Digital Networks,Logistics,United States,68.0,2021-09-28,Paid Search,,Active
104085,Nimbus Labs (1),Healthcare,United States,57.0,2021-12-08,Content/Social,Grace Lin,Churned
104086,Vertex Logic LLC (1),Retail,Germany,24.0,2022-08-24,Paid Search,,Active
104087,Beacon Analytics Holdings,Retail,Canada,31.0,2023-04-22,Paid Search,,Active
104088,Harborview Supply Technologies,Manufacturing,United States,,2021-08-10,Partner,,Active
104089,Catalyst Digital Technologies,Education,United States,2.0,2021-05-10,Paid Search,,Churned
104090,Quarrystone Digital Technologies (2),Media,United States,32.0,2024-09-09,Organic Search,,Active
104091,Aldergate Media Group,Retail,United States,35.0,2021-08-14,Organic Search,,Active
104092,Tidewater Works Group,Healthcare,United States,43.0,2022-08-13,Outbound Sales,Devon Wallace,Active
104093,Fieldstone Freight Group,SaaS,Australia,22.0,2022-08-19,Organic Search,Isaac Brennan,Churned
104094,Lattice Logic Corp.,Healthcare,United States,71.0,2022-01-14,Partner,Mei Chen,Active
104095,Solstice Finance Holdings (1),Logistics,Australia,7.0,2021-06-23,Partner,Devon Wallace,Churned
104096,Catalyst Media Industries,Logistics,United States,135.0,2021-04-14,Referral,Elena Torres,Active
104097,Sable Retail Corp.,Financial Services,Canada,,2021-12-09,Organic Search,,Churned
104098,Driftwood Analytics Corp.,SaaS,United States,17.0,2022-01-10,Partner,Marcus Webb,Churned
104099,Basalt Systems Industries,Logistics,United States,49.0,2022-12-21,Content/Social,,Churned
104100,Thornbury Systems Technologies,Retail,Canada,,2022-10-04,Partner,,Active
104101,Driftwood Works Partners (1),SaaS,United States,53.0,2023-11-09,Paid Search,,Active
104102,Wrenfield Analytics Ventures,Financial Services,Australia,13.0,2024-08-09,Outbound Sales,Sam O'Rourke,Active
104103,Vantage Works LLC,Logistics,India,23.0,2022-10-19,Outbound Sales,Elena Torres,Active
104104,Keystone Finance Systems,Media,France,16.0,2021-02-04,Content/Social,,Churned
104105,Northwind Digital Inc. (1),Healthcare,Canada,9.0,2021-10-13,Organic Search,Farah Sultan,Active
104106,Harborview Group (1),Financial Services,United States,375.0,2022-05-19,Partner,Jordan Kim,Active
104107,Marrow Data Labs,SaaS,United States,7.0,2022-04-26,Outbound Sales,Farah Sultan,Active
104108,Wrenfield Health Group,Healthcare,India,1.0,2021-05-13,Content/Social,,Active
104109,Brightline Analytics Collective (1),Manufacturing,United States,,2022-04-28,Outbound Sales,Mei Chen,Active
104110,Halcyon Media Holdings,Financial Services,United States,,2021-09-18,Partner,Leo Castillo,Active
104111,Hollowbrook Supply Co.,Logistics,United States,12.0,2021-09-22,Organic Search,Farah Sultan,Churned
104112,Brackenridge Health Inc.,Financial Services,United Kingdom,,2023-05-07,Paid Search,,Active
104113,Marrow Media Networks (1),Media,United States,,2021-11-26,Organic Search,Priya Anand,Churned
104114,Steadfast Retail Labs (2),Manufacturing,United States,13.0,2022-01-08,Partner,Marcus Webb,Active
104115,Steadfast Systems Co. (1),Education,Japan,2.0,2022-03-04,Paid Search,Mei Chen,Paused
104116,Windward Retail Solutions,Media,Canada,4.0,2022-03-03,Outbound Sales,Owen Fitzgerald,Active
104117,Fallowmere Learning Industries (1),Media,United States,19.0,2021-06-19,Content/Social,,Active
104118,Fernway Health Networks,Healthcare,United States,3.0,2022-05-18,Content/Social,Owen Fitzgerald,Active
104119,Pinecrest Co. (2),Healthcare,India,12.0,2021-09-06,Outbound Sales,Grace Lin,Churned
104120,Vertex Data Networks,Manufacturing,United States,127.0,2022-07-25,Partner,Mei Chen,Active
104121,Orbital Health Ventures,SaaS,United Kingdom,31.0,2021-04-08,Paid Search,,Active
104122,Hollowbrook Media Industries (1),Manufacturing,Canada,21.0,2024-12-18,Referral,Devon Wallace,Active
104123,Anchor Cloud Industries (1),Financial Services,United States,5.0,2022-12-15,Referral,,Churned
104124,Vertex Freight LLC,Media,United States,25.0,2021-10-17,Partner,,Active
104125,Catalyst Freight Holdings (1),Retail,United States,14.0,2021-08-21,Organic Search,,Churned
104126,Windward Robotics Inc.,Education,United States,27.0,2021-10-26,Paid Search,,Active
104127,Quarrystone Works Group,Education,United Kingdom,52.0,2022-10-21,Outbound Sales,Tariq Rahman,Active
104128,Tidewater Works Labs,SaaS,United States,65.0,2022-07-26,Referral,Leo Castillo,Churned
104129,Granite Supply Inc.,Education,Brazil,24.0,2022-09-25,Partner,Elena Torres,Churned
104130,Ironclad Retail Systems,Manufacturing,India,39.0,2023-10-11,Referral,,Churned
104131,Windward Robotics Group,Financial Services,United States,10.0,2021-11-16,Partner,Elena Torres,Active
104132,Brackenridge Finance Networks,Education,United States,88.0,2022-08-06,Referral,,Active
104133,Fallowmere Data Systems (2),Healthcare,United States,6.0,2021-11-26,Partner,,Active
104134,Vantage Finance Technologies,Education,United States,,2022-06-28,Outbound Sales,Priya Anand,Active
104135,Keystone Finance Group,Retail,United Kingdom,100.0,2021-12-25,Organic Search,,Active
104136,Beacon Logic Ventures,Healthcare,United States,11.0,2023-01-21,Organic Search,,Active
104137,Cinder Health Partners,SaaS,United States,4.0,2021-01-24,Content/Social,Hannah Ostrowski,Churned
104138,Cobalt Analytics Collective,SaaS,United States,12.0,2021-06-23,Organic Search,,Churned
104139,Vertex Logic Ventures,Retail,United States,,2021-08-07,Outbound Sales,Marcus Webb,Churned
104140,Orbital Data Systems,Retail,United Kingdom,1.0,2024-04-08,Paid Search,Isaac Brennan,Active
104141,Lattice Health Partners,Manufacturing,South Africa,23.0,2022-01-15,Partner,Tariq Rahman,Active
104142,Ridgeline Robotics Collective,Retail,United Kingdom,9.0,2021-09-12,Organic Search,Jordan Kim,Active
104143,Silverline Digital Group,Healthcare,Japan,16.0,2021-10-21,Referral,Devon Wallace,Churned
104144,Cinder Learning Partners (1),Retail,United Kingdom,13.0,2021-11-21,Referral,,Active
104145,Marrow Health Group,Financial Services,United States,70.0,2023-08-28,Paid Search,Hannah Ostrowski,Churned
104146,Orbital Retail Co.,Retail,Australia,22.0,2024-06-23,Referral,,Active
104147,Fieldstone Solutions,Healthcare,United States,75.0,2023-06-01,Content/Social,Devon Wallace,Churned
104148,Catalyst Robotics Inc.,SaaS,United States,107.0,2023-06-10,Outbound Sales,Farah Sultan,Active
104149,Meridian Robotics Systems,Education,Germany,21.0,2021-05-10,Content/Social,Jordan Kim,Active
104150,Sable Logic Ventures,Healthcare,United Kingdom,,2021-07-18,Partner,Devon Wallace,Active
104151,Granite Logic Technologies (1),Manufacturing,Germany,33.0,2022-05-10,Outbound Sales,Priya Anand,Active
104152,Redwood Finance Systems,Logistics,United States,42.0,2022-07-28,Referral,,Active
104153,Vantage Finance Collective,Financial Services,India,4.0,2021-05-09,Content/Social,Elena Torres,Churned
104154,Aldergate Finance Networks (1),Education,United States,27.0,2022-11-13,Referral,Mei Chen,Active
104155,Copperfield Systems Solutions,Media,United States,14.0,2021-05-23,Organic Search,Jordan Kim,Active
104156,Vantage Health LLC (1),Healthcare,Australia,12.0,2021-07-11,Partner,Owen Fitzgerald,Churned
104157,Cobalt Media Co.,Retail,United States,8.0,2021-08-02,Content/Social,,Active
104158,Quarrystone Freight LLC,Manufacturing,India,9.0,2023-06-10,Referral,,Active
104159,Quarrystone Finance Labs (1),Manufacturing,Australia,103.0,2022-11-11,Paid Search,Mei Chen,Active
104160,Brackenridge Media Inc.,Financial Services,Australia,13.0,2022-02-18,Outbound Sales,Owen Fitzgerald,Active
104161,Lumen Retail Inc. (1),Financial Services,United States,89.0,2023-04-20,Partner,Grace Lin,Active
104162,Lumen Systems Group,SaaS,United States,24.0,2023-03-16,Organic Search,Farah Sultan,Active
104163,Lumen Learning LLC,Education,Germany,5.0,2021-10-12,Partner,Priya Anand,Active
104164,Silverline Holdings,Education,United Kingdom,26.0,2023-01-15,Referral,,Churned
104165,Brackenridge Health Holdings,Education,United States,4.0,2021-05-05,Organic Search,,Churned
104166,Redwood Health Group (1),Healthcare,United States,44.0,2022-01-06,Outbound Sales,Isaac Brennan,Active
104167,Quarrystone Works Solutions (1),Retail,United States,15.0,2021-03-18,Organic Search,,Churned
104168,Amberlight Retail Technologies,Education,South Africa,61.0,2021-11-25,Partner,Sam O'Rourke,Active
104169,Cascade Analytics Collective,Education,United States,129.0,2022-01-15,Paid Search,,Active
104170,Fernway Networks (1),Retail,Canada,2.0,2021-02-02,Partner,Devon Wallace,Churned
104171,Sable Systems LLC,SaaS,United States,,2021-12-28,Organic Search,,Active
104172,Aldergate Finance Industries,Financial Services,United States,4.0,2022-07-10,Content/Social,,Churned
104173,Silverline Cloud Collective,SaaS,United Kingdom,332.0,2022-05-21,Partner,Mei Chen,Churned
104174,Fieldstone Logic Holdings,Retail,Australia,11.0,2021-02-26,Organic Search,,Active
104175,Northwind Finance Industries,Manufacturing,United States,4.0,2021-03-28,Content/Social,,Churned
104176,Driftwood Finance Partners,Healthcare,United States,370.0,2021-09-04,Referral,Leo Castillo,Active
104177,Quarrystone Works LLC,Financial Services,United Kingdom,,2023-06-06,Referral,,Active
104178,Meridian Systems Systems,Manufacturing,United States,,2023-08-19,Content/Social,,Churned
104179,Vertex Works Inc.,Retail,United States,4.0,2021-08-22,Content/Social,,Churned
104180,Copperfield Finance LLC (2),Retail,United Kingdom,24.0,2022-10-24,Outbound Sales,Jordan Kim,Churned
104181,Redwood Media Labs,Healthcare,United States,21.0,2022-04-16,Content/Social,Grace Lin,Churned
104182,Copperfield Data LLC (1),Financial Services,United Kingdom,7.0,2024-10-05,Organic Search,,Active
104183,Vertex Retail Industries,Education,United States,11.0,2021-03-20,Organic Search,Marcus Webb,Active
104184,Cinder Works Holdings,SaaS,India,22.0,2022-02-19,Paid Search,Hannah Ostrowski,Churned
104185,Sable Works Corp.,Financial Services,Canada,112.0,2022-04-14,Organic Search,Hannah Ostrowski,Paused
104186,Vantage Cloud Partners,Manufacturing,Canada,,2021-08-18,Outbound Sales,Sam O'Rourke,Active
104187,Thornbury Freight Technologies,Media,India,10.0,2021-01-06,Organic Search,,Active
104188,Lattice Retail Co.,Education,United Kingdom,15.0,2021-02-23,Referral,Farah Sultan,Active
104189,Solstice Ventures,Manufacturing,United States,55.0,2021-11-02,Paid Search,Tariq Rahman,Active
104190,Anchor Robotics Corp.,Media,United States,178.0,2022-09-24,Organic Search,,Active
104191,Wildflower Works Networks (1),Manufacturing,United States,5.0,2022-09-24,Partner,Farah Sultan,Active
104192,Catalyst Health Partners,Education,India,85.0,2021-05-20,Paid Search,Priya Anand,Active
104193,Overlook Learning Industries,Education,United States,13.0,2023-07-23,Outbound Sales,Nadia Petrov,Active
104194,Basalt Ventures (1),Logistics,United States,2.0,2021-09-26,Partner,Devon Wallace,Active
104195,Basalt Networks (1),Media,United States,2.0,2024-07-05,Referral,,Active
104196,Sable Logic LLC,Retail,United Kingdom,114.0,2021-03-16,Content/Social,,Active
104197,Windward Analytics Ventures,Financial Services,United States,133.0,2023-05-19,Content/Social,Elena Torres,Churned
104198,Wrenfield Media Corp.,Manufacturing,United States,10.0,2023-11-27,Paid Search,Grace Lin,Active
104199,Catalyst Retail Networks,Education,United Kingdom,15.0,2023-04-21,Outbound Sales,Leo Castillo,Active
104200,Copperfield Works Networks,Financial Services,Germany,2.0,2023-03-17,Organic Search,Nadia Petrov,Churned
104201,Granite Systems (1),Education,India,54.0,2021-09-16,Organic Search,,Active
104202,Hollowbrook Logic Partners,Financial Services,United States,19.0,2022-10-05,Outbound Sales,Jordan Kim,Churned
104203,Driftwood LLC (2),Manufacturing,Canada,3.0,2022-04-09,Outbound Sales,Tariq Rahman,Active
104204,Cobalt Freight Co.,Manufacturing,United States,26.0,2021-11-13,Partner,Farah Sultan,Active
104205,Halcyon Cloud Partners,Logistics,United States,3.0,2024-11-25,Outbound Sales,Priya Anand,Active
104206,Vertex Freight Ventures (1),Logistics,United States,41.0,2021-07-25,Partner,,Active
104207,Meridian Analytics Ventures,Manufacturing,United States,,2021-10-18,Referral,,Active
104208,Northwind Collective (1),Media,United Kingdom,31.0,2023-11-03,Paid Search,Hannah Ostrowski,Active
104209,Meridian Logic Industries,Media,United States,9.0,2021-07-21,Paid Search,,Active
104210,Nimbus Learning Inc.,Healthcare,Canada,1.0,2021-04-13,Referral,Devon Wallace,Active
104211,Orbital Health Industries,Logistics,United Kingdom,73.0,2021-08-19,Outbound Sales,Farah Sultan,Churned
104212,Overlook Finance Holdings,Education,United States,79.0,2022-12-13,Paid Search,Marcus Webb,Active
104213,Hollowbrook Solutions (1),Media,United States,,2023-07-21,Referral,,Active
104214,Redwood Health Corp.,Retail,India,29.0,2021-03-07,Organic Search,Grace Lin,Churned
104215,Tidewater Analytics LLC,Healthcare,United States,36.0,2022-06-05,Referral,Owen Fitzgerald,Active
104216,Hollowbrook Robotics Partners,Education,United States,37.0,2022-03-07,Organic Search,,Churned
104217,Anchor Ventures (1),Education,United States,189.0,2022-08-26,Paid Search,,Churned
104218,Lattice Robotics Solutions (1),Financial Services,United States,35.0,2022-08-03,Paid Search,Mei Chen,Active
104219,Clearwater Cloud Solutions,Retail,United States,13.0,2024-06-09,Organic Search,,Active
104220,Fieldstone Retail LLC,Retail,Australia,35.0,2021-09-10,Referral,Nadia Petrov,Active
104221,Aldergate Digital Systems,Manufacturing,United States,11.0,2021-08-24,Content/Social,Leo Castillo,Active
104222,Amberlight Finance Ventures,SaaS,United States,5.0,2022-04-11,Organic Search,Hannah Ostrowski,Active
104223,Lattice Partners,SaaS,India,98.0,2021-11-26,Referral,Devon Wallace,Churned
104224,Catalyst Retail Labs,Logistics,Canada,40.0,2021-12-28,Referral,Farah Sultan,Active
104225,Summit Finance Group (3),Logistics,United Kingdom,2.0,2021-02-19,Outbound Sales,,Churned
104226,Fernway Freight Systems (1),SaaS,United States,8.0,2021-04-10,Organic Search,Tariq Rahman,Churned
104227,Tidewater Collective (1),Retail,Netherlands,54.0,2024-02-17,Paid Search,,Churned
104228,Solstice Partners (1),Healthcare,United States,,2021-02-19,Content/Social,Sam O'Rourke,Churned
104229,Fieldstone Retail Technologies,Education,United States,8.0,2022-04-04,Content/Social,,Churned
104230,Tidewater Media Networks,Retail,United Kingdom,639.0,2022-12-24,Referral,Nadia Petrov,Churned
104231,Aldergate Retail Industries,Logistics,United States,13.0,2021-01-13,Referral,Elena Torres,Churned
104232,Wildflower Finance Corp. (1),Financial Services,United Kingdom,82.0,2021-06-24,Paid Search,Owen Fitzgerald,Active
104233,Marrow LLC,Education,South Africa,141.0,2021-09-18,Paid Search,,Churned
104234,Ridgeline LLC,Retail,United States,,2022-01-25,Paid Search,Isaac Brennan,Active
104235,Thornbury Retail Co.,Healthcare,United States,28.0,2021-09-03,Outbound Sales,Priya Anand,Churned
104236,Windward Digital Collective,Manufacturing,United States,292.0,2022-07-02,Organic Search,,Active
104237,Granite Health Technologies,Manufacturing,United States,37.0,2021-06-04,Paid Search,,Active
104238,Vantage LLC (2),Retail,India,435.0,2021-01-25,Paid Search,Nadia Petrov,Active
104239,Wildflower Systems (1),Financial Services,Netherlands,9.0,2021-01-28,Paid Search,,Churned
104240,Brightline Health Group,Retail,India,,2021-09-28,Organic Search,Sam O'Rourke,Active
104241,Ridgeline Systems (1),Financial Services,South Africa,21.0,2021-09-10,Referral,Devon Wallace,Churned
104242,Vantage Logic Networks,Retail,United States,13.0,2024-04-08,Referral,,Churned
104243,Tidewater Partners,Logistics,United States,46.0,2021-01-10,Referral,Elena Torres,Active
104244,Ridgeline Retail Solutions,Healthcare,United States,17.0,2022-02-23,Referral,,Churned
104245,Crestline Health Labs,Financial Services,Canada,18.0,2022-04-08,Partner,Jordan Kim,Active
104246,Bluepeak Freight Co.,Manufacturing,United States,38.0,2022-09-16,Organic Search,Sam O'Rourke,Active
104247,Overlook Analytics Inc.,SaaS,United States,2.0,2022-07-19,Organic Search,Leo Castillo,Active
104248,Harborview Technologies (1),Retail,United States,7.0,2021-01-11,Partner,Tariq Rahman,Churned
104249,Palisade Technologies (1),Logistics,United States,51.0,2022-06-14,Outbound Sales,Hannah Ostrowski,Active
104250,Sable Works Partners,Manufacturing,United Kingdom,,2021-08-19,Referral,Marcus Webb,Active
104251,Beacon Freight Collective,Retail,australia,32.0,2022-12-23,Organic Search,Priya Anand,Active
104252,Silverline Analytics Ventures,Financial Services,United States,29.0,2021-05-06,Paid Search,Isaac Brennan,Active
104253,Amberlight Learning Industries,Media,United States,34.0,2022-10-15,Paid Search,Leo Castillo,Paused
104254,Bluepeak Partners (2),Retail,United States,70.0,2022-06-05,Partner,Tariq Rahman,Churned
104255,Sable Retail Corp. (1),Healthcare,United States,3.0,2022-07-01,Referral,Isaac Brennan,Active
104256,Hollowbrook Works Group,Retail,United States,10.0,2021-05-19,Paid Search,Farah Sultan,Active
104257,Tidewater Learning Technologies (1),Manufacturing,United Kingdom,18.0,2022-08-14,Paid Search,Tariq Rahman,Churned
104258,Meridian Logic Collective,Education,United Kingdom,26.0,2022-11-08,Organic Search,,Active
104259,Brackenridge Retail Solutions (1),Education,United Kingdom,1.0,2021-12-02,Organic Search,,Active
104260,Clearwater Logic Labs,Financial Services,Canada,,2021-09-27,Referral,Tariq Rahman,Active
104261,Ridgeline Technologies,Healthcare,United States,20.0,2021-04-24,Organic Search,Jordan Kim,Active
104262,Anchor Logic Partners (2),Education,India,75.0,2021-07-27,Content/Social,Tariq Rahman,Active
104263,Hollowbrook Cloud Corp. (2),Media,United Kingdom,12.0,2022-12-04,Outbound Sales,Devon Wallace,Active
104264,Amberlight Systems Co. (1),Media,United States,8.0,2021-10-01,Content/Social,,Active
104265,Meridian Data Labs,Media,United States,,2022-09-07,Content/Social,Grace Lin,Active
104266,Orbital Systems Collective,SaaS,United States,13.0,2022-11-03,Content/Social,,Active
104267,Lumen Analytics Solutions,Financial Services,United States,63.0,2022-08-13,Content/Social,,Active
104268,Ironclad Data LLC (1),Financial Services,United States,15.0,2022-08-19,Organic Search,Nadia Petrov,Active
104269,Orbital Logic Group,Logistics,United States,5.0,2022-05-06,Paid Search,,Churned
104270,Ironclad Supply Holdings,Financial Services,Germany,127.0,2022-01-12,Paid Search,,Active
104271,Brackenridge Logic Solutions,Retail,Australia,100.0,2021-05-16,Outbound Sales,Tariq Rahman,Active
104272,Fieldstone Media LLC (1),Healthcare,United Kingdom,6.0,2023-06-09,Outbound Sales,Owen Fitzgerald,Active
104273,Crestline Retail Inc. (1),Retail,India,34.0,2024-07-13,Paid Search,,Active
104274,Steadfast Supply Systems,Financial Services,Japan,13.0,2021-12-17,Partner,Priya Anand,Churned
104275,Vantage Finance Networks (1),Healthcare,United States,45.0,2024-02-27,Partner,Grace Lin,Active
104276,Orbital Learning Collective,Education,United States,6.0,2024-12-09,Outbound Sales,Jordan Kim,Active
104277,Meridian Cloud Co.,Retail,United Kingdom,62.0,2021-12-03,Referral,Marcus Webb,Active
104278,Harborview Works LLC,Education,Germany,,2022-10-25,Paid Search,,Active
104279,Tidewater Media Industries,Education,Canada,,2022-07-17,Referral,,Churned
104280,Ironclad Health Holdings,Manufacturing,USA,22.0,2021-06-14,Paid Search,,Active
104281,Orbital Freight Industries,Logistics,India,98.0,2021-01-21,Outbound Sales,Priya Anand,Active
104282,Clearwater Systems Solutions,SaaS,United States,5.0,2021-11-28,Organic Search,Owen Fitzgerald,Active
104283,Solstice Inc. (1),SaaS,United States,8.0,2023-01-04,Organic Search,Isaac Brennan,Churned
104284,Beacon Logic Solutions (1),Financial Services,United States,47.0,2021-08-25,Referral,,Paused
104285,Steadfast Logic Systems (1),Education,India,16.0,2023-01-18,Referral,,Churned
104286,Wrenfield Logic Collective (1),Media,United States,,2022-07-17,Organic Search,,Active
104287,Clearwater Robotics Co.,Retail,United States,13.0,2022-09-25,Content/Social,,Active
104288,Harborview Cloud Labs,Financial Services,India,194.0,2021-07-09,Paid Search,,Active
104289,Basalt Learning Labs,Education,United States,293.0,2021-12-23,Content/Social,,Active
104290,Sable Health LLC (1),MANUFACTURING,Canada,9.0,2021-05-16,Paid Search,,Active
104291,Wildflower Technologies (1),Education,United States,6.0,2021-06-27,Paid Search,,Active
104292,Tidewater Solutions (1),education,United Kingdom,11.0,2021-02-14,Content/Social,Mei Chen,Paused
104293,Brightline Supply Systems (1),Retail,United States,209.0,2021-03-21,Outbound Sales,Tariq Rahman,Active
104294,Marrow Holdings (1),Financial Services,Singapore,60.0,2021-05-14,Outbound Sales,Elena Torres,Active
104295,Quarrystone Systems Ventures,Education,Germany,135.0,2022-04-12,Outbound Sales,Mei Chen,Churned
104296,Halcyon Digital Inc. (1),SaaS,United States,74.0,2021-11-11,Organic Search,Mei Chen,Churned
104297,Meridian Digital Industries,Logistics,United Kingdom,4.0,2021-07-26,Partner,,Active
104298,Wildflower Finance Inc.,Manufacturing,Canada,6.0,2023-07-24,Paid Search,Tariq Rahman,Active
104299,Marrow Health Corp.,Manufacturing,United States,8.0,2022-01-07,Partner,Mei Chen,Active
104300,Ironclad Analytics Inc. (1),Education,United Kingdom,10.0,2023-12-25,Content/Social,Nadia Petrov,Churned
104301,Beacon Systems (1),Logistics,Australia,8.0,2022-06-17,Partner,Sam O'Rourke,Active
104302,Vantage Digital Solutions,SaaS,United States,10.0,2021-01-03,Outbound Sales,Jordan Kim,Churned
104303,Cinder Corp. (1),Logistics,Germany,46.0,2023-12-22,Outbound Sales,Leo Castillo,Active
104304,Driftwood Finance LLC,Retail,United States,24.0,2023-07-05,Referral,,Churned
104305,Driftwood Systems Systems,Logistics,Germany,98.0,2022-06-25,Organic Search,Devon Wallace,Active
104306,Solstice Freight Collective (1),SaaS,Singapore,28.0,2022-02-13,Content/Social,,Active
104307,Redwood Logic Corp. (1),Healthcare,United States,8.0,2021-11-26,Outbound Sales,Priya Anand,Active
104308,Summit Freight Industries,Education,United States,26.0,2021-12-14,Referral,,Active
104309,Catalyst Data Labs,Manufacturing,United Kingdom,,2022-12-03,Partner,Farah Sultan,Churned
104310,Clearwater Partners,SaaS,Australia,1.0,2022-01-22,Paid Search,,Churned
104311,Silverline Corp. (2),Healthcare,United States,46.0,2021-05-21,Partner,Nadia Petrov,Churned
104312,Hollowbrook Corp. (1),Media,United States,75.0,2021-02-09,Partner,,Active
104313,Tidewater Systems Co.,Retail,Canada,22.0,2021-03-06,Organic Search,Farah Sultan,Churned
104314,Cobalt Robotics Corp.,Logistics,United States,12.0,2021-06-25,Paid Search,Marcus Webb,Active
104315,Fallowmere Freight Labs,Manufacturing,United Kingdom,4.0,2021-09-22,Outbound Sales,Tariq Rahman,Active
104316,Brightline Logic Inc.,Logistics,United Kingdom,92.0,2023-10-09,Paid Search,,Active
104317,Northwind Corp.,Logistics,Singapore,38.0,2021-06-20,Content/Social,,Active
104318,Catalyst Retail Systems,Retail,United States,,2021-08-07,Paid Search,Isaac Brennan,Active
104319,Silverline Retail Partners,Logistics,Germany,20.0,2021-06-06,Organic Search,,Active
104320,Marrow Supply LLC (1),Financial Services,United Kingdom,,2022-02-19,Paid Search,,Active
104321,Amberlight Collective,Healthcare,Germany,5.0,2022-06-24,Partner,Marcus Webb,Active
104322,Windward Supply Inc.,Logistics,United States,28.0,2022-02-26,Referral,Hannah Ostrowski,Active
104323,Brackenridge Supply Collective (1),Financial Services,United Kingdom,,2024-05-13,Partner,Grace Lin,Active
104324,Basalt Digital Inc.,Manufacturing,Canada,12.0,2024-12-05,Content/Social,,Active
104325,Sable Finance Inc.,Education,Canada,187.0,2023-05-16,Outbound Sales,Tariq Rahman,Active
104326,Catalyst Partners (1),healthcare,United States,19.0,2023-03-20,Organic Search,Hannah Ostrowski,Active
104327,Catalyst Media Holdings,Logistics,United States,1.0,2021-09-28,Paid Search,Priya Anand,Active
104328,Summit Labs (2),Media,United States,10.0,2022-04-04,Content/Social,,Active
104329,Lumen Analytics Ventures,Education,United States,5.0,2021-09-19,Organic Search,Jordan Kim,Churned
104330,Solstice Data Holdings,Education,India,17.0,2023-01-15,Content/Social,,Active
104331,Fieldstone Digital Systems (1),saas,Japan,3.0,2021-05-17,Content/Social,Devon Wallace,Churned
104332,Anchor Health Solutions,Manufacturing,United Kingdom,35.0,2021-06-03,Outbound Sales,Marcus Webb,Active
104333,Fernway Freight Collective (1),Logistics,United States,14.0,2021-01-01,Outbound Sales,Mei Chen,Churned
104334,Cobalt Analytics Solutions (1),Logistics,United States,11.0,2022-05-17,Content/Social,,Active
104335,Brightline Learning Collective,Education,United States,24.0,2022-09-06,Partner,Nadia Petrov,Active
104336,Basalt Supply Group (1),Logistics,United States,18.0,2021-01-18,Outbound Sales,,Active
104337,Northwind Networks (1),Media,Canada,17.0,2022-01-01,Referral,Grace Lin,Churned
104338,Silverline Data Industries (1),Education,United States,15.0,2021-09-23,Referral,Priya Anand,Active
104339,Fernway Labs (1),Media,United States,20.0,2023-02-10,Organic Search,Tariq Rahman,Churned
104340,Thornbury Systems Inc.,Retail,India,31.0,2021-01-13,Content/Social,Marcus Webb,Churned
104341,Meridian Systems Group,Manufacturing,United States,,2021-01-10,Outbound Sales,Devon Wallace,Churned
104342,Crestline Supply Solutions,Education,United States,87.0,2022-06-12,Partner,,Active
104343,Meridian Data Systems,Financial Services,United States,10.0,2022-04-15,Paid Search,Nadia Petrov,Active
104344,Ridgeline Supply Collective,Manufacturing,United States,27.0,2023-05-19,Partner,Mei Chen,Active
104345,Sable Supply Solutions,Media,United Kingdom,483.0,2022-04-20,Organic Search,Jordan Kim,Churned
104346,Cascade Analytics Inc.,Education,United States,19.0,2024-04-28,Outbound Sales,Elena Torres,Churned
104347,Brackenridge Digital Co. (1),Financial Services,United Kingdom,20.0,2021-08-06,Paid Search,Leo Castillo,Active
104348,Cascade Data Collective,Financial Services,United States,,2021-10-25,Content/Social,,Paused
104349,Crestline Cloud Partners,Education,United States,8.0,2024-09-17,Outbound Sales,Mei Chen,Active
104350,Meridian Group,Education,United Kingdom,17.0,2021-03-09,Referral,Priya Anand,Active
104351,Harborview Digital Inc. (1),Healthcare,United States,40.0,2023-02-26,Organic Search,Priya Anand,Active
104352,Nimbus Learning Solutions,Education,United States,47.0,2021-01-20,Organic Search,Elena Torres,Active
104353,Solstice Analytics Technologies,Healthcare,United States,31.0,2021-12-06,Organic Search,,Paused
104354,Vantage Technologies (3),Logistics,United States,57.0,2021-04-05,Paid Search,,Active
104355,Palisade Supply Inc.,Education,United States,5.0,2022-05-19,Referral,Mei Chen,Active
104356,Wildflower Finance Systems,Media,South Africa,38.0,2023-02-21,Referral,,Active
104357,Lumen Finance LLC (1),Financial Services,United States,20.0,2021-01-02,Organic Search,,Active
104358,Aldergate Robotics Inc.,Financial Services,United States,24.0,2021-04-18,Outbound Sales,Isaac Brennan,Active
104359,Wildflower Corp.,Healthcare,United States,13.0,2021-09-15,Organic Search,Grace Lin,Active
104360,Catalyst Group,Education,United States,6.0,2021-07-28,Paid Search,,Active
104361,Silverline Logic Collective,Education,India,4.0,2021-10-21,Partner,Nadia Petrov,Churned
104362,Palisade Learning Industries,Education,India,30.0,2024-05-26,Referral,Marcus Webb,Active
104363,Silverline Cloud Ventures,Media,Singapore,38.0,2021-03-01,Outbound Sales,,Active
104364,Brackenridge Data Inc. (1),Education,United States,,2021-11-22,Content/Social,,Active
104365,Keystone Data Industries (3),Media,United States,,2021-11-10,Partner,,Churned
104366,Aldergate Analytics Technologies,SaaS,India,8.0,2021-07-16,Referral,,Churned
104367,Tidewater Health Solutions (2),Healthcare,United States,39.0,2021-07-25,Referral,Jordan Kim,Active
104368,Solstice Collective (2),Manufacturing,United States,,2022-10-25,Partner,Isaac Brennan,Active
104369,Cobalt Systems Group,Financial Services,United States,,2022-06-07,Partner,Sam O'Rourke,Active
104370,Bluepeak Health Co.,Manufacturing,United States,,2023-03-07,Paid Search,Leo Castillo,Paused
104371,Halcyon Freight Group,Education,Canada,,2021-10-21,Outbound Sales,Nadia Petrov,Active
104372,Fernway Holdings (1),Financial Services,Australia,3.0,2022-05-25,Content/Social,Elena Torres,Active
104373,Redwood Logic Co.,Education,United Kingdom,21.0,2023-10-18,Partner,Hannah Ostrowski,Active
104374,Amberlight Health LLC,Logistics,United States,6.0,2023-07-02,Paid Search,,Active
104375,Ironclad Learning Networks,Manufacturing,India,24.0,2023-12-05,Referral,,Active
104376,Fernway Retail Collective,Logistics,United Kingdom,1.0,2021-07-21,Referral,Marcus Webb,Active
104377,Marrow Freight Labs (1),SaaS,Canada,26.0,2024-10-21,Organic Search,,Active
104378,Thornbury Learning Holdings (1),Media,United States,51.0,2023-04-26,Outbound Sales,Hannah Ostrowski,Churned
104379,Hollowbrook Supply Collective,Logistics,Japan,17.0,2023-02-15,Referral,Nadia Petrov,Active
104380,Beacon Freight Inc. (1),Logistics,United States,4.0,2022-08-12,Organic Search,,Active
104381,Orbital Holdings,Education,United Kingdom,256.0,2024-10-04,Organic Search,Leo Castillo,Active
104382,Catalyst Robotics Partners,Financial Services,Canada,90.0,2021-11-22,Partner,Grace Lin,Active
104383,Vantage Digital Holdings,Education,Australia,10.0,2022-11-27,Content/Social,,Churned
104384,Anchor Retail Networks,Logistics,Germany,14.0,2022-09-02,Partner,Hannah Ostrowski,Active
104385,Lattice Retail Networks,Media,United States,2.0,2022-11-14,Content/Social,,Active
104386,Nimbus Partners,Logistics,India,37.0,2022-11-10,Content/Social,,Active
104387,Quarrystone Holdings (1),Logistics,United States,3.0,2021-05-21,Referral,Marcus Webb,Active
104388,Hollowbrook Supply Solutions,Education,United Kingdom,48.0,2021-09-22,Paid Search,,Active
104389,Lumen Health Systems (1),Healthcare,United States,76.0,2021-10-07,Partner,Tariq Rahman,Active
104390,Lattice Digital Labs,Retail,United States,18.0,2022-11-27,Outbound Sales,Grace Lin,Active
104391,Nimbus Data Networks (1),Logistics,Germany,5.0,2022-10-04,Organic Search,,Active
104392,Halcyon Technologies (1),Retail,Canada,102.0,2023-05-22,Content/Social,Marcus Webb,Active
104393,Wildflower Freight Solutions (1),SaaS,United States,20.0,2023-01-21,Organic Search,Marcus Webb,Churned
104394,Lattice Freight Co.,Financial Services,United States,,2022-05-05,Content/Social,Priya Anand,Churned
104395,Vantage Analytics Ventures (1),Manufacturing,United States,6.0,2021-04-19,Referral,Elena Torres,Active
104396,Fallowmere Corp. (1),Manufacturing,United States,26.0,2022-06-08,Paid Search,,Active
104397,Cascade Systems Solutions,Healthcare,United States,15.0,2023-09-08,Content/Social,Elena Torres,Active
104398,Overlook Digital Co.,Education,Germany,4.0,2022-07-03,Partner,Tariq Rahman,Churned
104399,Solstice Cloud Partners,Logistics,United States,115.0,2023-10-21,Outbound Sales,Farah Sultan,Churned
104400,Keystone Data Ventures,Media,United States,198.0,2024-12-23,Outbound Sales,Owen Fitzgerald,Active
104401,Ironclad Technologies (1),Logistics,India,75.0,2021-09-15,Paid Search,Nadia Petrov,Active
104402,Pinecrest Logic Ventures,Media,United States,62.0,2022-10-22,Paid Search,,Active
104403,Driftwood Cloud LLC (2),SaaS,United States,199.0,2022-02-10,Paid Search,,Active
104404,Hollowbrook LLC,Retail,United States,5.0,2021-11-16,Paid Search,,Active
104405,Redwood Learning LLC (1),Retail,United States,5.0,2021-06-23,Organic Search,,Active
104406,Harborview Data Systems,Retail,United States,12.0,2021-06-13,Referral,Leo Castillo,Churned
104407,Palisade Retail Solutions,Media,India,30.0,2021-05-18,Paid Search,,Churned
104408,Vantage Learning Group (1),Manufacturing,United States,14.0,2022-06-05,Referral,,Active
104409,Ironclad Works Networks,Logistics,Canada,5.0,2021-04-15,Organic Search,Mei Chen,Active
104410,Driftwood Logic Technologies,Healthcare,Germany,20.0,2021-11-24,Organic Search,Sam O'Rourke,Active
104411,Clearwater Works Ventures,Logistics,Canada,18.0,2022-01-22,Content/Social,,Active
104412,Aldergate Digital Inc.,Logistics,Singapore,60.0,2021-11-09,Content/Social,Owen Fitzgerald,Churned
104413,Catalyst Robotics Ventures,SaaS,Germany,21.0,2023-07-16,Partner,Tariq Rahman,Active
104414,Summit Digital Solutions,Media,Canada,2.0,2021-11-18,Paid Search,Sam O'Rourke,Active
104415,Nimbus Data Co.,SaaS,United States,33.0,2021-02-27,Outbound Sales,Isaac Brennan,Churned
104416,Hollowbrook Data Solutions,Financial Services,United States,157.0,2024-11-24,Paid Search,Grace Lin,Churned
104417,Basalt Holdings,Retail,India,21.0,2023-06-23,Referral,Tariq Rahman,Churned
104418,Orbital Robotics Partners,Education,Canada,72.0,2022-07-22,Content/Social,,Churned
104419,Crestline Health Industries,SaaS,Canada,10.0,2022-12-11,Organic Search,,Active
104420,Cinder Freight Holdings,Media,United Kingdom,42.0,2021-03-11,Content/Social,,Active
104421,Cobalt Media Collective,Financial Services,Canada,8.0,2022-12-14,Outbound Sales,Sam O'Rourke,Active
104422,Sable Robotics Solutions (1),Media,India,15.0,2021-05-12,Organic Search,,Active
104423,Windward Finance Solutions (1),Financial Services,United Kingdom,15.0,2021-12-27,Paid Search,,Churned
104424,Granite Logic Collective,Education,United States,37.0,2021-05-25,Partner,Mei Chen,Churned
104425,Palisade Analytics Corp. (1),Manufacturing,United States,7.0,2022-12-26,Referral,,Active
104426,Northwind Health Holdings,Logistics,United States,,2021-06-18,Paid Search,,Churned
104427,Vertex Freight Ventures (2),Healthcare,United States,37.0,2021-07-06,Paid Search,Priya Anand,Churned
104428,Fernway Works Corp.,Education,United States,35.0,2021-03-05,Content/Social,Grace Lin,Churned
104429,Summit Supply Holdings,Healthcare,United States,23.0,2022-10-08,Organic Search,Priya Anand,Churned
104430,Solstice Cloud Inc. (1),SaaS,germany,68.0,2021-08-19,Content/Social,,Active
104431,Cobalt Analytics Inc.,Media,United States,15.0,2022-01-11,Outbound Sales,Tariq Rahman,Active
104432,Wrenfield Group,Education,India,29.0,2021-08-19,Organic Search,Jordan Kim,Active
104433,Harborview Supply Holdings,Healthcare,United States,13.0,2022-12-25,Organic Search,,Active
104434,Fernway Holdings (2),Media,Canada,14.0,2021-06-10,Partner,Devon Wallace,Churned
104435,Cinder Learning Systems,Media,United States,31.0,2024-03-26,Referral,,Active
104436,Beacon Learning Collective,Logistics,United Kingdom,382.0,2021-08-15,Paid Search,Marcus Webb,Churned
104437,Pinecrest Logic Labs,Financial Services,United Kingdom,53.0,2021-03-23,Organic Search,,Active
104438,Windward Labs (2),SaaS,United States,41.0,2021-06-02,Content/Social,,Active
104439,Windward Digital Co. (1),Financial Services,United Kingdom,55.0,2021-02-08,Outbound Sales,Devon Wallace,Active
104440,Clearwater Analytics Industries,Financial Services,India,1.0,2021-12-27,Referral,Farah Sultan,Churned
104441,Overlook Analytics Group,Retail,Canada,30.0,2021-06-25,Organic Search,Priya Anand,Active
104442,Quarrystone Networks (1),Education,United States,66.0,2023-09-16,Referral,Marcus Webb,Active
104443,Silverline Freight Industries,Financial Services,Germany,22.0,2022-01-01,Partner,Elena Torres,Active
104444,Windward Systems Networks (1),Logistics,United States,19.0,2021-06-02,Paid Search,Devon Wallace,Churned
104445,Amberlight Cloud Group (1),SaaS,United States,6.0,2021-11-12,Content/Social,Isaac Brennan,Active
104446,Overlook Inc.,Manufacturing,United States,11.0,2021-05-26,Partner,Owen Fitzgerald,Active
104447,Pinecrest Digital Technologies,Education,United States,7.0,2021-05-11,Organic Search,Elena Torres,Active
104448,Ridgeline Learning Systems,Retail,United States,,2021-08-25,Content/Social,Leo Castillo,Active
104449,Vantage Media Industries (1),Healthcare,Canada,141.0,2021-03-15,Outbound Sales,Farah Sultan,Active
104450,Northwind Logic Partners,Media,United Kingdom,249.0,2021-05-04,Outbound Sales,Grace Lin,Churned
104451,Vantage Collective,Healthcare,Japan,7.0,2024-02-16,Paid Search,Priya Anand,Churned
104452,Sable Data LLC,Manufacturing,United States,8.0,2022-08-11,Content/Social,,Active
104453,Fieldstone Robotics Holdings (1),Education,United Kingdom,8.0,2023-12-07,Referral,Priya Anand,Churned
104454,Meridian Systems (1),Logistics,United States,5.0,2021-07-19,Partner,,Active
104455,Fernway Data Ventures,Manufacturing,United States,5.0,2023-07-06,Organic Search,,Churned
104456,Keystone Digital Technologies,Media,United States,10.0,2021-09-26,Organic Search,,Active
104457,Cascade Data Networks,Logistics,India,63.0,2021-04-23,Content/Social,Marcus Webb,Active
104458,Copperfield Partners (1),Retail,India,8.0,2023-03-22,Referral,Leo Castillo,Churned
104459,Keystone Finance Systems (1),Media,United States,79.0,2021-02-03,Paid Search,,Active
104460,Fernway Finance Corp. (1),Logistics,United States,119.0,2021-10-27,Partner,Farah Sultan,Active
104461,Northwind Works Collective,SaaS,United States,29.0,2023-04-14,Organic Search,Hannah Ostrowski,Active
104462,Overlook Systems Partners (1),Financial Services,United States,99.0,2022-06-21,Content/Social,Elena Torres,Active
104463,Fieldstone Data Technologies (1),Healthcare,India,3.0,2022-01-06,Content/Social,Nadia Petrov,Churned
104464,Driftwood Health Systems,Logistics,United States,10.0,2021-09-22,Paid Search,,Active
104465,Bluepeak Finance Industries,Healthcare,Canada,26.0,2021-02-09,Referral,,Churned
104466,Brightline Robotics Collective,Retail,South Africa,27.0,2024-11-20,Content/Social,Isaac Brennan,Active
104467,Redwood Analytics Holdings (1),SaaS,United States,,2021-05-08,Content/Social,,Active
104468,Granite Inc.,Media,Germany,5.0,2021-07-27,Referral,Nadia Petrov,Active
104469,Bluepeak Health Co. (1),SaaS,Canada,10.0,2021-06-20,Outbound Sales,Hannah Ostrowski,Active
104470,Overlook Finance Co.,Healthcare,United States,18.0,2023-11-13,Outbound Sales,Priya Anand,Churned
104471,Lumen Retail Systems,Education,Canada,10.0,2022-12-13,Paid Search,,Active
104472,Fernway Robotics Co.,SaaS,United States,5.0,2021-11-01,Outbound Sales,Jordan Kim,Active
104473,Meridian Logic Group,Retail,India,11.0,2024-05-09,Organic Search,,Active
104474,Hollowbrook Collective (1),Logistics,India,15.0,2021-02-23,Organic Search,Devon Wallace,Active
104475,Harborview Cloud Holdings,Financial Services,Australia,132.0,2023-10-24,Organic Search,Hannah Ostrowski,Active
104476,Vertex Media Partners,Healthcare,India,,2021-02-28,Partner,,Churned
104477,Quarrystone Media Corp.,Media,Canada,,2021-10-03,Organic Search,,Active
104478,Clearwater Systems (3),SaaS,United States,105.0,2021-02-08,Organic Search,,Churned
104479,Ridgeline Health Co. (1),Healthcare,Singapore,10.0,2024-12-22,Paid Search,Farah Sultan,Active
104480,Halcyon Retail Inc. (1),Media,United Kingdom,28.0,2023-12-11,Paid Search,Tariq Rahman,Churned
104481,Pinecrest Retail Co.,Media,Canada,42.0,2022-04-07,Content/Social,,Churned
104482,Cobalt Logic Technologies,Financial Services,Australia,34.0,2021-06-08,Referral,Priya Anand,Active
104483,Vantage Data Partners,Logistics,United States,22.0,2021-07-26,Paid Search,,Churned
104484,Summit Data Solutions,Education,United States,8.0,2021-11-25,Content/Social,Priya Anand,Active
104485,Catalyst Logic Corp.,Manufacturing,Canada,48.0,2021-08-01,Paid Search,Sam O'Rourke,Active
104486,Cobalt Robotics Holdings,Logistics,Germany,12.0,2021-01-24,Referral,Jordan Kim,Active
104487,Copperfield Learning Labs,Education,India,21.0,2022-07-16,Partner,Mei Chen,Churned
104488,Thornbury Solutions,Financial Services,United States,25.0,2022-05-24,Partner,Priya Anand,Churned
104489,Windward Finance LLC,Manufacturing,United States,61.0,2023-11-18,Paid Search,,Active
104490,Hollowbrook Group (1),SaaS,United States,246.0,2021-12-20,Outbound Sales,Sam O'Rourke,Churned
104491,Nimbus Labs (2),Financial Services,United States,8.0,2021-09-17,Outbound Sales,Devon Wallace,Active
104492,Crestline Systems Partners,Manufacturing,Australia,22.0,2022-01-21,Outbound Sales,Owen Fitzgerald,Churned
104493,Summit Analytics Labs (1),Financial Services,united kingdom,3.0,2021-05-23,Organic Search,,Active
104494,Bluepeak Health Technologies,Manufacturing,United States,138.0,2022-06-15,Partner,Jordan Kim,Active
104495,Cobalt Supply Inc. (1),Financial Services,United States,21.0,2022-12-04,Referral,Marcus Webb,Active
104496,Aldergate Cloud Partners,Retail,Germany,14.0,2021-04-03,Outbound Sales,Owen Fitzgerald,Active
104497,Solstice Health Holdings,Retail,United Kingdom,21.0,2021-08-12,Content/Social,,Active
104498,Solstice Learning Corp.,education,United States,23.0,2023-08-14,Partner,Marcus Webb,Paused
104499,Fieldstone Logic Industries,Retail,United States,8.0,2022-01-25,Partner,Leo Castillo,Churned
104500,Anchor Data Co. (1),Healthcare,United States,94.0,2022-02-01,Organic Search,Priya Anand,Churned
104501,Catalyst Data Corp.,Education,United States,46.0,2022-10-25,Paid Search,,Active
104502,Fernway Systems (2),SaaS,India,,2022-04-02,Referral,Nadia Petrov,Active
104503,Vantage LLC (3),Financial Services,United States,8.0,2021-02-14,Paid Search,Hannah Ostrowski,Active
104504,Pinecrest Systems Technologies,Healthcare,United States,8.0,2023-03-12,Outbound Sales,Grace Lin,Active
104505,Overlook Analytics Co.,Healthcare,United States,17.0,2023-12-16,Outbound Sales,Elena Torres,Churned
104506,Overlook Digital Networks,Logistics,United States,57.0,2021-02-02,Referral,Mei Chen,Churned
104507,Northwind Digital Labs (2),Logistics,United Kingdom,39.0,2021-03-22,Paid Search,Sam O'Rourke,Churned
104508,Fernway Networks (2),Healthcare,India,7.0,2022-09-04,Content/Social,Priya Anand,Active
104509,Cinder Media Technologies,Logistics,United States,48.0,2022-05-22,Referral,,Active
104510,Copperfield Media Inc.,Retail,United States,6.0,2021-10-16,Referral,Isaac Brennan,Active
104511,Quarrystone Health Systems,Healthcare,Canada,8.0,2022-02-25,Referral,Isaac Brennan,Active
104512,Granite Systems Technologies,Logistics,Germany,25.0,2022-09-28,Paid Search,,Active
104513,Steadfast Data Partners,SaaS,United States,4.0,2022-01-24,Partner,Isaac Brennan,Active
104514,Solstice Robotics Collective,Financial Services,United States,6.0,2021-04-13,Paid Search,Sam O'Rourke,Active
104515,Amberlight Networks (1),Media,germany,151.0,2021-02-12,Referral,Farah Sultan,Active
104516,Northwind Learning Systems,Logistics,United States,119.0,2021-11-19,Paid Search,,Active
104517,Steadfast Systems Partners,Logistics,Singapore,394.0,2023-12-19,Paid Search,Owen Fitzgerald,Churned
104518,Northwind Learning Solutions,Logistics,Canada,36.0,2022-03-23,Organic Search,Mei Chen,Active
104519,Cascade Learning Industries (1),Logistics,United States,46.0,2021-09-14,Paid Search,Sam O'Rourke,Churned
104520,Catalyst Health LLC (1),Financial Services,United States,16.0,2023-11-13,Content/Social,Sam O'Rourke,Active
104521,Steadfast Robotics Holdings,Healthcare,Brazil,13.0,2021-10-04,Partner,,Churned
104522,Beacon Cloud Labs,Financial Services,United States,62.0,2022-01-05,Paid Search,Elena Torres,Churned
104523,Sable Cloud Systems,SaaS,United States,118.0,2021-03-24,Paid Search,,Churned
104524,Solstice Finance Holdings (2),Retail,United States,56.0,2022-11-28,Partner,Mei Chen,Churned
104525,Palisade Freight Corp.,Logistics,United Kingdom,7.0,2022-09-17,Paid Search,Nadia Petrov,Churned
104526,Silverline Partners (1),Retail,Canada,33.0,2023-02-10,Referral,Leo Castillo,Active
104527,Pinecrest Systems Technologies (1),Education,United Kingdom,7.0,2021-08-02,Paid Search,Marcus Webb,Active
104528,Cobalt Freight Holdings (1),Retail,United States,13.0,2021-11-02,Referral,,Active
104529,Fernway Logic Holdings (1),Manufacturing,United Kingdom,,2021-04-19,Content/Social,,Churned
104530,Anchor Learning Systems (1),Financial Services,United Kingdom,4.0,2024-07-18,Paid Search,Sam O'Rourke,Active
104531,Thornbury Group,SaaS,United States,337.0,2021-02-08,Content/Social,,Active
104532,Ironclad Robotics Networks,Healthcare,India,41.0,2022-07-06,Content/Social,Devon Wallace,Churned
104533,Meridian Finance Co.,Manufacturing,United Kingdom,11.0,2022-09-02,Content/Social,Isaac Brennan,Active
104534,Harborview Media Technologies (1),Media,United States,22.0,2021-04-20,Partner,Owen Fitzgerald,Churned
104535,Granite Partners (1),Healthcare,Singapore,8.0,2021-09-17,Partner,Devon Wallace,Active
104536,Vertex Technologies (2),Healthcare,United States,10.0,2021-01-10,Referral,,Active
104537,Thornbury Supply Systems (1),Manufacturing,United States,22.0,2022-03-21,Content/Social,Nadia Petrov,Churned
104538,Solstice Industries (2),Financial Services,United States,13.0,2024-12-24,Paid Search,,Active
104539,Vantage Corp.,SaaS,United States,6.0,2021-11-15,Partner,Farah Sultan,Active
104540,Thornbury Works Holdings,SaaS,United States,15.0,2024-11-08,Outbound Sales,Leo Castillo,Active
104541,Beacon Cloud Partners,Healthcare,United States,4.0,2021-03-01,Paid Search,Jordan Kim,Active
104542,Ironclad Cloud Industries (1),Healthcare,Canada,4.0,2021-10-23,Organic Search,,Active
104543,Wildflower Retail Group (1),SaaS,United Kingdom,4.0,2023-11-17,Paid Search,Nadia Petrov,Active
104544,Thornbury Media Labs (1),Media,United States,,2023-09-10,Organic Search,,Churned
104545,Anchor Logic LLC,Financial Services,India,34.0,2021-08-01,Paid Search,Devon Wallace,Active
104546,Vertex Partners,Manufacturing,India,44.0,2022-08-23,Organic Search,Tariq Rahman,Active
104547,Sable Networks (3),SaaS,United States,20.0,2023-09-26,Organic Search,,Active
104548,Summit Finance Co.,Financial Services,Singapore,39.0,2022-12-14,Referral,Owen Fitzgerald,Active
104549,Vertex Supply Labs,Financial Services,United States,93.0,2022-06-08,Paid Search,Sam O'Rourke,Active
104550,Pinecrest Robotics Corp.,Education,United States,34.0,2021-04-18,Organic Search,,Active
104551,Nimbus Media Ventures,logistics,United States,,2021-02-25,Organic Search,,Active
104552,Driftwood Media LLC,Financial Services,United States,19.0,2022-05-17,Referral,Sam O'Rourke,Active
104553,Lattice Supply Systems (1),Financial Services,United States,44.0,2022-01-01,Paid Search,Jordan Kim,Active
104554,Fernway Media LLC,Logistics,United States,50.0,2021-06-06,Content/Social,,Churned
104555,Silverline Systems Networks,Financial Services,United Kingdom,6.0,2021-08-03,Organic Search,,Active
104556,Catalyst Retail Collective, Financial Services ,Germany,21.0,2021-10-12,Organic Search,Sam O'Rourke,Churned
104557,Lumen Digital Inc.,Retail,Canada,2.0,2021-12-13,Referral,Leo Castillo,Active
104558,Redwood Media Partners,Manufacturing,India,17.0,2021-10-15,Partner,,Active
104559,Fallowmere Collective (2),SaaS,United Kingdom,14.0,2021-10-22,Referral,Mei Chen,Active
104560,Driftwood Freight Systems,Retail,India,13.0,2021-03-04,Organic Search,,Churned
104561,Fallowmere Cloud Industries,Financial Services,United States,12.0,2023-08-27,Referral,Farah Sultan,Churned
104562,Meridian Health Solutions (1),Financial Services,United States,,2022-05-08,Referral,,Active
104563,Hollowbrook Systems LLC (1),SaaS,United States,,2021-04-15,Referral,Nadia Petrov,Active
104564,Hollowbrook Works LLC,Education,United States,225.0,2021-11-06,Content/Social,,Active
104565,Clearwater Robotics Solutions,Logistics,United Kingdom,42.0,2021-10-10,Content/Social,Jordan Kim,Active
104566,Steadfast Partners (1),SaaS,United States,7.0,2022-05-24,Referral,Hannah Ostrowski,Churned
104567,Fallowmere Partners,Financial Services,United States,,2022-05-02,Paid Search,Jordan Kim,Active
104568,Brightline Freight Co. (1),Education,United States,73.0,2022-07-14,Referral,Priya Anand,Active
104569,Clearwater Analytics Group (1),Healthcare,Canada,32.0,2022-09-17,Content/Social,,Churned
104570,Vertex Health Corp.,Education,United States,5.0,2021-03-16,Content/Social,,Paused
104571,Redwood Works Technologies (1),Healthcare,United States,368.0,2021-08-11,Paid Search,Sam O'Rourke,Active
104572,Fernway Works Solutions (1), Retail ,United States,46.0,2021-01-11,Paid Search,Elena Torres,Active
104573,Ironclad Analytics Solutions (1),Media,United States,4.0,2021-11-26,Paid Search,,Active
104574,Quarrystone Partners,Logistics,India,26.0,2021-11-07,Partner,Farah Sultan,Active
104575,Solstice Cloud Technologies,Financial Services,USA,15.0,2022-11-14,Referral,Sam O'Rourke,Active
104576,Amberlight Learning Technologies,SaaS,United States,20.0,2021-04-11,Organic Search,,Active
104577,Cascade Analytics Systems,Retail,France,4.0,2022-06-22,Organic Search,,Churned
104578,Marrow Data Systems,Logistics,United States,22.0,2021-08-23,Organic Search,,Active
104579,Sable Freight Labs,Logistics,United Kingdom,7.0,2021-10-24,Content/Social,Grace Lin,Churned
104580,Orbital Freight Partners,Financial Services,United Kingdom,13.0,2022-10-03,Organic Search,Leo Castillo,Active
104581,Brightline Analytics Co.,Media,United States,33.0,2021-02-03,Organic Search,,Paused
104582,Bluepeak Health Group (1),Retail,United States,11.0,2021-09-11,Outbound Sales,Farah Sultan,Active
104583,Redwood Retail Systems,Financial Services,united states,14.0,2021-10-13,Outbound Sales,Grace Lin,Active
104584,Aldergate Data Collective,SaaS,United States,58.0,2022-10-02,Outbound Sales,Isaac Brennan,Active
104585,Summit Supply Industries,Education,United States,6.0,2021-05-26,Partner,Farah Sultan,Active
104586,Brackenridge Cloud Networks (1),Manufacturing,United Kingdom,9.0,2024-04-26,Paid Search,,Active
104587,Cobalt Holdings (1),Logistics,United States,4.0,2024-12-12,Paid Search,Nadia Petrov,Active
104588,Granite Retail LLC,Media,United States,7.0,2023-04-22,Paid Search,,Churned
104589,Copperfield Supply Networks,Manufacturing,United Kingdom,24.0,2021-08-16,Outbound Sales,Farah Sultan,Churned
104590,Driftwood Collective,Manufacturing,United States,46.0,2022-08-19,Content/Social,Sam O'Rourke,Churned
104591,Vantage Freight Solutions (1),Manufacturing,United Kingdom,7.0,2021-02-25,Organic Search,Tariq Rahman,Active
104592,Windward Robotics Co. (2),Financial Services,United States,44.0,2023-08-03,Partner,Hannah Ostrowski,Churned
104593,Ridgeline Digital Holdings (1),Education,India,23.0,2022-01-07,Outbound Sales,Owen Fitzgerald,Churned
104594,Amberlight Analytics Networks (1),Retail,Canada,3.0,2021-05-12,Content/Social,Leo Castillo,Active
104595,Cobalt Supply Solutions,SaaS,United States,25.0,2021-08-26,Referral,Marcus Webb,Churned
104596,Redwood Logic LLC (1),Media,Canada,95.0,2023-02-17,Paid Search,Farah Sultan,Active
104597,Bluepeak Systems Collective,Financial Services,United States,2.0,2023-08-12,Partner,Marcus Webb,Active
104598,Fernway Data Ventures (1),Media,United States,272.0,2022-01-01,Partner,Devon Wallace,Churned
104599,Hollowbrook Learning Networks (1),SaaS,United States,9.0,2021-12-17,Outbound Sales,,Churned
104600,Clearwater Health Corp.,Financial Services,United States,2.0,2022-11-08,Content/Social,,Active
104601,Orbital Freight Industries (1),Healthcare,Australia,24.0,2023-04-10,Organic Search,Tariq Rahman,Churned
104602,Quarrystone Analytics LLC (1),Media,United States,59.0,2022-12-28,Outbound Sales,Leo Castillo,Active
104603,Amberlight Media Ventures (1),Financial Services,United States,14.0,2021-10-15,Organic Search,Nadia Petrov,Churned
104604,Catalyst Supply Ventures,Manufacturing,Australia,30.0,2022-07-04,Referral,Jordan Kim,Churned
104605,Copperfield Systems Networks,SaaS,United States,316.0,2023-07-02,Organic Search,,Active
104606,Cinder Health Co.,Education,United Kingdom,26.0,2021-04-11,Paid Search,Marcus Webb,Active
104607,Lattice Digital Holdings (1),Financial Services,United States,970.0,2021-10-02,Paid Search,Grace Lin,Active
104608,Brightline Media Co. (1),Education,Netherlands,104.0,2021-02-13,Outbound Sales,Marcus Webb,Active
104609,Driftwood Cloud Corp. (1),Education,United States,21.0,2021-10-12,Content/Social,Grace Lin,Churned
104610,Copperfield Collective (2),SaaS,India,29.0,2022-12-25,Organic Search,Jordan Kim,Active
104611,Cascade Data Holdings,SaaS,United Kingdom,13.0,2021-05-10,Referral,Grace Lin,Active
104612,Solstice Analytics Industries (1),Retail,Netherlands,28.0,2022-02-08,Paid Search,,Active
104613,Fernway Robotics Corp.,Retail,Brazil,42.0,2021-01-18,Organic Search,Leo Castillo,Churned
104614,Lumen Systems Labs,Manufacturing,Canada,12.0,2023-10-18,Organic Search,Farah Sultan,Active
104615,Vantage Finance Systems,Healthcare,United States,3.0,2023-04-02,Referral,,Churned
104616,Keystone Health Solutions,Logistics,United States,112.0,2022-01-03,Content/Social,,Active
104617,Lumen Health Solutions (2),SaaS,Australia,71.0,2022-09-05,Referral,Sam O'Rourke,Active
104618,Wildflower LLC (1),Education,United Kingdom,,2021-03-22,Outbound Sales,Nadia Petrov,Active
104619,Harborview Data Networks,Manufacturing,Australia,25.0,2023-06-06,Outbound Sales,Sam O'Rourke,Active
104620,Palisade Digital Co.,SaaS,Canada,76.0,2022-10-28,Paid Search,Elena Torres,Active
104621,Driftwood Labs,Education,United States,67.0,2021-03-13,Organic Search,,Churned
104622,Catalyst Freight Industries,SaaS,United States,8.0,2024-09-27,Paid Search,Farah Sultan,Active
104623,Sable Data Industries,Media,United States,72.0,2021-01-07,Referral,,Active
104624,Nimbus Collective,Financial Services,India,20.0,2022-06-12,Content/Social,,Active
104625,Brightline Media LLC (2),Media,United States,33.0,2021-05-04,Referral,,Active
104626,Tidewater Digital Solutions,Manufacturing,United States,6.0,2022-10-24,Referral,Marcus Webb,Active
104627,Palisade Systems (1),Healthcare,India,1.0,2021-02-17,Paid Search,Owen Fitzgerald,Active
104628,Wildflower Learning Technologies (1),Retail,United States,7.0,2021-02-03,Organic Search,Tariq Rahman,Active
104629,Fernway Partners (1),Retail,United States,,2021-12-21,Content/Social,,Active
104630,Thornbury Supply Ventures,SaaS,United States,,2024-12-25,Organic Search,,Active
104631,Driftwood Industries (1),Healthcare,United States,47.0,2021-07-20,Outbound Sales,Owen Fitzgerald,Active
104632,Brackenridge Freight Ventures (1),Manufacturing,United States,85.0,2022-05-23,Paid Search,,Paused
104633,Overlook Labs (1),Healthcare,India,13.0,2022-01-08,Paid Search,,Churned
104634,Palisade Partners (1),Retail,Canada,12.0,2023-06-13,Organic Search,,Active
104635,Ironclad Holdings (1),SaaS,India,1.0,2021-07-24,Content/Social,Hannah Ostrowski,Active
104636,Vantage Freight Inc.,Financial Services,Netherlands,3.0,2022-03-18,Paid Search,Elena Torres,Active
104637,Amberlight Digital Technologies (1),Retail,United States,4.0,2024-04-18,Outbound Sales,Tariq Rahman,Active
104638,Brackenridge Learning Group,Manufacturing,United States,41.0,2021-08-22,Paid Search,,Active
104639,Pinecrest Digital Collective (1),Healthcare,United States,13.0,2021-11-18,Outbound Sales,Tariq Rahman,Active
104640,Beacon Health Partners (1),Retail,India,10.0,2023-10-04,Referral,Priya Anand,Active
104641,Lumen Systems Labs (1),Healthcare,United States,9.0,2021-08-06,Outbound Sales,Nadia Petrov,Active
104642,Vantage Retail Industries,Financial Services,Germany,7.0,2021-10-22,Organic Search,Tariq Rahman,Active
104643,Solstice Labs,SaaS,United Kingdom,67.0,2021-08-07,Paid Search,,Active
104644,Redwood Learning Ventures,SaaS,Canada,23.0,2023-03-19,Content/Social,Tariq Rahman,Churned
104645,Lumen Learning Labs,Logistics,United States,73.0,2024-01-14,Referral,,Active
104646,Copperfield Robotics Corp.,Healthcare,India,1.0,2022-06-18,Paid Search,,Active
104647,Thornbury Partners (1),Manufacturing,United States,40.0,2022-06-07,Organic Search,Leo Castillo,Active
104648,Palisade Digital Ventures,Logistics,United States,11.0,2021-10-09,Paid Search,Owen Fitzgerald,Churned
104649,Aldergate Analytics Labs,SaaS,canada,14.0,2021-01-20,Referral,Elena Torres,Active
104650,Quarrystone Data Industries (1),Manufacturing,United States,117.0,2021-05-05,Referral,Hannah Ostrowski,Churned
104651,Quarrystone Group (3),Media,Australia,12.0,2021-04-09,Paid Search,Mei Chen,Churned
104652,Lattice Systems Inc.,SaaS,India,38.0,2021-03-28,Referral,Hannah Ostrowski,Active
104653,Palisade Media Networks,Healthcare,India,5.0,2022-07-05,Outbound Sales,Sam O'Rourke,Active
104654,Northwind Labs,Retail,United States,21.0,2021-04-17,Content/Social,,Churned
104655,Catalyst Health Corp.,SaaS,United States,,2021-02-05,Outbound Sales,Isaac Brennan,Churned
104656,Fallowmere Analytics Networks,Healthcare,United States,19.0,2021-10-20,Referral,Elena Torres,Churned
104657,Ridgeline Works Labs,Retail,United Kingdom,33.0,2021-06-04,Partner,Mei Chen,Active
104658,Copperfield Data LLC (2),Logistics,United States,85.0,2021-04-17,Organic Search,Grace Lin,Active
104659,Nimbus Robotics Inc.,Retail,Brazil,7.0,2021-04-13,Outbound Sales,Devon Wallace,Churned
104660,Wrenfield Logic LLC,Manufacturing,Singapore,10.0,2021-07-20,Paid Search,Isaac Brennan,Churned
104661,Silverline Supply Collective,SaaS,United States,9.0,2022-02-01,Paid Search,Nadia Petrov,Active
104662,Silverline Learning Corp. (1),Education,India,14.0,2022-12-15,Outbound Sales,Jordan Kim,Active
104663,Windward Logic Ventures (1),Manufacturing,United States,6.0,2023-07-16,Paid Search,Devon Wallace,Active
104664,Tidewater Supply Systems,Retail,United States,1.0,2022-11-07,Outbound Sales,,Active
104665,Steadfast Ventures, Financial Services ,United States,5.0,2022-06-09,Outbound Sales,Elena Torres,Active
104666,Wildflower Supply Partners (1),Logistics,Canada,19.0,2023-11-20,Paid Search,,Churned
104667,Lattice Cloud Collective,Education,Australia,17.0,2022-01-16,Organic Search,,Active
104668,Wildflower Robotics Group,Media,United States,41.0,2022-06-17,Outbound Sales,Jordan Kim,Active
104669,Orbital Data Collective,Financial Services,United States,60.0,2021-10-27,Outbound Sales,Priya Anand,Churned
104670,Lattice Finance Ventures (1),Retail,United States,11.0,2021-08-12,Partner,Devon Wallace,Active
104671,Copperfield Logic Inc.,Financial Services,United States,3.0,2021-08-25,Organic Search,Farah Sultan,Churned
104672,Silverline Data Labs,Financial Services,United States,34.0,2021-04-28,Partner,Mei Chen,Active
104673,Orbital Learning LLC,Logistics,Canada,,2023-02-17,Organic Search,Owen Fitzgerald,Active
104674,Basalt Labs (1),Financial Services,Germany,14.0,2021-02-06,Paid Search,Marcus Webb,Churned
104675,Nimbus Retail Industries (1),Manufacturing,United States,98.0,2022-08-12,Outbound Sales,Farah Sultan,Active
104676,Lattice Digital Ventures,Education,Australia,36.0,2023-08-02,Organic Search,Priya Anand,Active
104677,Brackenridge Learning Partners,Healthcare,India,24.0,2021-12-20,Paid Search,,Churned
104678,Orbital Data Systems (1),Healthcare,United Kingdom,25.0,2021-02-08,Organic Search,Leo Castillo,Active
104679,Vertex Data Labs,Media,Canada,61.0,2021-11-26,Partner,Hannah Ostrowski,Churned
104680,Wildflower Systems (2),Retail,United States,8.0,2021-09-19,Content/Social,Sam O'Rourke,Active
104681,Brackenridge Systems Partners,Financial Services,United States,6.0,2024-10-14,Content/Social,,Active
104682,Wrenfield Finance Labs (1),Manufacturing,United States,15.0,2022-09-06,Organic Search,,Active
104683,Ironclad Works Systems,SaaS,India,4.0,2022-10-03,Referral,Tariq Rahman,Churned
104684,Catalyst Robotics LLC,Manufacturing,United States,19.0,2022-01-19,Partner,Sam O'Rourke,Churned
104685,Silverline Media Holdings (1),Media,United States,23.0,2022-10-22,Organic Search,,Active
104686,Fallowmere Ventures,Financial Services,United States,18.0,2022-10-08,Organic Search,Marcus Webb,Churned
104687,Nimbus Robotics Solutions,Education,United States,13.0,2021-02-01,Organic Search,Isaac Brennan,Active
104688,Catalyst Works Co.,Financial Services,United States,172.0,2021-06-09,Referral,Priya Anand,Active
104689,Bluepeak Learning Group (2),Manufacturing,United States,,2021-01-22,Outbound Sales,Leo Castillo,Churned
104690,Wildflower Media Group,SaaS,Australia,18.0,2022-01-17,Organic Search,,Churned
104691,Ironclad Systems Corp.,Education,United Kingdom,23.0,2023-09-03,Paid Search,Sam O'Rourke,Paused
104692,Catalyst Solutions (1),Financial Services,United States,120.0,2022-05-04,Outbound Sales,Hannah Ostrowski,Active
104693,Wrenfield Logic Holdings (1),SaaS,canada,9.0,2022-01-03,Outbound Sales,Hannah Ostrowski,Active
104694,Nimbus Works Co.,Media,Canada,6.0,2024-01-22,Paid Search,Owen Fitzgerald,Active
104695,Solstice Finance Solutions,Retail,United States,,2021-05-22,Organic Search,Jordan Kim,Churned
104696,Solstice Networks (1),Education,United Kingdom,34.0,2021-02-12,Content/Social,Leo Castillo,Active
104697,Brackenridge Logic Partners,Media,United States,38.0,2023-12-20,Outbound Sales,Marcus Webb,Active
104698,Summit Analytics Co.,Logistics,United States,,2023-11-01,Referral,Isaac Brennan,Churned
104699,Wildflower Finance Technologies,Manufacturing,India,8.0,2022-09-16,Outbound Sales,,Active
104700,Brackenridge Technologies,Manufacturing,United States,3.0,2021-06-08,Content/Social,,Active
104701,Redwood Learning Partners,Education,United States,9.0,2024-08-23,Organic Search,,Churned
104702,Fallowmere Retail Inc.,Media,United States,43.0,2022-12-14,Organic Search,Isaac Brennan,Active
104703,Bluepeak Cloud Partners,Logistics,United States,6.0,2022-08-24,Organic Search,,Churned
104704,Harborview Collective (1),Financial Services,United States,2.0,2021-06-16,Partner,Leo Castillo,Churned
104705,Meridian Labs,Financial Services,Canada,24.0,2022-01-13,Paid Search,Leo Castillo,Churned
104706,Harborview Retail Co.,Retail,United States,10.0,2023-04-27,Paid Search,Nadia Petrov,Active
104707,Lumen Inc.,Logistics,United States,2.0,2023-07-28,Organic Search,,Churned
104708,Cobalt Digital Group,Logistics,India,22.0,2022-03-13,Outbound Sales,Priya Anand,Churned
104709,Cobalt Health Partners,Manufacturing,United States,12.0,2022-01-11,Outbound Sales,Tariq Rahman,Active
104710,Bluepeak Systems Collective (1),Manufacturing,United Kingdom,177.0,2022-09-19,Organic Search,,Churned
104711,Palisade Learning Networks (1),Retail,United States,,2022-02-05,Organic Search,,Active
104712,Cascade Retail Inc.,Logistics,United States,43.0,2021-10-11,Partner,Tariq Rahman,Churned
104713,Palisade Cloud Holdings (2),SaaS,United States,20.0,2021-02-24,Paid Search,Nadia Petrov,Active
104714,Windward Works Holdings,Education,United States,9.0,2021-03-26,Outbound Sales,Devon Wallace,Active
104715,Harborview Retail Systems (1),Healthcare,India,11.0,2022-12-12,Paid Search,Leo Castillo,Active
104716,Silverline Systems Partners,Financial Services,India,82.0,2021-01-11,Content/Social,Priya Anand,Churned
104717,Amberlight Systems Solutions,SaaS,United States,53.0,2021-02-25,Organic Search,Devon Wallace,Active
104718,Fieldstone Partners,Retail,United States,3.0,2023-11-06,Outbound Sales,Grace Lin,Active
104719,Ironclad Analytics Networks,Financial Services,Australia,4.0,2022-09-02,Paid Search,Elena Torres,Active
104720,Lattice Systems Solutions (1),Financial Services,United States,4.0,2021-01-03,Organic Search,,Active
104721,Quarrystone Retail Corp.,Logistics,United States,80.0,2021-08-04,Outbound Sales,Sam O'Rourke,Churned
104722,Overlook Works Networks (2),Education,India,2.0,2022-12-25,Referral,,Churned
104723,Ridgeline Supply Corp.,SaaS,United States,56.0,2021-10-02,Partner,Isaac Brennan,Active
104724,Lumen Supply Solutions (1),Logistics,Germany,34.0,2021-12-10,Referral,,Active
104725,Catalyst Logic Group,Education,United States,24.0,2021-11-17,Referral,Elena Torres,Churned
104726,Brackenridge Analytics Partners,Media,Canada,11.0,2021-05-18,Partner,Elena Torres,Active
104727,Amberlight Freight Labs (2),Logistics,United States,94.0,2022-10-24,Referral,,Active
104728,Orbital Systems (3),Education,United States,23.0,2021-03-28,Content/Social,Elena Torres,Churned
104729,Thornbury Industries (2),Retail,United States,3.0,2022-01-12,Organic Search,Priya Anand,Churned
104730,Vertex Digital Holdings,Financial Services,France,4.0,2021-04-07,Organic Search,Priya Anand,Churned
104731,Amberlight Analytics Partners,Manufacturing,United States,2.0,2021-01-03,Partner,Leo Castillo,Active
104732,Cobalt Digital Corp.,SaaS,United States,96.0,2021-04-25,Paid Search,,Active
104733,Nimbus Partners (1),Logistics,Germany,128.0,2023-08-11,Paid Search,,Active
104734,Copperfield Digital Ventures,Healthcare,United States,82.0,2021-05-26,Paid Search,,Active
104735,Brightline Inc. (1),Manufacturing,United States,17.0,2021-07-10,Referral,Mei Chen,Active
104736,Windward Digital Partners,Logistics,United States,3.0,2021-04-22,Outbound Sales,Tariq Rahman,Active
104737,Northwind Holdings,Media,Canada,5.0,2022-11-19,Paid Search,Marcus Webb,Active
104738,Fallowmere Robotics Group,Manufacturing,United States,6.0,2021-11-20,Paid Search,,Churned
104739,Summit Retail Group,Healthcare,United States,19.0,2024-03-19,Organic Search,,Active
104740,Wrenfield Labs (2),Education,Germany,122.0,2022-08-09,Organic Search,,Active
104741,Fernway Freight Industries,Education,United Kingdom,121.0,2022-02-03,Paid Search,,Churned
104742,Cobalt Learning Corp.,Media,United States,11.0,2022-07-01,Paid Search,,Active
104743,Copperfield Robotics Collective,SaaS,United Kingdom,,2021-01-12,Partner,,Active
104744,Fernway Health Co.,SaaS,United States,4.0,2024-04-25,Outbound Sales,Sam O'Rourke,Active
104745,Marrow Solutions (1),SaaS,United States,94.0,2024-05-18,Organic Search,,Active
104746,Beacon Media Corp. (1),Logistics,United States,27.0,2021-07-19,Organic Search,Hannah Ostrowski,Active
104747,Steadfast Media Inc. (1),Education,United Kingdom,13.0,2022-06-08,Paid Search,Devon Wallace,Active
104748,Beacon Labs (2),Manufacturing,India,12.0,2021-05-14,Organic Search,,Active
104749,Tidewater Works Technologies (3),SaaS,United States,,2022-02-12,Organic Search,,Active
104750,Brackenridge Collective (1),SaaS,United States,4.0,2022-12-04,Content/Social,Jordan Kim,Active
104751,Harborview Systems Co.,Manufacturing,United States,297.0,2024-03-18,Partner,Elena Torres,Churned
104752,Halcyon Co. (5),Manufacturing,India,188.0,2021-09-11,Referral,Elena Torres,Churned
104753,Harborview Co. (2),Financial Services,Canada,7.0,2022-09-12,Paid Search,,Churned
104754,Vantage Media Networks,SaaS,Canada,2.0,2022-10-17,Outbound Sales,Isaac Brennan,Paused
104755,Bluepeak Co.,Financial Services,Japan,25.0,2021-06-01,Content/Social,,Churned
104756,Vertex Analytics Co. (1),Manufacturing,Canada,17.0,2022-06-27,Paid Search,Owen Fitzgerald,Churned
104757,Cinder Robotics Group,Retail,Singapore,,2022-07-07,Partner,Tariq Rahman,Active
104758,Granite Digital Technologies (1),Healthcare,United Kingdom,61.0,2022-12-20,Paid Search,Mei Chen,Active
104759,Palisade Systems Group,Manufacturing,United States,4.0,2024-12-22,Outbound Sales,Marcus Webb,Active
104760,Hollowbrook Retail Partners,Retail,United Kingdom,,2021-01-05,Paid Search,Grace Lin,Active
104761,Palisade Digital Corp.,SaaS,United States,13.0,2021-05-07,Outbound Sales,Grace Lin,Active
104762,Clearwater Cloud Corp. (1),Manufacturing,United States,,2021-04-12,Organic Search,Hannah Ostrowski,Active
104763,Halcyon Robotics Industries,SaaS,United States,14.0,2021-04-23,Referral,Grace Lin,Active
104764,Meridian Health Partners,Financial Services,United States,67.0,2021-11-18,Outbound Sales,Devon Wallace,Active
104765,Thornbury Health Industries (1),Education,India,1.0,2023-09-14,Outbound Sales,Owen Fitzgerald,Active
104766,Harborview Robotics Solutions (2),SaaS,United States,52.0,2021-11-24,Outbound Sales,Jordan Kim,Churned
104767,Keystone Cloud Corp.,Manufacturing,United States,7.0,2022-08-14,Paid Search,Farah Sultan,Active
104768,Vertex Ventures,Media,Germany,,2021-09-25,Outbound Sales,Grace Lin,Active
104769,Brightline Ventures (1),Logistics,United Kingdom,101.0,2021-08-22,Paid Search,Devon Wallace,Active
104770,Meridian Supply Partners (1),Healthcare,United States,7.0,2023-05-05,Outbound Sales,Leo Castillo,Active
104771,Halcyon Networks (1),Healthcare,United States,6.0,2022-07-11,Paid Search,Priya Anand,Churned
104772,Fieldstone Works LLC (1),Education,United States,12.0,2021-09-01,Referral,,Active
104773,Lumen Labs,Education,Germany,11.0,2023-12-07,Organic Search,,Active
104774,Cascade Finance Group,Education,United States,5.0,2021-12-01,Content/Social,Elena Torres,Churned
104775,Brightline Retail Corp.,Healthcare,Germany,23.0,2021-05-03,Outbound Sales,Elena Torres,Active
104776,Vertex Inc.,SaaS,United States,25.0,2021-12-01,Paid Search,,Active
104777,Clearwater Health Industries,SaaS,Canada,37.0,2022-08-19,Outbound Sales,Grace Lin,Active
104778,Sable Works Systems,Logistics,United States,7.0,2021-09-12,Paid Search,,Active
104779,Orbital Finance Inc.,Financial Services,united states,6.0,2023-06-14,Organic Search,,Active
104780,Lumen Learning Solutions,Financial Services,United States,17.0,2022-02-22,Organic Search,Tariq Rahman,Active
104781,Keystone Logic Corp.,Manufacturing,United States,15.0,2021-12-23,Partner,Priya Anand,Active
104782,Anchor Media Ventures,Retail,Brazil,15.0,2023-07-15,Content/Social,,Active
104783,Cascade Logic Inc.,Financial Services,India,8.0,2021-12-13,Content/Social,,Active
104784,Pinecrest Logic Collective,Financial Services,United States,31.0,2021-10-19,Paid Search,,Active
104785,Brackenridge Collective (2),SaaS,India,6.0,2021-03-12,Paid Search,Sam O'Rourke,Active
104786,Fernway Analytics Co. (2),Education,United States,17.0,2021-09-13,Partner,Marcus Webb,Active
104787,Silverline Co. (3),Retail,Germany,13.0,2021-10-09,Organic Search,Elena Torres,Active
104788,Steadfast Freight Partners,SaaS,United States,19.0,2021-05-06,Referral,,Churned
104789,Cascade Digital LLC,Education,United States,,2022-04-06,Content/Social,,Churned
104790,Vertex Retail Networks,Healthcare,United States,,2021-04-19,Paid Search,Devon Wallace,Churned
104791,Catalyst Media Technologies,Manufacturing,United States,1.0,2021-06-24,Organic Search,Hannah Ostrowski,Active
104792,Harborview Logic Labs (1),Education,Germany,9.0,2022-03-12,Content/Social,,Churned
104793,Sable Health Systems,SaaS,United States,4.0,2021-07-03,Outbound Sales,Owen Fitzgerald,Active
104794,Amberlight Digital Industries (1),Manufacturing,United States,1.0,2022-07-18,Content/Social,Grace Lin,Active
104795,Keystone Cloud Systems,SaaS,Canada,194.0,2022-09-26,Outbound Sales,Priya Anand,Active
104796,Steadfast Systems Technologies,Healthcare,United States,42.0,2021-08-15,Organic Search,Grace Lin,Active
104797,Aldergate Media LLC,Manufacturing,United States,48.0,2021-02-01,Partner,Leo Castillo,Active
104798,Clearwater Solutions (1),Financial Services,United Kingdom,14.0,2021-12-03,Partner,Elena Torres,Churned
104799,Palisade Systems Industries (1),Financial Services,United States,35.0,2021-03-15,Content/Social,Jordan Kim,Churned
104800,Solstice Health Partners,Retail,canada,12.0,2022-01-25,Referral,Jordan Kim,Active
104801,Cascade Inc. (1),Financial Services,United Kingdom,58.0,2022-10-02,Referral,Elena Torres,Active
104802,Orbital Collective,Healthcare,United States,26.0,2022-06-22,Organic Search,Isaac Brennan,Churned
104803,Hollowbrook Co. (2),Logistics,United States,19.0,2021-11-22,Organic Search,,Churned
104804,Hollowbrook Learning Inc.,Manufacturing,United States,21.0,2024-04-02,Content/Social,,Active
104805,Northwind Group,Logistics,United States,135.0,2021-03-06,Content/Social,Hannah Ostrowski,Active
104806,Cascade Media Labs (3),Healthcare,United Kingdom,25.0,2023-09-01,Referral,,Active
104807,Wildflower Corp. (1),Logistics,Canada,5.0,2023-02-16,Content/Social,Marcus Webb,Active
104808,Aldergate Media Networks (1),Healthcare,USA,31.0,2021-11-05,Organic Search,Tariq Rahman,Active
104809,Hollowbrook Learning Ventures,Healthcare,Canada,,2021-04-26,Partner,Devon Wallace,Churned
104810,Tidewater Cloud Collective,Healthcare,United States,,2021-04-03,Outbound Sales,Grace Lin,Active
104811,Marrow Group,Education,germany,19.0,2023-12-19,Outbound Sales,Nadia Petrov,Active
104812,Wrenfield Digital Group,Education,United States,5.0,2021-06-23,Outbound Sales,Leo Castillo,Churned
104813,Anchor Digital Solutions (1),SaaS,Canada,,2023-08-05,Outbound Sales,Elena Torres,Active
104814,Fieldstone Works Group,Education,United States,4.0,2022-01-08,Partner,Mei Chen,Active
104815,Orbital Systems Group,Logistics,United States,14.0,2021-12-23,Organic Search,Tariq Rahman,Churned
104816,Wildflower Media Industries,Financial Services,United States,8.0,2022-06-03,Partner,Priya Anand,Active
104817,Ironclad Supply Inc. (1),Manufacturing,Germany,72.0,2021-06-13,Paid Search,Isaac Brennan,Active
104818,Redwood Analytics Ventures (1),Manufacturing,Canada,151.0,2021-11-08,Paid Search,Devon Wallace,Churned
104819,Anchor Systems Networks,Logistics,India,,2024-02-01,Outbound Sales,Leo Castillo,Active
104820,Aldergate Analytics LLC (1),Manufacturing,United States,20.0,2021-06-13,Partner,Priya Anand,Active
104821,Redwood Supply Group,Financial Services,United Kingdom,13.0,2023-12-14,Content/Social,Leo Castillo,Active
104822,Sable Health Corp.,SaaS,United States,37.0,2024-12-10,Organic Search,Mei Chen,Active
104823,Hollowbrook Robotics Corp. (1),Media,United Kingdom,23.0,2021-02-23,Paid Search,Leo Castillo,Active
104824,Aldergate Health Systems (1),Healthcare,United States,,2022-02-03,Referral,Mei Chen,Churned
104825,Ridgeline Systems Systems,Logistics,Canada,23.0,2021-05-13,Content/Social,,Active
104826,Pinecrest Networks (1),Retail,India,15.0,2022-06-06,Content/Social,,Active
104827,Brightline Cloud Technologies (1),Financial Services,United States,159.0,2024-11-22,Partner,,Active
104828,Amberlight Freight Industries (1),Media,United Kingdom,7.0,2023-10-16,Referral,Elena Torres,Active
104829,Quarrystone Data Co.,Retail,United States,28.0,2023-12-20,Content/Social,Mei Chen,Active
104830,Palisade Group (2),Healthcare,United States,39.0,2021-06-04,Paid Search,Devon Wallace,Active
104831,Tidewater Data Group,Media,United States,36.0,2022-02-13,Content/Social,,Churned
104832,Halcyon Systems Networks,Healthcare,United States,,2021-06-02,Referral,,Active
104833,Hollowbrook Media Labs (1),Logistics,United States,,2023-10-10,Organic Search,Tariq Rahman,Churned
104834,Wildflower Learning Technologies (2),Education,India,1.0,2021-05-27,Referral,Devon Wallace,Churned
104835,Halcyon Health Holdings,Media,India,,2021-04-21,Partner,Tariq Rahman,Active
104836,Cinder Learning Holdings (1),Education,United States,48.0,2021-01-03,Organic Search,Marcus Webb,Active
104837,Northwind Analytics Co. (1),SaaS,Brazil,6.0,2021-05-11,Paid Search,Farah Sultan,Churned
104838,Steadfast Collective (2),Media,Australia,6.0,2021-05-25,Outbound Sales,Leo Castillo,Active
104839,Palisade Health Inc. (2), Financial Services ,United States,11.0,2021-02-05,Content/Social,Nadia Petrov,Churned
104840,Lattice Systems,Financial Services,United States,,2023-08-22,Outbound Sales,Leo Castillo,Active
104841,Quarrystone Labs,Manufacturing,Germany,46.0,2023-01-09,Paid Search,,Active
104842,Crestline Data Corp.,Healthcare,United States,65.0,2021-07-14,Outbound Sales,Owen Fitzgerald,Active
104843,Brightline Logic Inc. (1),Financial Services,United States,23.0,2023-01-25,Paid Search,Marcus Webb,Active
104844,Brackenridge Analytics Technologies (1),Education,Germany,79.0,2021-11-19,Organic Search,Jordan Kim,Active
104845,Ridgeline Health Collective (2),Education,Canada,3.0,2023-01-08,Paid Search,,Paused
104846,Marrow Health Solutions (1),Manufacturing,Canada,22.0,2021-08-01,Referral,Marcus Webb,Active
104847,Tidewater Robotics Collective,SaaS,Australia,116.0,2022-03-07,Organic Search,,Active
104848,Cascade Data Collective (1),Logistics,United States,72.0,2021-10-12,Paid Search,,Active
104849,Redwood Industries,Education,India,130.0,2021-05-04,Organic Search,,Churned
104850,Redwood Supply LLC,Education,Canada,9.0,2022-04-25,Outbound Sales,Devon Wallace,Churned
104851,Steadfast Health Holdings,Logistics,United States,66.0,2022-11-02,Organic Search,Jordan Kim,Active
104852,Orbital Media Systems,Financial Services,United States,12.0,2022-12-16,Paid Search,Farah Sultan,Active
104853,Driftwood Logic Industries,SaaS,United States,44.0,2021-09-28,Referral,Marcus Webb,Active
104854,Northwind Cloud Industries,Retail,India,,2022-01-10,Partner,Priya Anand,Active
104855,Meridian Supply LLC,Logistics,India,7.0,2022-12-16,Partner,Marcus Webb,Active
104856,Meridian Group (1),Logistics,Australia,2.0,2021-02-03,Referral,Leo Castillo,Churned
104857,Basalt Health Corp. (1),SaaS,United States,222.0,2021-02-21,Outbound Sales,Jordan Kim,Churned
104858,Wrenfield Logic Technologies,Manufacturing,United Kingdom,38.0,2021-09-28,Partner,Mei Chen,Churned
104859,Brightline Group (2),Manufacturing,United States,17.0,2021-06-22,Outbound Sales,Leo Castillo,Active
104860,Anchor Health Solutions (1),Retail,Germany,16.0,2021-09-05,Referral,,Churned
104861,Catalyst Logic Ventures,Media,United Kingdom,1.0,2021-03-10,Paid Search,Marcus Webb,Active
104862,Windward Logic Labs (2),Financial Services,India,26.0,2022-04-21,Organic Search,Grace Lin,Active
104863,Sable Media Networks,Retail,United States,10.0,2022-08-23,Organic Search,Elena Torres,Churned
104864,Sable Freight Inc.,Education,United States,22.0,2023-02-12,Organic Search,,Active
104865,Cobalt Media Collective (1),Logistics,United States,21.0,2022-07-27,Content/Social,Owen Fitzgerald,Active
104866,Steadfast Media Solutions (1),Retail,Canada,1.0,2021-10-06,Paid Search,Hannah Ostrowski,Active
104867,Fieldstone Supply Holdings (1),Education,United States,38.0,2024-02-21,Referral,,Active
104868,Ironclad Collective (1),Manufacturing,Canada,26.0,2022-10-14,Content/Social,,Churned
104869,Amberlight Health Systems,Manufacturing,United States,31.0,2022-01-20,Outbound Sales,Mei Chen,Churned
104870,Copperfield Finance Inc. (1),Manufacturing,United States,16.0,2021-05-17,Paid Search,Jordan Kim,Active
104871,Cobalt Systems Corp.,Manufacturing,United States,21.0,2022-07-13,Content/Social,,Churned
104872,Thornbury Logic Group,Retail,United States,25.0,2022-04-23,Organic Search,,Active
104873,Steadfast Digital Partners (1),SaaS,United States,,2022-09-24,Paid Search,Priya Anand,Active
104874,Keystone Analytics LLC (1),Logistics,United States,37.0,2023-01-23,Referral,Leo Castillo,Active
104875,Clearwater Supply Holdings,Healthcare,United States,29.0,2023-12-03,Organic Search,Leo Castillo,Active
104876,Summit Analytics Labs (2),Logistics,United Kingdom,222.0,2024-04-12,Partner,Jordan Kim,Active
104877,Lumen Collective (1),Healthcare,United States,8.0,2022-06-21,Paid Search,Farah Sultan,Churned
104878,Vertex Inc. (1),Healthcare,United Kingdom,12.0,2024-07-25,Partner,Nadia Petrov,Active
104879,Fieldstone Freight Technologies,SaaS,United Kingdom,181.0,2023-11-11,Paid Search,,Paused
104880,Crestline Data Industries,Financial Services,United States,16.0,2021-01-21,Content/Social,,Active
104881,Vertex Finance Partners,Logistics,United States,67.0,2022-06-16,Paid Search,Priya Anand,Active
104882,Brackenridge Ventures,Logistics,united states,24.0,2021-05-07,Content/Social,,Churned
104883,Driftwood Learning Partners (1),Healthcare,United States,15.0,2021-08-26,Paid Search,,Churned
104884,Lumen Partners,Financial Services,United States,,2021-08-13,Content/Social,,Active
104885,Vantage Logic Technologies (1),Manufacturing,United Kingdom,39.0,2021-12-17,Partner,,Active
104886,Ridgeline Retail Labs (1),Logistics,United States,3.0,2021-01-09,Referral,Leo Castillo,Churned
104887,Crestline Cloud Collective,Education,Australia,,2021-06-01,Paid Search,Grace Lin,Active
104888,Vantage Health Technologies,Retail,India,6.0,2021-01-13,Outbound Sales,Sam O'Rourke,Churned
104889,Sable Robotics Partners,Healthcare,United States,105.0,2022-07-21,Outbound Sales,Leo Castillo,Active
104890,Wrenfield Group (1),Manufacturing,United Kingdom,,2023-10-10,Referral,Jordan Kim,Churned
104891,Sable Systems,SaaS,United States,230.0,2024-12-27,Outbound Sales,Sam O'Rourke,Active
104892,Vertex Logic Industries (1),Education,United States,32.0,2021-11-22,Content/Social,Devon Wallace,Churned
104893,Basalt Logic Labs,Media,Netherlands,11.0,2021-07-18,Content/Social,Farah Sultan,Active
104894,Granite Analytics Holdings,Healthcare,United States,31.0,2023-07-23,Referral,,Active
104895,Tidewater Digital Inc.,Education,United States,,2021-03-25,Paid Search,,Active
104896,Cascade Analytics Industries,Manufacturing,Australia,,2024-08-21,Paid Search,Priya Anand,Active
104897,Orbital Data Partners (1),Education,Germany,95.0,2022-10-24,Outbound Sales,Tariq Rahman,Active
104898,Driftwood Finance Labs,SaaS,United States,30.0,2022-01-20,Content/Social,Isaac Brennan,Paused
104899,Catalyst Analytics LLC,Education,India,73.0,2021-03-25,Referral,Nadia Petrov,Churned
104900,Solstice Data Holdings (1),Retail,Canada,,2021-01-03,Paid Search,Priya Anand,Active
104901,Meridian Robotics Networks (1),Manufacturing,India,5.0,2022-02-10,Organic Search,,Churned
104902,Marrow Robotics LLC,Healthcare,United States,1.0,2021-10-25,Organic Search,,Churned
104903,Granite Co,Logistics,Canada,22.0,2023-06-14,Content/Social,,Active
104904,Quarrystone Freight Technologies (1),SaaS,United States,15.0,2022-07-01,Outbound Sales,Isaac Brennan,Active
104905,Meridian Data Technologies,Logistics,United States,39.0,2021-11-24,Paid Search,Elena Torres,Churned
104906,Summit Media Labs,SaaS,United States,20.0,2021-06-19,Organic Search,,Churned
104907,Amberlight Supply Corp.,Manufacturing,United States,37.0,2021-12-26,Paid Search,Sam O'Rourke,Active
104908,Palisade Partners (2),Healthcare,United States,58.0,2021-04-01,Outbound Sales,Grace Lin,Paused
104909,Quarrystone Retail Group,Retail,United States,,2022-08-05,Outbound Sales,Nadia Petrov,Active
104910,Meridian Cloud Networks (1),Retail,United States,62.0,2022-05-15,Paid Search,Devon Wallace,Churned
104911,Lumen Corp.,SaaS,Germany,12.0,2023-03-06,Organic Search,,Active
104912,Vantage Collective (1),Retail,United States,39.0,2021-11-15,Content/Social,,Active
104913,Wrenfield Finance Technologies,Financial Services,United States,76.0,2021-07-10,Partner,Hannah Ostrowski,Active
104914,Northwind Collective (2),Retail,Canada,77.0,2023-05-06,Referral,Jordan Kim,Churned
104915,Orbital Cloud Ventures,Logistics,United States,,2022-09-22,Referral,Owen Fitzgerald,Active
104916,Beacon Learning Holdings,Media,India,25.0,2022-09-02,Content/Social,Isaac Brennan,Active
104917,Meridian Cloud LLC,Financial Services,United States,64.0,2022-02-25,Outbound Sales,Sam O'Rourke,Active
104918,Aldergate Co. (2),SaaS,United Kingdom,3.0,2023-09-05,Content/Social,,Paused
104919,Vantage Retail Partners (1),Logistics,United States,6.0,2021-06-17,Paid Search,Hannah Ostrowski,Churned
104920,Keystone Health Holdings,Manufacturing,United States,,2021-10-28,Paid Search,,Churned
104921,Pinecrest Media Networks (1),Retail,United Kingdom,4.0,2023-02-04,Paid Search,,Churned
104922,Crestline Cloud Systems,SaaS,United States,14.0,2021-04-26,Content/Social,,Active
104923,Ironclad Digital Corp.,Education,United States,13.0,2023-03-09,Outbound Sales,Elena Torres,Active
104924,Clearwater Learning Corp.,SaaS,United States,22.0,2021-09-21,Paid Search,Priya Anand,Churned
104925,Bluepeak Finance Inc. (2),Education,India,19.0,2021-03-24,Content/Social,Nadia Petrov,Active
104926,Granite Digital Collective,Financial Services,United States,81.0,2021-02-07,Content/Social,,Churned
104927,Catalyst Works Inc.,Logistics,India,42.0,2023-06-10,Organic Search,,Churned
104928,Bluepeak Works Solutions,Financial Services,India,18.0,2023-01-25,Outbound Sales,Sam O'Rourke,Churned
104929,Driftwood Ventures (2),FINANCIAL SERVICES,United States,,2021-07-03,Outbound Sales,Hannah Ostrowski,Churned
104930,Aldergate Co. (3),Education,Germany,19.0,2021-03-04,Paid Search,,Active
104931,Steadfast Media Technologies,Logistics,Canada,19.0,2021-06-09,Outbound Sales,Sam O'Rourke,Active
104932,Hollowbrook Group (2),Manufacturing,United States,531.0,2021-06-17,Organic Search,Nadia Petrov,Active
104933,Thornbury Labs (1),Manufacturing,United States,3.0,2022-11-23,Content/Social,Elena Torres,Active
104934,Cascade Digital Group (1),Healthcare,United States,6.0,2021-06-16,Partner,Jordan Kim,Churned
104935,Summit Supply Systems,Financial Services,Germany,,2021-06-14,Content/Social,,Churned
104936,Redwood Learning Ventures (1),Retail,United States,29.0,2021-01-25,Partner,Mei Chen,Churned
104937,Nimbus Data Networks (2),Financial Services,United States,27.0,2022-05-05,Paid Search,,Churned
104938,Lattice Robotics Collective (1),Media,Germany,10.0,2022-09-26,Organic Search,,Active
104939,Fernway Learning Solutions,SaaS,United Kingdom,64.0,2022-07-09,Outbound Sales,Devon Wallace,Active
104940,Copperfield Supply Technologies (1),Retail,United States,32.0,2022-03-08,Organic Search,Owen Fitzgerald,Churned
104941,Driftwood Supply LLC (1),Education,United Kingdom,,2024-07-27,Outbound Sales,Owen Fitzgerald,Churned
104942,Lumen Robotics Holdings (1),Media,canada,,2021-12-19,Organic Search,Isaac Brennan,Churned
104943,Sable Health Ventures,Logistics,United States,1.0,2023-07-13,Paid Search,Devon Wallace,Active
104944,Fieldstone Works LLC (2),Education,United States,49.0,2022-07-10,Referral,Hannah Ostrowski,Paused
104945,Tidewater Freight Co.,Manufacturing,United Kingdom,4.0,2021-02-13,Outbound Sales,Farah Sultan,Paused
104946,Crestline Cloud Group,Healthcare,United States,28.0,2023-03-23,Referral,Isaac Brennan,Paused
104947,Ironclad Learning Group,Financial Services,South Africa,18.0,2022-04-05,Outbound Sales,Owen Fitzgerald,Active
104948,Bluepeak Analytics Industries,Healthcare,United States,19.0,2022-07-05,Referral,Mei Chen,Active
104949,Granite Logic Corp.,SaaS,United Kingdom,4.0,2021-05-09,Partner,Owen Fitzgerald,Active
104950,Granite Works Industries,Healthcare,Canada,,2021-11-14,Outbound Sales,Devon Wallace,Active
104951,Fallowmere Learning Group,Retail,United States,4.0,2023-09-23,Referral,Jordan Kim,Active
104952,Harborview Robotics Networks,Education,United States,53.0,2021-06-06,Referral,Mei Chen,Active
104953,Wrenfield Ventures,Media,France,3.0,2021-01-23,Referral,Jordan Kim,Active
104954,Brightline Media Corp.,Logistics,India,20.0,2021-07-26,Paid Search,Devon Wallace,Churned
104955,Palisade Media Group,Logistics,United States,210.0,2021-12-13,Outbound Sales,Grace Lin,Churned
104956,Tidewater Data Co.,Healthcare,United States,433.0,2023-04-27,Paid Search,Leo Castillo,Active
104957,Vantage LLC (4),Logistics,United States,2.0,2022-07-26,Content/Social,,Churned
104958,Amberlight Health LLC (1),Logistics,United States,8.0,2023-12-23,Partner,Owen Fitzgerald,Active
104959,Redwood Retail Collective, Education ,United States,10.0,2021-11-11,Referral,Jordan Kim,Active
104960,Steadfast Corp. (1),Retail,United Kingdom,377.0,2021-10-09,Partner,Hannah Ostrowski,Active
104961,Copperfield Industries (1),Media,United States,18.0,2021-06-25,Outbound Sales,Grace Lin,Churned
104962,Driftwood Logic Industries (1),SaaS,United Kingdom,81.0,2021-06-13,Paid Search,Sam O'Rourke,Churned
104963,Northwind Supply Holdings,Healthcare,France,30.0,2022-11-01,Partner,Tariq Rahman,Churned
104964,Lattice Media Partners (1),Education,France,4.0,2021-02-21,Content/Social,,Churned
104965,Pinecrest Robotics Systems,Media,Canada,2.0,2021-06-10,Paid Search,,Active
104966,Cascade Finance Labs,Logistics,United States,9.0,2023-09-27,Organic Search,,Active
104967,Redwood Media Technologies (2),Media,United States,408.0,2022-04-24,Referral,,Active
104968,Catalyst Retail LLC,Financial Services,United States,28.0,2021-01-03,Organic Search,,Churned
104969,Hollowbrook Supply Networks (1),SaaS,United States,79.0,2022-09-26,Outbound Sales,Owen Fitzgerald,Active
104970,Beacon Learning Systems,Media,Australia,3.0,2022-01-27,Referral,Hannah Ostrowski,Active
104971,Driftwood Media Ventures,Media,India,13.0,2023-07-22,Partner,Owen Fitzgerald,Active
104972,Halcyon Logic Partners,Financial Services,United Kingdom,55.0,2022-08-08,Paid Search,,Active
104973,Sable Learning Systems (1),Education,United States,5.0,2021-01-19,Referral,Owen Fitzgerald,Active
104974,Lumen Robotics Corp. (1),Media,United States,18.0,2021-05-25,Content/Social,Isaac Brennan,Active
104975,Vertex Robotics Collective (1),Retail,Australia,6.0,2021-07-23,Organic Search,Jordan Kim,Paused
104976,Brightline Partners,Media,United States,59.0,2022-09-13,Referral,,Active
104977,Nimbus Freight Solutions,Education,United States,34.0,2022-01-20,Paid Search,,Active
104978,Nimbus Works Networks (1),Manufacturing,United Kingdom,49.0,2022-11-11,Organic Search,,Active
104979,Windward Digital Labs (1),Retail,India,62.0,2022-01-08,Referral,,Paused
104980,Summit Works Networks (1),Education,United States,15.0,2021-08-19,Organic Search,Isaac Brennan,Churned
104981,Copperfield Health Partners,Healthcare,United States,74.0,2021-03-14,Outbound Sales,Leo Castillo,Churned
104982,Copperfield Finance Partners,Education,Canada,9.0,2021-05-07,Outbound Sales,Owen Fitzgerald,Active
104983,Steadfast Finance Systems (1),Education,Germany,45.0,2021-10-19,Content/Social,,Active
104984,Northwind Finance Co. (2),Logistics,United States,2.0,2022-03-10,Partner,Sam O'Rourke,Active
104985,Catalyst Health Co.,Manufacturing,Canada,8.0,2024-03-17,Organic Search,Tariq Rahman,Active
104986,Pinecrest Systems (1),Education,United States,408.0,2021-06-11,Paid Search,Jordan Kim,Active
104987,Wildflower Digital Collective,Financial Services,India,44.0,2022-08-25,Partner,Devon Wallace,Active
104988,Vertex Learning Group,Healthcare,United Kingdom,44.0,2021-04-24,Organic Search,,Active
104989,Thornbury Health Technologies (1),Manufacturing,Canada,7.0,2022-10-14,Organic Search,Hannah Ostrowski,Active
104990,Northwind Systems Partners,Logistics,Canada,5.0,2021-01-20,Paid Search,,Churned
104991,Catalyst Inc.,Education,United States,,2022-07-05,Outbound Sales,Nadia Petrov,Active
104992,Amberlight Logic LLC,Manufacturing,United States,18.0,2021-04-28,Organic Search,Grace Lin,Churned
104993,Vertex Works Networks (1),Healthcare,Canada,242.0,2021-05-07,Paid Search,Sam O'Rourke,Active
104994,Fieldstone Technologies,Education,United States,76.0,2022-03-25,Referral,Owen Fitzgerald,Active
104995,Thornbury Cloud LLC (1),Education,India,23.0,2021-09-24,Partner,Nadia Petrov,Active
104996,Nimbus Industries (1),Manufacturing,United States,22.0,2021-12-05,Organic Search,,Paused
104997,Lattice Technologies (2),Healthcare,United States,54.0,2021-08-01,Outbound Sales,Farah Sultan,Active
104998,Driftwood Learning Labs,Healthcare,India,,2024-05-21,Referral,,Active
104999,Cinder Finance Inc. (1),Healthcare,United States,2.0,2021-07-25,Organic Search,Sam O'Rourke,Active
