subscription_id,customer_id,plan_name,seats,price_per_seat,monthly_price,valid_from,valid_to,change_reason
1,100000,Pro,65,49.0,3185.0,2023-04-04,2024-01-14,Initial Signup
2,100000,Pro,72,49.0,3528.0,2024-01-14,2024-03-19,Seat Change
3,100000,Enterprise,158,41.81,6605.98,2024-03-19,,Upgrade
4,100001,Starter,4,15.0,60.0,2021-03-16,,Initial Signup
5,100002,Starter,3,15.0,45.0,2021-07-06,2022-11-22,Initial Signup
6,100002,Growth,5,29.0,145.0,2022-11-22,2023-11-24,Upgrade
7,100002,Pro,20,49.0,980.0,2023-11-24,,Upgrade
8,100003,Growth,11,29.0,319.0,2024-04-24,2024-05-13,Initial Signup
9,100003,Growth,13,29.0,377.0,2024-05-13,2024-09-02,Seat Change
10,100003,Pro,20,49.0,980.0,2024-09-02,,Upgrade
11,100004,Pro,35,49.0,1715.0,2021-10-09,2024-05-06,Initial Signup
12,100004,Enterprise,155,20.48,3174.4,2024-05-06,,Upgrade
13,100005,Starter,1,15.0,15.0,2022-07-19,,Initial Signup
14,100006,Starter,2,15.0,30.0,2024-09-06,2024-09-15,Initial Signup
15,100006,Growth,5,29.0,145.0,2024-09-15,2024-12-02,Upgrade
16,100006,Growth,6,29.0,174.0,2024-12-02,,Seat Change
17,100007,Growth,5,29.0,145.0,2022-03-10,,Initial Signup
18,100008,Starter,2,15.0,30.0,2021-08-05,2021-09-13,
19,100008,Starter,2,15.0,30.0,2021-09-13,,Renewal
20,100009,Starter,1,15.0,15.0,2022-02-16,,Initial Signup
21,100010,Starter,3,15.0,45.0,2021-02-01,2021-08-02,Initial Signup
22,100010,Starter,3,15.0,45.0,2021-08-02,,Renewal
23,100011,Growth,10,29.0,290.0,2021-03-03,2021-09-08,Initial Signup
24,100011,Growth,12,29.0,348.0,2021-09-08,2022-11-16,Seat Change
25,100011,Growth,12,29.0,348.0,2022-11-16,,Renewal
26,100012,Pro,29,49.0,1421.0,2021-01-15,,Initial Signup
27,100013,Starter,4,15.0,60.0,2023-09-16,2023-10-23,Initial Signup
28,100013,Growth,5,29.0,133.8,2023-10-23,,Upgrade
29,100014,Growth,5,29.0,145.0,2022-08-10,2022-08-16,Initial Signup
30,100014,Growth,7,29.0,203.0,2022-08-16,,Seat Change
31,100015,Growth,14,29.0,406.0,2021-08-13,2023-05-11,Initial Signup
32,100015,Growth,14,29.0,406.0,2023-05-11,2023-09-22,Renewal
33,100015,Growth,14,29.0,406.0,2023-09-22,,Renewal
34,100016,Starter,3,15.0,45.0,2021-06-12,,Initial Signup
35,100017,Growth,10,29.0,290.0,2022-09-22,,Initial Signup
36,100018,Growth,13,29.0,359.01,2023-12-13,2023-12-23,Initial Signup
37,100018,Growth,14,29.0,406.0,2023-12-23,,Seat Change
38,100019,Growth,17,29.0,493.0,2021-08-24,2024-11-24,Initial Signup
39,100019,Growth,19,29.0,551.0,2024-11-24,,Seat Change
40,100020,Starter,2,15.0,30.0,2021-08-07,2021-10-27,Initial Signup
41,100020,Starter,2,15.0,30.0,2021-10-27,2021-12-05,Renewal
42,100020,Starter,1,15.0,15.0,2021-12-05,,Seat Change
43,100021,Growth,17,29.0,493.0,2023-07-06,,Initial Signup
44,100022,Starter,1,15.0,15.0,2023-10-12,2023-10-21,Initial Signup
45,100022,Starter,2,15.0,30.0,2023-10-21,2023-10-26,Seat Change
46,100022,Starter,1,15.0,15.0,2023-10-26,2024-01-09,Seat Change
47,100022,Starter,2,15.0,28.79,2024-01-09,2024-01-28,Seat Change
48,100022,Growth,5,29.0,145.0,2024-01-28,,Upgrade
49,100023,Starter,4,15.0,60.0,2023-12-03,2024-05-13,Initial Signup
50,100023,Growth,5,29.0,145.0,2024-05-13,,Upgrade
51,100024,Starter,3,15.0,45.0,2021-08-19,,Initial Signup
52,100025,Growth,5,29.0,129.21,2021-03-11,,Initial Signup
53,100026,Pro,20,49.0,980.0,2021-11-11,,Initial Signup
54,100027,Growth,16,29.0,464.0,2021-08-15,,Initial Signup
55,100028,Growth,6,29.0,174.0,2023-09-03,,Initial Signup
56,100029,Starter,3,15.0,45.0,2021-01-11,,Initial Signup
57,100030,Starter,5,15.0,75.0,2022-06-28,,Initial Signup
58,100031,Starter,1,15.0,15.0,2023-11-18,,Initial Signup
59,100032,Growth,5,29.0,145.0,2024-09-17,2024-10-25,Initial Signup
60,100032,Growth,6,29.0,174.0,2024-10-25,,Seat Change
61,100033,Starter,4,15.0,60.0,2022-07-15,2023-08-10,Initial Signup
62,100033,Growth,5,29.0,145.0,2023-08-10,2024-11-26,Upgrade
63,100033,Pro,20,49.0,980.0,2024-11-26,,Upgrade
64,100034,Starter,4,15.0,60.0,2024-04-14,,Initial Signup
65,100035,Growth,19,29.0,551.0,2021-02-27,,Initial Signup
66,100036,Starter,1,15.0,15.0,2021-09-27,,Initial Signup
67,100037,Starter,2,15.0,30.0,2021-01-12,2022-04-29,Initial Signup
68,100037,Growth,5,29.0,145.0,2022-04-29,,Upgrade
69,100038,Pro,29,49.0,1421.0,2024-09-26,2024-11-14,Initial Signup
70,100038,Growth,20,29.0,580.0,2024-11-14,2024-12-15,Downgrade
71,100038,Growth,20,29.0,580.0,2024-12-15,,Renewal
72,100039,Starter,2,15.0,30.0,2023-11-03,2024-05-06,Initial Signup
73,100039,Starter,2,15.0,30.0,2024-05-06,2024-06-25,Renewal
74,100039,Starter,2,15.0,30.0,2024-06-25,2024-10-29,Renewal
75,100039,Growth,5,29.0,145.0,2024-10-29,,Upgrade
76,100040,Starter,1,15.0,15.0,2021-01-09,2022-04-27,Initial Signup
77,100040,Growth,5,29.0,145.0,2022-04-27,,Upgrade
78,100041,Starter,1,15.0,15.0,2021-01-09,2023-07-25,Initial Signup
79,100041,Starter,2,15.0,30.0,2023-07-25,2024-04-04,Seat Change
80,100041,Growth,5,29.0,145.0,2024-04-04,2024-08-14,Upgrade
81,100041,Pro,20,49.0,980.0,2024-08-14,,Upgrade
82,100042,Growth,11,29.0,319.0,2021-09-20,2023-11-07,Initial Signup
83,100042,Pro,20,49.0,980.0,2023-11-07,,Upgrade
84,100043,Growth,9,29.0,261.0,2021-07-17,,Initial Signup
85,100044,Starter,4,15.0,56.92,2023-06-14,,Initial Signup
86,100045,Growth,9,29.0,261.0,2021-04-08,,Initial Signup
87,100046,Growth,20,29.0,580.0,2023-02-15,2024-03-27,Initial Signup
88,100046,Growth,14,29.0,406.0,2024-03-27,,Seat Change
89,100047,Starter,5,15.0,75.0,2022-03-08,,Initial Signup
90,100048,Pro,20,49.0,980.0,2021-09-14,2022-07-05,Initial Signup
91,100048,Enterprise,50,37.41,1870.5,2022-07-05,,Upgrade
92,100049,Growth,5,29.0,145.0,2021-04-10,,Initial Signup
93,100050,Enterprise,78,,3346.77,2024-12-25,,Initial Signup
94,100051,Starter,4,15.0,60.0,2022-06-21,2023-09-21,Initial Signup
95,100051,Growth,5,29.0,145.0,2023-09-21,,Upgrade
96,100052,Growth,5,29.0,145.0,2021-11-05,,Initial Signup
97,100053,Growth,5,29.0,145.0,2021-09-27,2022-04-24,Initial Signup
98,100053,Pro,20,49.0,980.0,2022-04-24,2022-11-08,Upgrade
99,100053,Pro,20,49.0,893.1,2022-11-08,,Renewal
100,100054,Growth,6,29.0,174.0,2023-11-19,,Initial Signup
101,100055,Growth,17,29.0,446.22,2023-04-10,,Initial Signup
102,100056,Starter,1,15.0,15.0,2023-03-15,,Initial Signup
103,100057,Growth,7,29.0,203.0,2022-05-06,2022-05-17,Initial Signup
104,100057,Growth,8,29.0,232.0,2022-05-17,,Seat Change
105,100058,Starter,1,15.0,15.0,2023-09-02,,Initial Signup
106,100059,Starter,3,15.0,45.0,2021-08-12,,Initial Signup
107,100060,Growth,10,29.0,290.0,2022-09-22,,Initial Signup
108,100061,Pro,22,49.0,1078.0,2021-10-10,2023-06-18,Initial Signup
109,100061,Enterprise,57,30.36,1730.52,2023-06-18,,Upgrade
110,100062,Pro,63,49.0,3087.0,2022-05-11,2022-07-03,Initial Signup
111,100062,Enterprise,137,40.16,5501.92,2022-07-03,,Upgrade
112,100063,Growth,14,29.0,406.0,2024-12-28,,Initial Signup
113,100064,Growth,19,29.0,551.0,2024-10-28,2024-11-15,Initial Signup
114,100064,Pro,20,49.0,980.0,2024-11-15,,Upgrade
115,100065,Pro,53,49.0,2597.0,2022-01-13,,Initial Signup
116,100066,Starter,3,15.0,45.0,2022-04-02,,Initial Signup
117,100067,Starter,5,15.0,69.06,2023-10-20,2024-12-09,Initial Signup
118,100067,Starter,5,15.0,75.0,2024-12-09,,Renewal
119,100068,Starter,1,15.0,15.0,2024-10-21,,Initial Signup
120,100069,Pro,42,49.0,2058.0,2023-01-26,,Initial Signup
121,100070,Growth,8,29.0,232.0,2021-02-27,,Initial Signup
122,100071,Starter,1,15.0,15.0,2021-08-18,2021-09-28,Initial Signup
123,100071,Starter,2,15.0,30.0,2021-09-28,,Seat Change
124,100072,Starter,1,15.0,15.0,2023-10-03,,Initial Signup
125,100073,Pro,29,49.0,1421.0,2022-12-07,,Initial Signup
126,100074,Starter,4,15.0,60.0,2022-11-21,,Initial Signup
127,100075,Growth,11,29.0,319.0,2022-08-18,2023-03-10,Initial Signup
128,100075,Growth,11,29.0,319.0,2023-03-10,,Renewal
129,100076,Pro,80,49.0,3920.0,2021-10-13,2023-04-08,
130,100076,Pro,67,49.0,3283.0,2023-04-08,,Seat Change
131,100077,Starter,3,15.0,45.0,2021-10-12,,Initial Signup
132,100078,Starter,1,15.0,15.0,2023-03-20,2023-09-06,Initial Signup
133,100078,Starter,2,15.0,30.0,2023-09-06,2024-03-20,Seat Change
134,100078,Starter,3,15.0,45.0,2024-03-20,,Seat Change
135,100079,Growth,6,29.0,174.0,2021-08-12,,Initial Signup
136,100080,Starter,1,15.0,15.0,2022-09-05,,Initial Signup
137,100081,Growth,11,29.0,319.0,2022-10-28,,Initial Signup
138,100082,Starter,4,15.0,60.0,2023-06-10,2024-08-10,Initial Signup
139,100082,Starter,4,15.0,60.0,2024-08-10,,Renewal
140,100083,Enterprise,294,32.59,9581.46,2021-08-08,2021-08-25,Initial Signup
141,100083,Enterprise,294,32.59,9581.46,2021-08-25,2021-11-28,Renewal
142,100083,Enterprise,294,32.59,9581.46,2021-11-28,,Renewal
143,100084,Starter,1,15.0,15.0,2022-11-02,,Initial Signup
144,100085,Growth,7,29.0,203.0,2021-03-14,2022-06-09,Initial Signup
145,100085,Pro,20,49.0,980.0,2022-06-09,2024-07-03,Upgrade
146,100085,Pro,20,49.0,980.0,2024-07-03,2024-08-16,Renewal
147,100085,Pro,20,49.0,980.0,2024-08-16,,Renewal
148,100086,Growth,11,29.0,319.0,2021-04-28,,Initial Signup
149,100087,Starter,1,15.0,15.0,2021-10-05,,Initial Signup
150,100088,Pro,20,49.0,897.11,2021-02-07,,Initial Signup
151,100089,Starter,5,15.0,75.0,2024-04-05,2024-11-18,Initial Signup
152,100089,Starter,4,15.0,60.0,2024-11-18,,Seat Change
153,100090,Starter,4,15.0,60.0,2023-11-03,,Initial Signup
154,100091,Starter,4,15.0,60.0,2021-01-17,2022-11-29,Initial Signup
155,100091,Starter,3,15.0,45.0,2022-11-29,,Seat Change
156,100092,Growth,7,29.0,203.0,2023-05-09,,Initial Signup
157,100093,Growth,6,29.0,174.0,2022-01-22,,Initial Signup
158,100094,Growth,5,29.0,145.0,2022-09-12,2022-09-15,Initial Signup
159,100094,Pro,20,49.0,980.0,2022-09-15,2022-11-13,Upgrade
160,100094,Enterprise,63,20.42,1286.46,2022-11-13,2022-11-29,Upgrade
161,100094,Enterprise,51,20.42,1041.42,2022-11-29,,Seat Change
162,100095,Growth,7,29.0,177.75,2023-09-18,2023-12-12,Initial Signup
163,100095,Growth,7,29.0,175.46,2023-12-12,,Renewal
164,100096,Enterprise,302,25.79,7788.58,2022-04-03,,Initial Signup
165,100097,Growth,20,29.0,580.0,2021-03-10,,Initial Signup
166,100098,Starter,1,15.0,15.0,2021-01-12,2023-12-10,Initial Signup
167,100098,Starter,1,15.0,15.0,2023-12-10,,Renewal
168,100099,Growth,19,29.0,551.0,2021-12-02,,Initial Signup
169,100100,Starter,1,15.0,15.0,2024-04-12,2024-06-17,Initial Signup
170,100100,Starter,2,15.0,30.0,2024-06-17,,Seat Change
171,100101,Starter,5,15.0,75.0,2022-04-14,2022-11-23,Initial Signup
172,100101,Starter,4,15.0,60.0,2022-11-23,2022-11-25,
173,100101,Starter,5,15.0,67.11,2022-11-25,2023-02-24,Seat Change
174,100101,Starter,5,15.0,75.0,2023-02-24,,Renewal
175,100102,Starter,1,15.0,15.0,2021-09-12,,Initial Signup
176,100103,Growth,6,29.0,174.0,2021-01-15,2022-11-10,Initial Signup
177,100103,Growth,6,29.0,174.0,2022-11-10,2024-07-24,Renewal
178,100103,Growth,5,29.0,145.0,2024-07-24,2024-11-26,Seat Change
179,100103,Pro,20,49.0,980.0,2024-11-26,,Upgrade
180,100104,Starter,1,15.0,15.0,2023-12-23,,Initial Signup
181,100105,Growth,5,29.0,145.0,2021-08-22,2021-11-29,Initial Signup
182,100105,Pro,20,49.0,980.0,2021-11-29,2022-09-21,Upgrade
183,100105,Pro,20,49.0,980.0,2022-09-21,,Renewal
184,100106,Starter,4,15.0,60.0,2022-09-01,,Initial Signup
185,100107,Starter,2,15.0,28.25,2022-09-18,,Initial Signup
186,100108,Enterprise,852,22.0,18744.0,2021-07-26,2022-11-13,Initial Signup
187,100108,Pro,100,49.0,4900.0,2022-11-13,,Downgrade
188,100109,Starter,4,15.0,60.0,2021-02-25,,Initial Signup
189,100110,Starter,2,15.0,30.0,2021-10-10,2022-10-01,Initial Signup
190,100110,Starter,3,15.0,45.0,2022-10-01,,Seat Change
191,100111,Growth,5,29.0,145.0,2021-08-22,2023-04-11,Initial Signup
192,100111,Growth,7,29.0,193.51,2023-04-11,2023-06-12,Seat Change
193,100111,Pro,20,49.0,980.0,2023-06-12,,Upgrade
194,100112,Growth,5,29.0,145.0,2022-09-23,,Initial Signup
195,100113,Starter,1,15.0,15.0,2023-04-11,,Initial Signup
196,100114,Growth,5,29.0,145.0,2021-06-25,,Initial Signup
197,100115,Pro,61,49.0,2989.0,2022-02-18,,Initial Signup
198,100116,Pro,24,49.0,1107.4,2021-01-22,2021-01-26,Initial Signup
199,100116,Enterprise,54,27.86,1405.61,2021-01-26,2021-02-26,Upgrade
200,100116,Enterprise,71,27.86,1978.06,2021-02-26,,Seat Change
201,100117,Starter,4,15.0,53.5,2021-06-21,2022-11-20,Initial Signup
202,100117,Starter,5,15.0,75.0,2022-11-20,2024-05-22,Seat Change
203,100117,Starter,5,15.0,67.0,2024-05-22,2024-12-27,Renewal
204,100117,Starter,4,15.0,52.79,2024-12-27,,Seat Change
205,100118,Enterprise,208,42.68,8877.44,2022-12-22,2023-04-26,Initial Signup
206,100118,Pro,100,49.0,4900.0,2023-04-26,,Downgrade
207,100119,Pro,33,49.0,1617.0,2023-02-27,,Initial Signup
208,100120,Starter,1,15.0,15.0,2023-01-25,,Initial Signup
209,100121,Starter,3,15.0,45.0,2021-04-12,,Initial Signup
210,100122,Pro,49,49.0,2080.59,2022-03-16,,Initial Signup
211,100123,Starter,2,15.0,30.0,2021-11-19,2022-04-25,Initial Signup
212,100123,Growth,5,29.0,136.92,2022-04-25,2024-04-16,Upgrade
213,100123,Growth,5,29.0,140.35,2024-04-16,,Renewal
214,100124,Starter,1,15.0,15.0,2024-11-24,,Initial Signup
215,100125,Starter,2,15.0,30.0,2022-07-11,,Initial Signup
216,100126,Starter,3,15.0,45.0,2024-02-09,2024-11-27,Initial Signup
217,100126,Growth,5,29.0,145.0,2024-11-27,,Upgrade
218,100127,Growth,15,29.0,435.0,2021-04-21,,Initial Signup
219,100128,Growth,17,29.0,493.0,2021-11-27,2022-06-02,Initial Signup
220,100128,Growth,20,29.0,521.6,2022-06-02,,Seat Change
221,100129,Starter,4,15.0,60.0,2022-12-26,,Initial Signup
222,100130,Growth,10,29.0,269.9,2021-09-05,,Initial Signup
223,100131,Starter,1,15.0,15.0,2022-06-26,,Initial Signup
224,100132,Pro,23,49.0,1127.0,2022-01-23,,Initial Signup
225,100133,Starter,4,15.0,60.0,2024-11-05,,Initial Signup
226,100134,Starter,3,15.0,45.0,2021-05-01,2022-04-27,Initial Signup
227,100134,Starter,4,15.0,60.0,2022-04-27,2022-07-22,Seat Change
228,100134,Growth,5,29.0,145.0,2022-07-22,2023-03-30,Upgrade
229,100134,Pro,20,49.0,980.0,2023-03-30,,Upgrade
230,100135,Starter,4,15.0,60.0,2024-02-06,,Initial Signup
231,100136,Growth,8,29.0,232.0,2021-10-27,,Initial Signup
232,100137,Growth,6,29.0,174.0,2021-12-22,2024-03-07,Initial Signup
233,100137,Growth,6,29.0,174.0,2024-03-07,,Renewal
234,100138,Growth,9,29.0,237.67,2022-02-17,2023-03-07,Initial Signup
235,100138,Growth,10,29.0,249.37,2023-03-07,2024-04-03,Seat Change
236,100138,Starter,5,15.0,75.0,2024-04-03,,Downgrade
237,100139,Growth,7,29.0,203.0,2021-07-18,2022-10-16,Initial Signup
238,100139,Growth,8,29.0,197.96,2022-10-16,,Seat Change
239,100140,Starter,1,15.0,15.0,2024-07-12,2024-08-28,Initial Signup
240,100140,Growth,5,29.0,145.0,2024-08-28,2024-11-17,Upgrade
241,100140,Pro,20,49.0,980.0,2024-11-17,2024-12-08,
242,100140,Growth,19,29.0,551.0,2024-12-08,,Downgrade
243,100141,Pro,23,49.0,1127.0,2023-11-26,,Initial Signup
244,100142,Growth,10,29.0,290.0,2024-08-05,,Initial Signup
245,100143,Growth,12,29.0,348.0,2024-12-09,,Initial Signup
246,100144,Growth,7,29.0,203.0,2022-08-06,2022-08-30,Initial Signup
247,100144,Growth,8,29.0,232.0,2022-08-30,,Seat Change
248,100145,Pro,22,49.0,1078.0,2021-11-24,,Initial Signup
249,100146,Growth,7,29.0,203.0,2023-07-16,2023-09-09,Initial Signup
250,100146,Pro,20,49.0,980.0,2023-09-09,2023-10-15,Upgrade
251,100146,Pro,26,49.0,1274.0,2023-10-15,2024-03-16,Seat Change
252,100146,Growth,20,29.0,521.27,2024-03-16,,Downgrade
253,100147,Growth,7,29.0,203.0,2021-01-20,2021-12-11,Initial Signup
254,100147,Growth,8,29.0,201.11,2021-12-11,2022-06-01,Seat Change
255,100147,Starter,5,15.0,75.0,2022-06-01,,Downgrade
256,100148,Starter,5,15.0,75.0,2023-05-26,,Initial Signup
257,100149,Starter,3,15.0,45.0,2021-12-06,2023-01-24,Initial Signup
258,100149,Starter,3,15.0,40.58,2023-01-24,2024-09-09,Renewal
259,100149,Starter,4,15.0,60.0,2024-09-09,,Seat Change
260,100150,Starter,4,15.0,60.0,2022-08-28,,Initial Signup
261,100151,Growth,13,29.0,377.0,2021-09-04,2022-12-18,Initial Signup
262,100151,Growth,15,29.0,435.0,2022-12-18,,Seat Change
263,100152,Enterprise,190,42.74,8120.6,2021-09-22,2023-02-15,Initial Signup
264,100152,Enterprise,223,42.74,9531.02,2023-02-15,2023-03-02,
265,100152,Enterprise,229,42.74,9787.46,2023-03-02,,Seat Change
266,100153,Growth,7,29.0,203.0,2021-01-20,,Initial Signup
267,100154,Growth,17,29.0,493.0,2021-11-24,2023-06-26,Initial Signup
268,100154,Growth,20,29.0,580.0,2023-06-26,2024-11-28,Seat Change
269,100154,Starter,5,15.0,75.0,2024-11-28,,Downgrade
270,100155,Starter,3,15.0,45.0,2021-10-05,2022-03-10,Initial Signup
271,100155,Starter,3,15.0,45.0,2022-03-10,2023-04-08,
272,100155,Growth,5,29.0,145.0,2023-04-08,,Upgrade
273,100156,Pro,50,49.0,2450.0,2021-06-27,2023-06-03,Initial Signup
274,100156,Enterprise,88,35.19,2778.43,2023-06-03,,Upgrade
275,100157,Starter,3,15.0,45.0,2021-06-23,2021-11-22,Initial Signup
276,100157,Starter,4,15.0,60.0,2021-11-22,,Seat Change
277,100158,Starter,3,15.0,45.0,2022-04-04,2022-07-27,Initial Signup
278,100158,Growth,5,29.0,126.31,2022-07-27,2024-06-23,Upgrade
279,100158,Growth,5,29.0,140.53,2024-06-23,,Renewal
280,100159,Growth,6,29.0,174.0,2021-08-16,2023-05-07,Initial Signup
281,100159,Growth,5,29.0,145.0,2023-05-07,2023-08-05,Seat Change
282,100159,Starter,5,15.0,75.0,2023-08-05,,Downgrade
283,100160,Starter,4,15.0,53.08,2023-05-23,,Initial Signup
284,100161,Growth,7,29.0,203.0,2021-03-14,2022-11-06,Initial Signup
285,100161,Starter,5,15.0,75.0,2022-11-06,2024-08-04,Downgrade
286,100161,Starter,4,15.0,60.0,2024-08-04,,Seat Change
287,100162,Starter,3,15.0,45.0,2022-04-11,,Initial Signup
288,100163,Growth,11,29.0,299.47,2021-04-08,,Initial Signup
289,100164,Growth,5,29.0,145.0,2022-02-15,,Initial Signup
290,100165,Growth,6,29.0,174.0,2022-03-28,,Initial Signup
291,100166,Growth,20,29.0,580.0,2022-07-18,2022-09-25,Initial Signup
292,100166,Growth,16,29.0,464.0,2022-09-25,2022-11-27,Seat Change
293,100166,Growth,16,29.0,464.0,2022-11-27,2022-12-03,Renewal
294,100166,Pro,20,49.0,980.0,2022-12-03,,Upgrade
295,100167,Growth,18,29.0,522.0,2021-11-21,,Initial Signup
296,100168,Starter,1,15.0,15.0,2022-01-22,,Initial Signup
297,100169,Growth,19,29.0,551.0,2021-05-22,,Initial Signup
298,100170,Starter,1,15.0,15.0,2021-12-12,2022-01-24,Initial Signup
299,100170,Starter,1,15.0,15.0,2022-01-24,2022-11-23,Renewal
300,100170,Starter,2,15.0,30.0,2022-11-23,2023-03-18,Seat Change
301,100170,Starter,3,15.0,45.0,2023-03-18,,Seat Change
302,100171,Growth,9,29.0,261.0,2021-09-22,,Initial Signup
303,100172,Starter,1,15.0,15.0,2022-08-10,,Initial Signup
304,100173,Pro,20,49.0,980.0,2021-11-17,2023-04-18,Initial Signup
305,100173,Pro,22,49.0,1078.0,2023-04-18,,Seat Change
306,100174,Growth,18,29.0,522.0,2023-01-09,2023-02-11,Initial Signup
307,100174,Growth,17,29.0,493.0,2023-02-11,,Seat Change
308,100175,Growth,19,29.0,551.0,2021-11-27,,Initial Signup
309,100176,Starter,1,15.0,13.79,2021-06-21,,Initial Signup
310,100177,Starter,1,15.0,15.0,2021-07-17,2023-02-01,Initial Signup
311,100177,Starter,1,15.0,15.0,2023-02-01,2023-06-24,Renewal
312,100177,Starter,1,15.0,15.0,2023-06-24,,Renewal
313,100178,Growth,6,29.0,174.0,2021-01-13,,Initial Signup
314,100179,Starter,5,15.0,75.0,2022-02-15,2024-07-31,Initial Signup
315,100179,Growth,5,29.0,132.24,2024-07-31,,Upgrade
316,100180,Starter,2,15.0,30.0,2023-05-22,2024-11-11,Initial Signup
317,100180,Growth,5,29.0,145.0,2024-11-11,,Upgrade
318,100181,Growth,13,29.0,377.0,2022-12-08,,Initial Signup
319,100182,Pro,98,49.0,4802.0,2021-11-24,,Initial Signup
320,100183,Pro,30,49.0,1470.0,2021-05-08,2023-02-27,Initial Signup
321,100183,Growth,20,29.0,580.0,2023-02-27,2024-12-24,Downgrade
322,100183,Growth,19,29.0,551.0,2024-12-24,,Seat Change
323,100184,Growth,6,29.0,150.67,2023-08-04,2024-07-29,Initial Signup
324,100184,Starter,5,15.0,75.0,2024-07-29,,Downgrade
325,100185,Growth,18,29.0,522.0,2021-02-21,2021-05-26,Initial Signup
326,100185,Pro,20,49.0,980.0,2021-05-26,2022-04-10,Upgrade
327,100185,Pro,20,49.0,923.68,2022-04-10,,Renewal
328,100186,Growth,5,29.0,145.0,2021-10-20,2024-03-17,Initial Signup
329,100186,Growth,7,29.0,187.96,2024-03-17,,Seat Change
330,100187,Growth,5,29.0,145.0,2023-07-10,,Initial Signup
331,100188,Growth,11,29.0,319.0,2021-10-19,2022-03-11,Initial Signup
332,100188,Growth,13,29.0,377.0,2022-03-11,2024-12-22,Seat Change
333,100188,Pro,20,49.0,980.0,2024-12-22,,Upgrade
334,100189,Growth,7,29.0,203.0,2021-03-21,2024-12-29,Initial Signup
335,100189,Growth,7,29.0,203.0,2024-12-29,,Renewal
336,100190,Starter,2,15.0,30.0,2021-07-23,,Initial Signup
337,100191,Starter,2,15.0,30.0,2022-05-27,,Initial Signup
338,100192,Starter,1,15.0,15.0,2021-04-24,2021-06-13,Initial Signup
339,100192,Starter,1,15.0,15.0,2021-06-13,2021-07-31,Renewal
340,100192,Starter,2,15.0,30.0,2021-07-31,2021-11-30,Seat Change
341,100192,Starter,1,15.0,15.0,2021-11-30,2022-06-25,Seat Change
342,100192,Starter,1,15.0,15.0,2022-06-25,,Renewal
343,100193,Growth,7,29.0,203.0,2022-07-13,2024-06-24,Initial Signup
344,100193,Growth,7,29.0,203.0,2024-06-24,,Renewal
345,100194,Starter,3,15.0,45.0,2021-11-07,2022-12-31,Initial Signup
346,100194,Starter,4,15.0,60.0,2022-12-31,,Seat Change
347,100195,Growth,17,29.0,493.0,2021-09-03,2024-05-30,Initial Signup
348,100195,Starter,5,15.0,75.0,2024-05-30,2024-10-26,Downgrade
349,100195,Starter,4,15.0,60.0,2024-10-26,,Seat Change
350,100196,Starter,1,15.0,15.0,2021-06-17,2023-05-14,Initial Signup
351,100196,Growth,5,29.0,145.0,2023-05-14,,Upgrade
352,100197,Pro,42,49.0,2058.0,2023-04-19,2023-06-16,Initial Signup
353,100197,Growth,20,29.0,580.0,2023-06-16,,Downgrade
354,100198,Growth,6,29.0,174.0,2021-10-20,,Initial Signup
355,100199,Growth,5,29.0,127.4,2022-11-01,,Initial Signup
356,100200,Growth,15,29.0,435.0,2021-11-20,2021-12-09,Initial Signup
357,100200,Pro,20,49.0,980.0,2021-12-09,2022-03-02,Upgrade
358,100200,Pro,20,49.0,980.0,2022-03-02,,Renewal
359,100201,Growth,6,29.0,174.0,2021-03-23,2023-07-20,Initial Signup
360,100201,Pro,20,49.0,853.29,2023-07-20,,Upgrade
361,100202,Starter,1,15.0,15.0,2021-11-21,2022-08-26,Initial Signup
362,100202,Starter,2,15.0,30.0,2022-08-26,,Seat Change
363,100203,Starter,1,15.0,15.0,2022-01-15,2022-01-23,Initial Signup
364,100203,Growth,5,29.0,145.0,2022-01-23,2022-02-13,Upgrade
365,100203,Starter,5,15.0,75.0,2022-02-13,2023-04-15,Downgrade
366,100203,Starter,5,15.0,75.0,2023-04-15,,Renewal
367,100204,Starter,1,15.0,15.0,2021-11-01,,Initial Signup
368,100205,Growth,5,29.0,145.0,2023-04-14,,Initial Signup
369,100206,Growth,10,29.0,290.0,2023-11-19,,Initial Signup
370,100207,Starter,3,15.0,42.43,2023-01-16,,Initial Signup
371,100208,Growth,17,29.0,493.0,2022-04-17,,Initial Signup
372,100209,Growth,12,29.0,348.0,2022-02-15,2022-10-16,Initial Signup
373,100209,Pro,20,49.0,922.12,2022-10-16,2023-11-01,Upgrade
374,100209,Pro,21,49.0,1029.0,2023-11-01,2024-05-05,Seat Change
375,100209,Pro,20,49.0,980.0,2024-05-05,,Seat Change
376,100210,Starter,1,15.0,15.0,2022-07-16,,Initial Signup
377,100211,Growth,15,29.0,435.0,2021-07-10,2023-04-02,Initial Signup
378,100211,Pro,20,49.0,980.0,2023-04-02,,Upgrade
379,100212,Pro,78,49.0,3822.0,2023-03-17,2024-03-13,Initial Signup
380,100212,Enterprise,119,42.8,5093.2,2024-03-13,,Upgrade
381,100213,Starter,4,15.0,60.0,2023-07-08,2024-08-05,Initial Signup
382,100213,Starter,5,15.0,75.0,2024-08-05,,Seat Change
383,100214,Starter,1,15.0,15.0,2021-07-14,,Initial Signup
384,100215,Pro,23,49.0,1127.0,2023-11-12,2023-12-11,Initial Signup
385,100215,Enterprise,68,28.77,1710.01,2023-12-11,2024-11-25,Upgrade
386,100215,Enterprise,83,28.77,2387.91,2024-11-25,,Seat Change
387,100216,Pro,33,49.0,1617.0,2023-06-20,2023-07-17,Initial Signup
388,100216,Growth,20,29.0,580.0,2023-07-17,2023-11-29,Downgrade
389,100216,Growth,15,29.0,372.21,2023-11-29,2024-02-23,Seat Change
390,100216,Pro,20,49.0,980.0,2024-02-23,2024-03-12,Upgrade
391,100216,Enterprise,65,27.87,1811.55,2024-03-12,,Upgrade
392,100217,Starter,1,15.0,15.0,2021-11-26,2022-01-26,
393,100217,Starter,2,15.0,30.0,2022-01-26,2022-02-24,Seat Change
394,100217,Starter,3,15.0,45.0,2022-02-24,2022-03-13,Seat Change
395,100217,Starter,3,15.0,45.0,2022-03-13,,Renewal
396,100218,Starter,3,15.0,45.0,2023-11-18,2023-12-23,Initial Signup
397,100218,Starter,2,15.0,30.0,2023-12-23,,Seat Change
398,100219,Growth,5,29.0,145.0,2021-03-04,2021-10-27,Initial Signup
399,100219,Growth,7,29.0,203.0,2021-10-27,,Seat Change
400,100220,Starter,4,15.0,53.52,2021-01-19,,Initial Signup
401,100221,Starter,1,15.0,15.0,2021-09-10,2023-12-20,Initial Signup
402,100221,Starter,1,15.0,15.0,2023-12-20,,Renewal
403,100222,Pro,64,49.0,3136.0,2022-03-02,,Initial Signup
404,100223,Starter,1,15.0,15.0,2021-09-06,2022-11-06,Initial Signup
405,100223,Growth,5,29.0,145.0,2022-11-06,,Upgrade
406,100224,Starter,3,15.0,45.0,2024-03-28,,Initial Signup
407,100225,Starter,5,15.0,75.0,2021-07-12,2022-01-08,Initial Signup
408,100225,Starter,4,15.0,60.0,2022-01-08,,Seat Change
409,100226,Growth,8,29.0,232.0,2021-07-06,,Initial Signup
410,100227,Starter,2,15.0,30.0,2022-06-04,,Initial Signup
411,100228,Pro,23,49.0,1127.0,2021-01-19,,Initial Signup
412,100229,Starter,3,15.0,45.0,2022-10-22,,Initial Signup
413,100230,Starter,1,15.0,15.0,2021-09-10,2023-01-22,Initial Signup
414,100230,Starter,2,15.0,30.0,2023-01-22,,Seat Change
415,100231,Growth,7,29.0,203.0,2024-09-03,,Initial Signup
416,100232,Growth,15,29.0,435.0,2022-09-10,,Initial Signup
417,100233,Starter,3,15.0,45.0,2021-02-19,2023-10-21,Initial Signup
418,100233,Starter,4,15.0,60.0,2023-10-21,,Seat Change
419,100234,Growth,6,29.0,174.0,2021-03-04,2023-06-26,Initial Signup
420,100234,Pro,20,49.0,980.0,2023-06-26,2023-09-20,Upgrade
421,100234,Enterprise,55,29.41,1617.55,2023-09-20,,Upgrade
422,100235,Starter,1,15.0,15.0,2021-02-08,,Initial Signup
423,100236,Pro,31,49.0,1300.31,2024-05-01,,Initial Signup
424,100237,Pro,27,49.0,1323.0,2022-09-14,2023-01-31,Initial Signup
425,100237,Pro,27,49.0,1323.0,2023-01-31,,Renewal
426,100238,Starter,2,15.0,30.0,2021-11-05,2022-10-27,Initial Signup
427,100238,Starter,3,15.0,45.0,2022-10-27,2023-07-26,Seat Change
428,100238,Starter,3,15.0,45.0,2023-07-26,,Renewal
429,100239,Starter,1,15.0,15.0,2021-05-06,,Initial Signup
430,100240,Growth,5,29.0,126.68,2023-08-04,,Initial Signup
431,100241,Starter,1,15.0,15.0,2021-05-21,2021-07-27,Initial Signup
432,100241,Growth,5,29.0,145.0,2021-07-27,2022-02-21,Upgrade
433,100241,Pro,20,49.0,980.0,2022-02-21,2023-06-19,Upgrade
434,100241,Enterprise,50,39.59,1979.5,2023-06-19,2024-02-14,Upgrade
435,100241,Enterprise,64,39.59,2533.76,2024-02-14,,Seat Change
436,100242,Starter,4,15.0,60.0,2022-09-14,,Initial Signup
437,100243,Growth,19,29.0,551.0,2022-12-27,2024-05-29,Initial Signup
438,100243,Starter,5,15.0,64.41,2024-05-29,,Downgrade
439,100244,Starter,2,15.0,30.0,2021-08-12,,Initial Signup
440,100245,Starter,4,15.0,60.0,2022-01-07,,Initial Signup
441,100246,Pro,44,49.0,2156.0,2021-06-06,2021-07-31,Initial Signup
442,100246,Pro,48,49.0,2352.0,2021-07-31,2023-01-02,Seat Change
443,100246,Enterprise,134,31.66,4242.44,2023-01-02,,Upgrade
444,100247,Growth,5,29.0,145.0,2021-09-27,2021-10-26,Initial Signup
445,100247,Growth,7,29.0,203.0,2021-10-26,,Seat Change
446,100248,Growth,6,29.0,174.0,2024-07-17,,Initial Signup
447,100249,Pro,26,49.0,1274.0,2022-09-10,,Initial Signup
448,100250,Pro,63,49.0,3087.0,2023-06-19,2023-07-12,Initial Signup
449,100250,Pro,63,49.0,3087.0,2023-07-12,2023-08-01,Renewal
450,100250,Enterprise,128,28.55,3654.4,2023-08-01,2023-09-10,Upgrade
451,100250,Pro,44,49.0,2156.0,2023-09-10,2024-03-02,Downgrade
452,100250,Pro,44,49.0,2156.0,2024-03-02,,Renewal
453,100251,Starter,1,15.0,15.0,2022-02-16,,Initial Signup
454,100252,Starter,2,15.0,30.0,2021-06-04,,Initial Signup
455,100253,Starter,2,15.0,30.0,2022-10-20,2023-07-24,Initial Signup
456,100253,Starter,2,15.0,30.0,2023-07-24,2023-12-05,Renewal
457,100253,Starter,3,15.0,45.0,2023-12-05,2024-03-26,Seat Change
458,100253,Starter,2,15.0,30.0,2024-03-26,,Seat Change
459,100254,Starter,2,15.0,30.0,2022-01-04,,Initial Signup
460,100255,Starter,2,15.0,28.58,2021-05-06,,Initial Signup
461,100256,Starter,1,15.0,15.0,2021-10-20,2023-08-06,Initial Signup
462,100256,Starter,1,15.0,15.0,2023-08-06,,Renewal
463,100257,Starter,1,15.0,15.0,2022-06-13,,Initial Signup
464,100258,Growth,10,29.0,290.0,2022-11-07,2023-03-02,Initial Signup
465,100258,Pro,20,49.0,980.0,2023-03-02,2023-03-30,Upgrade
466,100258,Enterprise,52,33.71,1752.92,2023-03-30,,Upgrade
467,100259,Growth,11,29.0,319.0,2021-06-02,,Initial Signup
468,100260,Pro,23,49.0,1127.0,2023-09-17,2023-11-21,Initial Signup
469,100260,Enterprise,50,44.39,2219.5,2023-11-21,,Upgrade
470,100261,Starter,3,15.0,39.16,2021-10-20,,Initial Signup
471,100262,Growth,9,29.0,261.0,2021-07-06,,Initial Signup
472,100263,Growth,7,29.0,203.0,2021-05-12,,Initial Signup
473,100264,Growth,6,29.0,174.0,2023-03-10,,Initial Signup
474,100265,Starter,2,15.0,28.48,2021-09-25,,Initial Signup
475,100266,Starter,2,15.0,30.0,2021-12-23,,Initial Signup
476,100267,Starter,1,15.0,15.0,2021-06-08,,Initial Signup
477,100268,Pro,25,49.0,1225.0,2022-09-15,2023-12-30,Initial Signup
478,100268,Pro,25,49.0,1225.0,2023-12-30,,Renewal
479,100269,Starter,1,15.0,15.0,2023-01-26,2023-07-11,Initial Signup
480,100269,Growth,5,29.0,145.0,2023-07-11,2024-02-27,Upgrade
481,100269,Growth,7,29.0,185.0,2024-02-27,2024-11-27,Seat Change
482,100269,Growth,6,29.0,174.0,2024-11-27,,Seat Change
483,100270,Starter,4,15.0,60.0,2021-09-10,2021-11-21,Initial Signup
484,100270,Growth,5,29.0,133.26,2021-11-21,2021-12-14,Upgrade
485,100270,Growth,5,29.0,145.0,2021-12-14,,Renewal
486,100271,Starter,4,15.0,55.87,2024-04-04,2024-07-08,Initial Signup
487,100271,Starter,4,15.0,60.0,2024-07-08,2024-08-02,Renewal
488,100271,Starter,4,15.0,57.06,2024-08-02,2024-11-15,Renewal
489,100271,Starter,4,15.0,60.0,2024-11-15,,Renewal
490,100272,Starter,1,15.0,15.0,2021-01-09,2022-10-29,Initial Signup
491,100272,Starter,2,15.0,30.0,2022-10-29,2023-05-09,Seat Change
492,100272,Growth,5,29.0,145.0,2023-05-09,,Upgrade
493,100273,Starter,3,15.0,45.0,2021-04-17,2023-06-30,Initial Signup
494,100273,Growth,5,29.0,145.0,2023-06-30,,Upgrade
495,100274,Pro,58,49.0,2842.0,2022-04-28,2022-06-18,Initial Signup
496,100274,Pro,50,49.0,2363.46,2022-06-18,2023-01-15,Seat Change
497,100274,Enterprise,206,20.25,4171.5,2023-01-15,2024-05-05,Upgrade
498,100274,Enterprise,264,20.25,5346.0,2024-05-05,2024-08-21,Seat Change
499,100274,Enterprise,228,20.25,4617.0,2024-08-21,,Seat Change
500,100275,Enterprise,677,34.26,23194.02,2022-09-09,,Initial Signup
501,100276,Starter,3,15.0,45.0,2021-06-02,2021-07-09,Initial Signup
502,100276,Starter,2,15.0,27.54,2021-07-09,,Seat Change
503,100277,Growth,13,29.0,377.0,2022-03-06,,Initial Signup
504,100278,Growth,18,29.0,522.0,2021-08-12,,Initial Signup
505,100279,Starter,2,15.0,30.0,2022-03-03,2024-06-04,Initial Signup
506,100279,Growth,5,29.0,145.0,2024-06-04,,Upgrade
507,100280,Starter,3,15.0,45.0,2022-07-01,2022-08-04,Initial Signup
508,100280,Growth,5,29.0,145.0,2022-08-04,2023-02-09,Upgrade
509,100280,Growth,7,29.0,203.0,2023-02-09,2023-07-09,Seat Change
510,100280,Growth,6,29.0,174.0,2023-07-09,2024-02-03,Seat Change
511,100280,Growth,7,29.0,203.0,2024-02-03,,Seat Change
512,100281,Growth,14,29.0,406.0,2024-08-19,,Initial Signup
513,100282,Starter,3,15.0,45.0,2021-11-24,,Initial Signup
514,100283,Starter,4,15.0,60.0,2022-07-07,2022-07-23,Initial Signup
515,100283,Starter,5,15.0,75.0,2022-07-23,,Seat Change
516,100284,Growth,8,29.0,232.0,2022-04-15,,Initial Signup
517,100285,Growth,14,29.0,406.0,2021-08-17,2023-09-19,Initial Signup
518,100285,Pro,20,49.0,980.0,2023-09-19,2024-07-28,Upgrade
519,100285,Pro,28,49.0,1372.0,2024-07-28,,Seat Change
520,100286,Growth,18,29.0,522.0,2021-07-19,,Initial Signup
521,100287,Growth,6,29.0,174.0,2024-10-28,,Initial Signup
522,100288,Growth,6,29.0,174.0,2021-05-25,2024-06-26,Initial Signup
523,100288,Growth,6,29.0,174.0,2024-06-26,,Renewal
524,100289,Starter,3,15.0,45.0,2023-02-09,,Initial Signup
525,100290,Pro,96,49.0,4704.0,2021-04-28,,Initial Signup
526,100291,Starter,3,15.0,45.0,2023-03-01,2023-03-04,Initial Signup
527,100291,Growth,5,29.0,145.0,2023-03-04,,Upgrade
528,100292,Starter,4,15.0,60.0,2021-05-27,,Initial Signup
529,100293,Starter,1,15.0,15.0,2024-07-04,,Initial Signup
530,100294,Starter,4,15.0,60.0,2022-09-04,2023-01-30,Initial Signup
531,100294,Starter,5,15.0,75.0,2023-01-30,2024-08-02,Seat Change
532,100294,Starter,4,15.0,60.0,2024-08-02,2024-10-18,Seat Change
533,100294,Growth,5,29.0,145.0,2024-10-18,,Upgrade
534,100295,Growth,8,29.0,217.5,2021-02-04,,Initial Signup
535,100296,Growth,5,29.0,145.0,2022-09-04,,Initial Signup
536,100297,Pro,43,49.0,2107.0,2022-05-13,2022-09-10,Initial Signup
537,100297,Pro,38,49.0,1862.0,2022-09-10,,Seat Change
538,100298,Starter,1,15.0,15.0,2021-09-18,2023-12-17,Initial Signup
539,100298,Starter,1,15.0,15.0,2023-12-17,2024-05-11,Renewal
540,100298,Growth,5,29.0,145.0,2024-05-11,2024-12-09,Upgrade
541,100298,Pro,20,49.0,980.0,2024-12-09,,Upgrade
542,100299,Starter,2,15.0,30.0,2021-07-21,2022-03-03,Initial Signup
543,100299,Growth,5,29.0,145.0,2022-03-03,,Upgrade
544,100300,Starter,1,15.0,12.84,2022-10-01,,Initial Signup
545,100301,Starter,2,15.0,30.0,2022-11-09,,Initial Signup
546,100302,Pro,31,49.0,1519.0,2021-08-04,2022-01-06,Initial Signup
547,100302,Pro,31,49.0,1519.0,2022-01-06,2023-03-10,Renewal
548,100302,Pro,31,49.0,1519.0,2023-03-10,,Renewal
549,100303,Starter,3,15.0,45.0,2023-09-05,2024-06-20,Initial Signup
550,100303,Starter,3,15.0,45.0,2024-06-20,2024-06-22,Renewal
551,100303,Starter,2,15.0,30.0,2024-06-22,,Seat Change
552,100304,Growth,10,29.0,290.0,2021-07-21,2023-08-11,Initial Signup
553,100304,Growth,10,29.0,290.0,2023-08-11,,Renewal
554,100305,Growth,6,29.0,174.0,2021-02-18,,Initial Signup
555,100306,Starter,1,15.0,15.0,2022-05-06,,Initial Signup
556,100307,Growth,10,29.0,290.0,2021-03-09,,Initial Signup
557,100308,Starter,1,15.0,12.91,2021-07-26,,Initial Signup
558,100309,Enterprise,920,37.52,34518.4,2022-01-17,2024-03-29,Initial Signup
559,100309,Enterprise,940,37.52,35268.8,2024-03-29,,Seat Change
560,100310,Starter,3,15.0,45.0,2021-07-07,,Initial Signup
561,100311,Growth,5,29.0,145.0,2021-06-27,,Initial Signup
562,100312,Starter,4,15.0,60.0,2022-09-06,,Initial Signup
563,100313,Starter,2,15.0,30.0,2022-02-09,,Initial Signup
564,100314,Growth,12,29.0,348.0,2023-06-20,2023-12-16,Initial Signup
565,100314,Pro,20,49.0,980.0,2023-12-16,2024-03-13,Upgrade
566,100314,Pro,27,49.0,1323.0,2024-03-13,,Seat Change
567,100315,Enterprise,231,29.71,6863.01,2022-04-15,2022-04-17,Initial Signup
568,100315,Enterprise,303,29.71,7822.31,2022-04-17,2022-07-02,Seat Change
569,100315,Enterprise,232,29.71,6892.72,2022-07-02,,Seat Change
570,100316,Growth,8,29.0,232.0,2021-12-02,2022-10-16,Initial Signup
571,100316,Growth,8,29.0,232.0,2022-10-16,2022-11-09,Renewal
572,100316,Starter,5,15.0,75.0,2022-11-09,2024-06-10,Downgrade
573,100316,Starter,4,15.0,60.0,2024-06-10,2024-09-27,Seat Change
574,100316,Starter,3,15.0,45.0,2024-09-27,,Seat Change
575,100317,Starter,1,15.0,15.0,2021-07-23,,Initial Signup
576,100318,Growth,5,29.0,145.0,2023-02-07,2023-02-21,Initial Signup
577,100318,Starter,5,15.0,75.0,2023-02-21,,Downgrade
578,100319,Starter,1,15.0,15.0,2021-05-20,2022-08-31,Initial Signup
579,100319,Starter,2,15.0,30.0,2022-08-31,,Seat Change
580,100320,Starter,2,15.0,26.04,2021-06-10,2021-09-17,Initial Signup
581,100320,Starter,2,15.0,30.0,2021-09-17,2022-12-05,Renewal
582,100320,Starter,1,15.0,15.0,2022-12-05,,Seat Change
583,100321,Starter,3,15.0,45.0,2023-06-22,,Initial Signup
584,100322,Growth,6,29.0,174.0,2022-11-26,2024-08-21,Initial Signup
585,100322,Growth,6,29.0,174.0,2024-08-21,2024-09-22,Renewal
586,100322,Starter,5,15.0,75.0,2024-09-22,,Downgrade
587,100323,Pro,40,49.0,1960.0,2022-05-22,,Initial Signup
588,100324,Growth,13,29.0,377.0,2021-01-26,,Initial Signup
589,100325,Starter,1,15.0,15.0,2021-03-16,2022-06-16,Initial Signup
590,100325,Starter,1,15.0,15.0,2022-06-16,2022-12-01,Renewal
591,100325,Starter,2,15.0,30.0,2022-12-01,2023-04-04,Seat Change
592,100325,Growth,5,29.0,145.0,2023-04-04,,Upgrade
593,100326,Pro,37,49.0,1813.0,2021-12-02,2022-05-07,Initial Signup
594,100326,Enterprise,129,20.11,2594.19,2022-05-07,2023-01-06,Upgrade
595,100326,Enterprise,152,20.11,3056.72,2023-01-06,,Seat Change
596,100327,Starter,3,15.0,45.0,2022-11-16,,Initial Signup
597,100328,Growth,17,29.0,493.0,2021-12-13,,Initial Signup
598,100329,Enterprise,554,25.92,14359.68,2021-01-21,,Initial Signup
599,100330,Starter,1,15.0,15.0,2021-05-07,2021-07-06,Initial Signup
600,100330,Starter,2,15.0,30.0,2021-07-06,2021-09-16,Seat Change
601,100330,Growth,5,29.0,145.0,2021-09-16,2021-09-20,Upgrade
602,100330,Growth,7,29.0,203.0,2021-09-20,,Seat Change
603,100331,Starter,1,15.0,15.0,2022-04-20,,Initial Signup
604,100332,Growth,9,29.0,261.0,2022-09-13,,Initial Signup
605,100333,Pro,21,49.0,1029.0,2021-01-19,2021-02-12,Initial Signup
606,100333,Growth,20,29.0,580.0,2021-02-12,,Downgrade
607,100334,Pro,81,49.0,3969.0,2021-01-12,2023-11-28,Initial Signup
608,100334,Pro,62,49.0,3038.0,2023-11-28,2023-12-19,Seat Change
609,100334,Enterprise,139,38.45,5344.55,2023-12-19,,Upgrade
610,100335,Growth,9,29.0,261.0,2021-07-11,2022-03-18,Initial Signup
611,100335,Pro,20,49.0,980.0,2022-03-18,,Upgrade
612,100336,Growth,5,29.0,145.0,2021-02-06,,Initial Signup
613,100337,Starter,4,15.0,60.0,2022-02-24,,Initial Signup
614,100338,Pro,20,49.0,980.0,2021-03-02,,Initial Signup
615,100339,Starter,1,15.0,13.32,2022-07-07,2022-09-06,Initial Signup
616,100339,Starter,2,15.0,30.0,2022-09-06,,Seat Change
617,100340,Starter,1,15.0,15.0,2023-01-12,2024-07-18,Initial Signup
618,100340,Starter,1,15.0,15.0,2024-07-18,2024-12-12,Renewal
619,100340,Starter,2,15.0,30.0,2024-12-12,,Seat Change
620,100341,Starter,2,15.0,30.0,2024-08-05,2024-10-03,Initial Signup
621,100341,Starter,3,15.0,45.0,2024-10-03,2024-10-16,Seat Change
622,100341,Starter,3,15.0,45.0,2024-10-16,,Renewal
623,100342,Growth,18,29.0,522.0,2024-04-26,2024-11-22,Initial Signup
624,100342,Growth,18,29.0,522.0,2024-11-22,2024-12-27,Renewal
625,100342,Pro,20,49.0,911.17,2024-12-27,,Upgrade
626,100343,Starter,2,15.0,30.0,2021-07-10,,Initial Signup
627,100344,Starter,1,15.0,15.0,2021-01-07,,Initial Signup
628,100345,Growth,12,29.0,348.0,2021-08-08,,Initial Signup
629,100346,Pro,20,49.0,980.0,2022-10-06,,Initial Signup
630,100347,Growth,5,29.0,145.0,2021-02-19,,Initial Signup
631,100348,Starter,3,15.0,45.0,2021-09-14,2022-07-09,Initial Signup
632,100348,Starter,4,15.0,60.0,2022-07-09,2023-03-28,Seat Change
633,100348,Starter,5,15.0,75.0,2023-03-28,,Seat Change
634,100349,Starter,2,15.0,30.0,2021-08-07,,Initial Signup
635,100350,Starter,1,15.0,15.0,2021-06-25,,Initial Signup
636,100351,Starter,4,15.0,60.0,2022-09-19,2023-07-23,Initial Signup
637,100351,Starter,5,15.0,75.0,2023-07-23,,Seat Change
638,100352,Growth,11,29.0,319.0,2022-07-12,,Initial Signup
639,100353,Growth,5,29.0,138.19,2022-02-15,,Initial Signup
640,100354,Starter,1,15.0,15.0,2023-11-19,,Initial Signup
641,100355,Starter,3,15.0,45.0,2021-03-05,2022-12-05,Initial Signup
642,100355,Growth,5,29.0,145.0,2022-12-05,,Upgrade
643,100356,Growth,6,29.0,174.0,2021-04-23,,Initial Signup
644,100357,Starter,2,15.0,30.0,2021-10-08,,Initial Signup
645,100358,Starter,5,15.0,75.0,2022-07-01,,Initial Signup
646,100359,Starter,1,15.0,15.0,2022-04-15,,Initial Signup
647,100360,Starter,2,15.0,30.0,2021-02-25,,Initial Signup
648,100361,Starter,4,15.0,60.0,2024-06-21,,Initial Signup
649,100362,Pro,21,49.0,1029.0,2021-08-09,2021-09-05,Initial Signup
650,100362,Pro,23,49.0,1127.0,2021-09-05,,Seat Change
651,100363,Growth,9,29.0,261.0,2021-09-12,2024-04-18,Initial Signup
652,100363,Pro,20,49.0,980.0,2024-04-18,,Upgrade
653,100364,Starter,2,15.0,30.0,2022-06-17,,Initial Signup
654,100365,Starter,3,15.0,43.17,2024-04-07,,Initial Signup
655,100366,Starter,3,15.0,45.0,2022-08-23,2023-08-22,Initial Signup
656,100366,Growth,5,29.0,145.0,2023-08-22,,Upgrade
657,100367,Pro,20,49.0,980.0,2024-05-09,,Initial Signup
658,100368,Growth,12,29.0,348.0,2021-05-07,2021-10-18,Initial Signup
659,100368,Growth,12,29.0,348.0,2021-10-18,2023-05-25,Renewal
660,100368,Growth,9,29.0,261.0,2023-05-25,,Seat Change
661,100369,Starter,2,15.0,30.0,2022-06-03,,Initial Signup
662,100370,Growth,6,29.0,174.0,2023-05-20,2023-11-13,Initial Signup
663,100370,Starter,5,15.0,75.0,2023-11-13,2023-12-15,Downgrade
664,100370,Starter,4,15.0,53.0,2023-12-15,2024-12-22,Seat Change
665,100370,Starter,5,15.0,70.92,2024-12-22,,Seat Change
666,100371,Starter,2,15.0,30.0,2022-01-01,2022-07-03,Initial Signup
667,100371,Starter,3,15.0,45.0,2022-07-03,2023-12-20,Seat Change
668,100371,Starter,4,15.0,60.0,2023-12-20,,Seat Change
669,100372,Pro,34,49.0,1666.0,2021-09-23,2024-04-14,Initial Signup
670,100372,Pro,37,49.0,1813.0,2024-04-14,,Seat Change
671,100373,Starter,2,15.0,30.0,2024-10-28,,Initial Signup
672,100374,Starter,2,15.0,30.0,2021-04-04,,
673,100375,Starter,2,15.0,30.0,2021-10-03,,Initial Signup
674,100376,Pro,22,49.0,1078.0,2023-08-27,2024-01-31,Initial Signup
675,100376,Growth,20,29.0,580.0,2024-01-31,,Downgrade
676,100377,Pro,36,49.0,1669.45,2023-10-04,,
677,100378,Growth,7,29.0,203.0,2024-09-12,,Initial Signup
678,100379,Starter,2,15.0,27.53,2023-09-25,,Initial Signup
679,100380,Growth,15,29.0,435.0,2021-02-04,,Initial Signup
680,100381,Growth,12,29.0,348.0,2024-01-19,2024-03-14,Initial Signup
681,100381,Growth,11,29.0,319.0,2024-03-14,2024-11-24,Seat Change
682,100381,Growth,11,29.0,319.0,2024-11-24,,Renewal
683,100382,Starter,4,15.0,60.0,2021-11-11,2021-12-02,Initial Signup
684,100382,Starter,4,15.0,54.3,2021-12-02,2022-04-11,Renewal
685,100382,Growth,5,29.0,145.0,2022-04-11,,Upgrade
686,100383,Growth,12,29.0,348.0,2022-07-13,,Initial Signup
687,100384,Growth,6,29.0,174.0,2021-10-27,,Initial Signup
688,100385,Starter,1,15.0,15.0,2023-03-19,,Initial Signup
689,100386,Pro,68,49.0,3218.99,2022-04-09,,Initial Signup
690,100387,Growth,8,29.0,232.0,2023-06-27,,Initial Signup
691,100388,Starter,3,15.0,45.0,2021-05-17,,Initial Signup
692,100389,Growth,5,29.0,145.0,2021-05-03,,Initial Signup
693,100390,Growth,5,29.0,145.0,2021-11-11,2023-07-20,Initial Signup
694,100390,Growth,7,29.0,203.0,2023-07-20,,Seat Change
695,100391,Growth,5,29.0,145.0,2021-01-07,,Initial Signup
696,100392,Starter,3,15.0,45.0,2022-09-18,2023-01-05,Initial Signup
697,100392,Starter,3,15.0,45.0,2023-01-05,2024-02-23,Renewal
698,100392,Starter,3,15.0,45.0,2024-02-23,,Renewal
699,100393,Starter,1,15.0,15.0,2021-08-25,,Initial Signup
700,100394,Pro,21,49.0,1029.0,2022-03-02,2022-03-13,
701,100394,Enterprise,54,27.72,1496.88,2022-03-13,,Upgrade
702,100395,Starter,4,15.0,60.0,2021-02-22,2021-05-02,Initial Signup
703,100395,Growth,5,29.0,145.0,2021-05-02,2022-08-06,Upgrade
704,100395,Pro,20,49.0,980.0,2022-08-06,2023-03-11,Upgrade
705,100395,Enterprise,77,22.63,1742.51,2023-03-11,2023-11-06,Upgrade
706,100395,Enterprise,77,22.63,1647.21,2023-11-06,,Renewal
707,100396,Pro,64,49.0,3136.0,2021-04-26,,Initial Signup
708,100397,Growth,10,29.0,290.0,2022-06-28,,Initial Signup
709,100398,Growth,5,29.0,145.0,2021-08-19,,Initial Signup
710,100399,Starter,1,15.0,15.0,2021-06-09,2024-11-21,Initial Signup
711,100399,Growth,5,29.0,145.0,2024-11-21,,Upgrade
712,100400,Starter,2,15.0,30.0,2021-06-05,,Initial Signup
713,100401,Starter,2,15.0,30.0,2021-06-27,,Initial Signup
714,100402,Starter,2,15.0,25.61,2022-06-12,2022-12-18,Initial Signup
715,100402,Starter,3,15.0,45.0,2022-12-18,2024-03-31,Seat Change
716,100402,Starter,4,15.0,60.0,2024-03-31,,Seat Change
717,100403,Starter,1,15.0,15.0,2021-04-10,,Initial Signup
718,100404,Starter,3,15.0,45.0,2021-09-21,2021-11-23,Initial Signup
719,100404,Growth,5,29.0,145.0,2021-11-23,2022-01-11,Upgrade
720,100404,Pro,20,49.0,980.0,2022-01-11,2022-04-06,Upgrade
721,100404,Pro,20,49.0,980.0,2022-04-06,,Renewal
722,100405,Starter,1,15.0,15.0,2022-09-21,2022-11-30,Initial Signup
723,100405,Starter,2,15.0,30.0,2022-11-30,2024-03-29,Seat Change
724,100405,Growth,5,29.0,145.0,2024-03-29,2024-08-10,Upgrade
725,100405,Growth,7,29.0,203.0,2024-08-10,,Seat Change
726,100406,Growth,13,29.0,377.0,2022-01-23,,Initial Signup
727,100407,Starter,4,15.0,60.0,2022-05-25,,Initial Signup
728,100408,Growth,9,29.0,261.0,2021-06-25,2021-06-29,Initial Signup
729,100408,Pro,20,49.0,848.55,2021-06-29,2021-08-02,Upgrade
730,100408,Growth,20,29.0,555.08,2021-08-02,,Downgrade
731,100409,Starter,2,15.0,30.0,2024-02-05,,Initial Signup
732,100410,Pro,61,49.0,2631.26,2021-10-05,2021-11-11,Initial Signup
733,100410,Growth,20,29.0,580.0,2021-11-11,,Downgrade
734,100411,Growth,6,29.0,174.0,2021-07-06,,Initial Signup
735,100412,Starter,1,15.0,15.0,2023-11-18,2023-11-19,Initial Signup
736,100412,Starter,2,15.0,30.0,2023-11-19,2023-11-24,Seat Change
737,100412,Growth,5,29.0,145.0,2023-11-24,2024-12-11,Upgrade
738,100412,Pro,20,49.0,980.0,2024-12-11,,Upgrade
739,100413,Starter,1,15.0,15.0,2022-07-17,,Initial Signup
740,100414,Starter,2,15.0,30.0,2022-05-25,,Initial Signup
741,100415,Pro,21,49.0,1029.0,2023-09-24,2023-12-07,Initial Signup
742,100415,Pro,21,49.0,1029.0,2023-12-07,2024-07-17,Renewal
743,100415,Enterprise,56,26.15,1464.4,2024-07-17,,Upgrade
744,100416,Starter,1,15.0,15.0,2021-02-23,,Initial Signup
745,100417,Growth,12,29.0,348.0,2023-05-03,,Initial Signup
746,100418,Growth,6,29.0,174.0,2022-08-20,,Initial Signup
747,100419,Starter,2,15.0,30.0,2021-09-24,2022-09-28,Initial Signup
748,100419,Starter,3,15.0,45.0,2022-09-28,,Seat Change
749,100420,Pro,20,49.0,860.62,2021-07-28,,Initial Signup
750,100421,Growth,8,29.0,232.0,2021-03-10,,Initial Signup
751,100422,Starter,1,15.0,15.0,2024-03-22,2024-05-16,Initial Signup
752,100422,Growth,5,29.0,145.0,2024-05-16,2024-10-22,Upgrade
753,100422,Growth,6,29.0,174.0,2024-10-22,,Seat Change
754,100423,Starter,4,15.0,60.0,2021-04-12,,Initial Signup
755,100424,Growth,17,29.0,493.0,2021-07-05,,Initial Signup
756,100425,Starter,3,15.0,45.0,2022-09-10,,Initial Signup
757,100426,Starter,3,15.0,45.0,2022-10-08,2024-08-06,Initial Signup
758,100426,Starter,3,15.0,45.0,2024-08-06,,Renewal
759,100427,Growth,11,29.0,319.0,2021-04-26,2024-07-15,Initial Signup
760,100427,Growth,11,29.0,319.0,2024-07-15,,Renewal
761,100428,Starter,1,15.0,15.0,2023-03-05,,Initial Signup
762,100429,Starter,1,15.0,15.0,2022-01-04,2022-01-24,Initial Signup
763,100429,Starter,2,15.0,30.0,2022-01-24,2023-04-23,Seat Change
764,100429,Growth,5,29.0,145.0,2023-04-23,,Upgrade
765,100430,Starter,4,15.0,60.0,2023-06-17,2024-02-26,Initial Signup
766,100430,Growth,5,29.0,145.0,2024-02-26,,Upgrade
767,100431,Pro,94,49.0,4606.0,2021-02-17,,Initial Signup
768,100432,Growth,10,29.0,290.0,2021-01-16,,Initial Signup
769,100433,Growth,12,29.0,348.0,2022-06-05,2022-07-19,Initial Signup
770,100433,Starter,5,15.0,75.0,2022-07-19,2022-10-01,Downgrade
771,100433,Growth,5,29.0,145.0,2022-10-01,2024-12-02,Upgrade
772,100433,Pro,20,49.0,980.0,2024-12-02,,Upgrade
773,100434,Starter,1,15.0,15.0,2021-04-14,2024-11-15,Initial Signup
774,100434,Starter,2,15.0,28.7,2024-11-15,,Seat Change
775,100435,Pro,32,49.0,1568.0,2022-01-27,2024-09-26,Initial Signup
776,100435,Pro,24,49.0,1176.0,2024-09-26,,Seat Change
777,100436,Starter,3,15.0,45.0,2021-01-03,,Initial Signup
778,100437,Starter,1,15.0,13.25,2023-01-23,,Initial Signup
779,100438,Enterprise,61,30.81,1879.41,2023-10-04,2023-12-23,Initial Signup
780,100438,Enterprise,70,30.81,2156.7,2023-12-23,,Seat Change
781,100439,Starter,1,15.0,15.0,2023-06-07,,Initial Signup
782,100440,Starter,3,15.0,45.0,2024-06-26,2024-08-21,Initial Signup
783,100440,Starter,3,15.0,45.0,2024-08-21,2024-11-01,Renewal
784,100440,Growth,5,29.0,145.0,2024-11-01,2024-12-01,Upgrade
785,100440,Growth,6,29.0,174.0,2024-12-01,,Seat Change
786,100441,Growth,6,29.0,174.0,2023-11-09,2024-02-15,Initial Signup
787,100441,Pro,20,49.0,980.0,2024-02-15,2024-03-22,Upgrade
788,100441,Pro,27,49.0,1323.0,2024-03-22,,Seat Change
789,100442,Starter,1,15.0,15.0,2021-11-15,,Initial Signup
790,100443,Starter,1,15.0,13.61,2021-10-11,2022-10-17,Initial Signup
791,100443,Starter,1,15.0,15.0,2022-10-17,,Renewal
792,100444,Growth,6,29.0,174.0,2023-10-18,2024-04-26,Initial Signup
793,100444,Growth,6,29.0,174.0,2024-04-26,,Renewal
794,100445,Starter,2,15.0,30.0,2024-01-12,,Initial Signup
795,100446,Starter,5,15.0,71.54,2024-08-13,,Initial Signup
796,100447,Growth,16,29.0,464.0,2022-12-23,,Initial Signup
797,100448,Growth,7,29.0,203.0,2021-05-16,2021-05-25,Initial Signup
798,100448,Pro,20,49.0,980.0,2021-05-25,2023-01-10,Upgrade
799,100448,Enterprise,58,27.01,1566.58,2023-01-10,2024-04-28,Upgrade
800,100448,Enterprise,58,27.01,1566.58,2024-04-28,2024-07-19,Renewal
801,100448,Enterprise,58,27.01,1566.58,2024-07-19,,Renewal
802,100449,Starter,2,15.0,30.0,2024-04-16,,Initial Signup
803,100450,Growth,6,29.0,174.0,2024-04-23,2024-09-30,Initial Signup
804,100450,Pro,20,49.0,980.0,2024-09-30,2024-11-13,Upgrade
805,100450,Pro,20,49.0,980.0,2024-11-13,,Renewal
806,100451,Starter,1,15.0,14.23,2022-08-12,2023-02-01,Initial Signup
807,100451,Starter,2,15.0,30.0,2023-02-01,,Seat Change
808,100452,Growth,5,29.0,145.0,2023-07-24,,Initial Signup
809,100453,Growth,9,29.0,261.0,2022-03-21,,Initial Signup
810,100454,Enterprise,748,25.52,19088.96,2024-03-25,,Initial Signup
811,100455,Growth,11,29.0,319.0,2021-03-13,2023-02-22,Initial Signup
812,100455,Growth,11,29.0,319.0,2023-02-22,2023-07-17,Renewal
813,100455,Growth,12,29.0,348.0,2023-07-17,2024-08-30,Seat Change
814,100455,Pro,20,49.0,980.0,2024-08-30,,Upgrade
815,100456,Growth,13,29.0,377.0,2023-08-16,,Initial Signup
816,100457,Growth,5,29.0,145.0,2021-02-04,2022-01-06,Initial Signup
817,100457,Growth,6,29.0,174.0,2022-01-06,,Seat Change
818,100458,Starter,1,15.0,15.0,2021-09-04,,Initial Signup
819,100459,Growth,5,29.0,145.0,2021-04-04,,Initial Signup
820,100460,Growth,14,29.0,406.0,2021-12-18,,Initial Signup
821,100461,Growth,5,29.0,145.0,2021-06-10,2021-06-13,Initial Signup
822,100461,Pro,20,49.0,980.0,2021-06-13,,Upgrade
823,100462,Pro,40,49.0,1960.0,2024-05-09,2024-07-25,Initial Signup
824,100462,Enterprise,64,36.88,2360.32,2024-07-25,,Upgrade
825,100463,Growth,8,29.0,232.0,2022-03-17,,Initial Signup
826,100464,Growth,16,29.0,464.0,2023-10-12,2024-01-06,Initial Signup
827,100464,Starter,5,15.0,75.0,2024-01-06,2024-12-09,Downgrade
828,100464,Starter,5,15.0,75.0,2024-12-09,,Renewal
829,100465,Growth,13,29.0,377.0,2021-07-04,2023-06-01,Initial Signup
830,100465,Pro,20,49.0,980.0,2023-06-01,,Upgrade
831,100466,Starter,1,15.0,15.0,2021-01-16,,Initial Signup
832,100467,Starter,1,15.0,15.0,2023-01-16,,Initial Signup
833,100468,Growth,17,29.0,440.14,2022-09-04,,Initial Signup
834,100469,Starter,4,15.0,60.0,2022-02-08,,Initial Signup
835,100470,Growth,9,29.0,242.15,2023-04-07,,Initial Signup
836,100471,Starter,4,15.0,60.0,2023-06-20,,Initial Signup
837,100472,Growth,15,29.0,381.2,2022-04-07,,Initial Signup
838,100473,Growth,14,29.0,406.0,2024-07-01,2024-10-26,Initial Signup
839,100473,Growth,14,29.0,406.0,2024-10-26,,Renewal
840,100474,Pro,24,49.0,1092.94,2022-10-08,,Initial Signup
841,100475,Starter,1,15.0,15.0,2022-08-14,,Initial Signup
842,100476,Starter,1,15.0,15.0,2021-09-22,,Initial Signup
843,100477,Pro,20,49.0,929.02,2021-01-02,,Initial Signup
844,100478,Starter,3,15.0,45.0,2021-06-25,2022-11-08,Initial Signup
845,100478,Growth,5,29.0,145.0,2022-11-08,2024-05-14,Upgrade
846,100478,Pro,20,49.0,980.0,2024-05-14,2024-10-25,Upgrade
847,100478,Pro,20,49.0,980.0,2024-10-25,2024-10-28,Renewal
848,100478,Growth,20,29.0,580.0,2024-10-28,,Downgrade
849,100479,Pro,30,49.0,1470.0,2022-12-10,,Initial Signup
850,100480,Starter,2,15.0,30.0,2022-10-10,,Initial Signup
851,100481,Starter,2,15.0,30.0,2021-08-01,2023-04-03,Initial Signup
852,100481,Growth,5,29.0,145.0,2023-04-03,2024-01-04,Upgrade
853,100481,Starter,5,15.0,75.0,2024-01-04,2024-08-22,
854,100481,Starter,4,15.0,60.0,2024-08-22,,Seat Change
855,100482,Growth,6,29.0,174.0,2022-06-08,2023-04-25,
856,100482,Growth,5,29.0,145.0,2023-04-25,,Seat Change
857,100483,Starter,2,15.0,30.0,2021-05-14,,
858,100484,Starter,1,15.0,15.0,2021-07-18,,Initial Signup
859,100485,Growth,9,29.0,261.0,2024-04-22,,Initial Signup
860,100486,Pro,96,49.0,4704.0,2021-10-15,,Initial Signup
861,100487,Growth,6,29.0,174.0,2021-06-03,,Initial Signup
862,100488,Starter,1,15.0,15.0,2021-12-11,,Initial Signup
863,100489,Starter,1,15.0,15.0,2021-10-21,2024-11-03,Initial Signup
864,100489,Starter,1,15.0,15.0,2024-11-03,,Renewal
865,100490,Starter,2,15.0,30.0,2022-10-18,,Initial Signup
866,100491,Pro,24,49.0,1176.0,2024-06-17,2024-12-19,Initial Signup
867,100491,Pro,20,49.0,980.0,2024-12-19,,Seat Change
868,100492,Starter,3,15.0,45.0,2022-04-15,,Initial Signup
869,100493,Growth,9,29.0,261.0,2022-04-15,,Initial Signup
870,100494,Growth,6,29.0,174.0,2021-09-28,,Initial Signup
871,100495,Starter,3,15.0,45.0,2022-03-17,2024-02-13,Initial Signup
872,100495,Starter,4,15.0,60.0,2024-02-13,,Seat Change
873,100496,Growth,10,29.0,290.0,2021-08-17,,Initial Signup
874,100497,Starter,3,15.0,45.0,2021-01-10,,Initial Signup
875,100498,Growth,7,29.0,189.86,2023-08-14,2024-03-22,Initial Signup
876,100498,Pro,20,49.0,980.0,2024-03-22,,Upgrade
877,100499,Starter,2,15.0,30.0,2021-11-20,2022-08-17,Initial Signup
878,100499,Starter,3,15.0,45.0,2022-08-17,2024-05-16,Seat Change
879,100499,Starter,2,15.0,30.0,2024-05-16,,Seat Change
880,100500,Growth,5,29.0,145.0,2021-12-25,,Initial Signup
881,100501,Starter,1,15.0,15.0,2021-02-22,2022-11-09,Initial Signup
882,100501,Starter,2,15.0,30.0,2022-11-09,2024-06-23,Seat Change
883,100501,Starter,3,15.0,45.0,2024-06-23,,Seat Change
884,100502,Pro,21,49.0,945.92,2023-05-19,2023-08-31,Initial Signup
885,100502,Pro,20,49.0,946.85,2023-08-31,,Seat Change
886,100503,Starter,5,15.0,75.0,2021-04-22,2024-08-31,Initial Signup
887,100503,Starter,4,15.0,60.0,2024-08-31,,Seat Change
888,100504,Growth,6,29.0,174.0,2021-10-01,,Initial Signup
889,100505,Growth,6,29.0,150.53,2023-06-08,,Initial Signup
890,100506,Pro,26,49.0,1274.0,2021-11-07,2024-11-25,Initial Signup
891,100506,Growth,20,29.0,580.0,2024-11-25,,Downgrade
892,100507,Starter,2,15.0,30.0,2024-01-19,2024-06-30,Initial Signup
893,100507,Growth,5,29.0,145.0,2024-06-30,,Upgrade
894,100508,Starter,1,15.0,15.0,2021-05-22,,Initial Signup
895,100509,Starter,3,15.0,45.0,2022-10-05,,Initial Signup
896,100510,Pro,58,49.0,2842.0,2024-09-06,2024-10-27,Initial Signup
897,100510,Pro,58,49.0,2470.41,2024-10-27,,Renewal
898,100511,Pro,65,49.0,3185.0,2022-02-14,,Initial Signup
899,100512,Growth,9,29.0,261.0,2022-09-28,,Initial Signup
900,100513,Growth,5,29.0,145.0,2021-10-01,2022-03-24,Initial Signup
901,100513,Pro,20,49.0,980.0,2022-03-24,2024-10-26,Upgrade
902,100513,Pro,26,49.0,1274.0,2024-10-26,,Seat Change
903,100514,Growth,8,29.0,223.52,2022-11-25,,Initial Signup
904,100515,Pro,38,49.0,1862.0,2023-11-06,,Initial Signup
905,100516,Pro,66,49.0,3234.0,2022-09-08,,Initial Signup
906,100517,Growth,16,29.0,464.0,2024-02-18,2024-12-04,Initial Signup
907,100517,Pro,20,49.0,980.0,2024-12-04,,Upgrade
908,100518,Starter,3,15.0,45.0,2022-04-21,,Initial Signup
909,100519,Starter,4,15.0,60.0,2022-04-25,,Initial Signup
910,100520,Starter,2,15.0,30.0,2021-08-01,2022-04-18,Initial Signup
911,100520,Starter,3,15.0,38.62,2022-04-18,,Seat Change
912,100521,Starter,1,15.0,15.0,2022-10-02,,Initial Signup
913,100522,Pro,64,49.0,3136.0,2023-09-14,2024-02-08,Initial Signup
914,100522,Pro,53,49.0,2597.0,2024-02-08,2024-10-04,Seat Change
915,100522,Enterprise,166,24.51,4068.66,2024-10-04,,Upgrade
916,100523,Growth,7,29.0,203.0,2022-07-16,,Initial Signup
917,100524,Pro,81,49.0,3969.0,2021-06-08,2021-07-04,Initial Signup
918,100524,Pro,81,49.0,3969.0,2021-07-04,,Renewal
919,100525,Starter,1,15.0,15.0,2022-02-18,,Initial Signup
920,100526,Growth,5,29.0,145.0,2022-12-08,,Initial Signup
921,100527,Growth,9,29.0,261.0,2024-03-27,2024-09-13,Initial Signup
922,100527,Pro,20,49.0,980.0,2024-09-13,,Upgrade
923,100528,Growth,18,29.0,522.0,2021-04-05,,Initial Signup
924,100529,Starter,3,15.0,45.0,2021-03-19,,Initial Signup
925,100530,Starter,1,15.0,15.0,2021-10-15,,Initial Signup
926,100531,Growth,10,29.0,290.0,2021-03-03,,Initial Signup
927,100532,Pro,94,49.0,4154.84,2024-09-17,,Initial Signup
928,100533,Starter,4,15.0,60.0,2021-11-05,,Initial Signup
929,100534,Growth,8,29.0,232.0,2022-02-16,,Initial Signup
930,100535,Pro,22,49.0,1078.0,2021-06-18,2023-12-10,Initial Signup
931,100535,Enterprise,50,42.5,2125.0,2023-12-10,,Upgrade
932,100536,Growth,6,29.0,174.0,2021-11-03,2024-08-31,Initial Signup
933,100536,Starter,5,15.0,71.29,2024-08-31,,Downgrade
934,100537,Growth,5,29.0,145.0,2024-10-07,,Initial Signup
935,100538,Starter,2,15.0,30.0,2021-12-09,2021-12-26,Initial Signup
936,100538,Starter,1,15.0,12.96,2021-12-26,2022-04-15,Seat Change
937,100538,Growth,5,29.0,145.0,2022-04-15,2023-06-22,Upgrade
938,100538,Pro,20,49.0,980.0,2023-06-22,2024-01-27,Upgrade
939,100538,Growth,18,29.0,522.0,2024-01-27,,Downgrade
940,100539,Pro,22,49.0,1078.0,2021-01-26,2022-01-12,Initial Signup
941,100539,Pro,21,49.0,1029.0,2022-01-12,2022-08-23,Seat Change
942,100539,Enterprise,66,27.45,1811.7,2022-08-23,,Upgrade
943,100540,Starter,1,15.0,15.0,2021-06-07,,Initial Signup
944,100541,Growth,5,29.0,145.0,2024-09-26,,Initial Signup
945,100542,Growth,17,29.0,493.0,2024-11-15,2024-11-27,Initial Signup
946,100542,Pro,20,49.0,980.0,2024-11-27,,Upgrade
947,100543,Starter,1,15.0,15.0,2021-05-27,,Initial Signup
948,100544,Starter,1,15.0,15.0,2022-05-24,2023-04-23,Initial Signup
949,100544,Growth,5,29.0,145.0,2023-04-23,2024-11-03,Upgrade
950,100544,Growth,5,29.0,145.0,2024-11-03,,Renewal
951,100545,Pro,20,49.0,980.0,2021-02-09,2023-03-10,Initial Signup
952,100545,Enterprise,54,28.36,1531.44,2023-03-10,,Upgrade
953,100546,Pro,20,49.0,980.0,2022-04-16,,Initial Signup
954,100547,Starter,2,15.0,30.0,2021-03-21,2021-05-14,Initial Signup
955,100547,Starter,1,15.0,15.0,2021-05-14,2021-06-15,Seat Change
956,100547,Growth,5,29.0,145.0,2021-06-15,2021-09-18,Upgrade
957,100547,Growth,5,29.0,145.0,2021-09-18,,Renewal
958,100548,Growth,16,29.0,464.0,2023-04-03,,Initial Signup
959,100549,Starter,2,15.0,30.0,2024-03-19,,Initial Signup
960,100550,Pro,46,49.0,2254.0,2021-05-13,2021-06-15,Initial Signup
961,100550,Pro,47,49.0,2303.0,2021-06-15,,
962,100551,Starter,1,15.0,15.0,2021-12-01,,Initial Signup
963,100552,Starter,1,15.0,15.0,2021-03-25,,Initial Signup
964,100553,Growth,14,29.0,406.0,2021-09-08,,Initial Signup
965,100554,Starter,1,15.0,15.0,2021-02-25,,Initial Signup
966,100555,Starter,1,15.0,15.0,2021-07-06,2021-08-10,Initial Signup
967,100555,Starter,1,15.0,15.0,2021-08-10,2021-09-19,Renewal
968,100555,Growth,5,29.0,145.0,2021-09-19,,Upgrade
969,100556,Starter,2,15.0,25.68,2024-11-16,2024-12-28,Initial Signup
970,100556,Growth,5,29.0,145.0,2024-12-28,,Upgrade
971,100557,Starter,2,15.0,30.0,2021-01-11,,Initial Signup
972,100558,Starter,1,15.0,13.64,2023-07-26,2023-11-10,Initial Signup
973,100558,Starter,1,15.0,13.54,2023-11-10,,Renewal
974,100559,Pro,21,49.0,1029.0,2021-02-27,,Initial Signup
975,100560,Growth,5,29.0,145.0,2022-02-22,2022-04-26,Initial Signup
976,100560,Pro,20,49.0,980.0,2022-04-26,,Upgrade
977,100561,Starter,1,15.0,15.0,2021-11-24,2022-07-26,Initial Signup
978,100561,Growth,5,29.0,145.0,2022-07-26,,Upgrade
979,100562,Pro,23,49.0,1127.0,2024-01-22,2024-07-16,Initial Signup
980,100562,Pro,28,49.0,1372.0,2024-07-16,2024-11-21,Seat Change
981,100562,Pro,35,49.0,1605.35,2024-11-21,,Seat Change
982,100563,Pro,39,49.0,1911.0,2021-05-09,,Initial Signup
983,100564,Pro,23,49.0,1127.0,2021-05-26,2022-11-10,Initial Signup
984,100564,Pro,23,49.0,1127.0,2022-11-10,2023-05-11,Renewal
985,100564,Pro,22,49.0,1078.0,2023-05-11,,Seat Change
986,100565,Starter,5,15.0,75.0,2022-11-15,2023-03-18,Initial Signup
987,100565,Starter,4,15.0,60.0,2023-03-18,2024-02-06,Seat Change
988,100565,Growth,5,29.0,145.0,2024-02-06,2024-07-30,Upgrade
989,100565,Growth,7,29.0,203.0,2024-07-30,,Seat Change
990,100566,Pro,29,49.0,1421.0,2022-10-10,2024-05-06,Initial Signup
991,100566,Pro,35,49.0,1715.0,2024-05-06,,Seat Change
992,100567,Starter,5,15.0,72.18,2022-09-06,2022-12-09,Initial Signup
993,100567,Growth,5,29.0,145.0,2022-12-09,,Upgrade
994,100568,Growth,9,29.0,261.0,2021-01-20,,Initial Signup
995,100569,Starter,2,15.0,30.0,2021-07-08,,Initial Signup
996,100570,Growth,19,29.0,551.0,2023-06-19,2023-06-24,Initial Signup
997,100570,Growth,20,29.0,580.0,2023-06-24,2024-01-02,Seat Change
998,100570,Pro,20,49.0,980.0,2024-01-02,2024-04-21,Upgrade
999,100570,Pro,22,49.0,1078.0,2024-04-21,,Seat Change
1000,100571,Growth,16,29.0,464.0,2022-05-02,2023-01-22,Initial Signup
1001,100571,Pro,20,49.0,980.0,2023-01-22,2023-10-15,Upgrade
1002,100571,Enterprise,66,24.28,1602.48,2023-10-15,2024-07-01,Upgrade
1003,100571,Enterprise,71,24.28,1723.88,2024-07-01,,Seat Change
1004,100572,Growth,5,29.0,145.0,2022-05-18,,Initial Signup
1005,100573,Starter,1,15.0,15.0,2021-08-18,2022-03-06,Initial Signup
1006,100573,Starter,1,15.0,13.28,2022-03-06,2024-07-01,Renewal
1007,100573,Starter,2,15.0,28.11,2024-07-01,2024-07-20,Seat Change
1008,100573,Growth,5,29.0,145.0,2024-07-20,2024-11-09,Upgrade
1009,100573,Growth,7,29.0,203.0,2024-11-09,,Seat Change
1010,100574,Starter,2,15.0,30.0,2021-07-15,,Initial Signup
1011,100575,Starter,3,15.0,45.0,2024-04-19,,Initial Signup
1012,100576,Growth,10,29.0,290.0,2022-10-28,,Initial Signup
1013,100577,Starter,2,15.0,30.0,2021-03-24,,
1014,100578,Starter,1,15.0,15.0,2024-02-13,2024-05-07,Initial Signup
1015,100578,Growth,5,29.0,145.0,2024-05-07,2024-07-31,Upgrade
1016,100578,Starter,5,15.0,65.97,2024-07-31,,
1017,100579,Starter,3,15.0,45.0,2022-04-25,,Initial Signup
1018,100580,Starter,1,15.0,15.0,2021-09-27,,Initial Signup
1019,100581,Growth,5,29.0,145.0,2021-10-05,2023-01-14,Initial Signup
1020,100581,Growth,7,29.0,203.0,2023-01-14,,Seat Change
1021,100582,Growth,11,29.0,289.69,2022-10-11,2023-06-07,Initial Signup
1022,100582,Growth,10,29.0,247.65,2023-06-07,2024-05-24,Seat Change
1023,100582,Growth,9,29.0,261.0,2024-05-24,2024-09-15,Seat Change
1024,100582,Pro,20,49.0,980.0,2024-09-15,,Upgrade
1025,100583,Starter,4,15.0,60.0,2021-09-21,2021-12-04,Initial Signup
1026,100583,Starter,5,15.0,75.0,2021-12-04,2023-08-27,Seat Change
1027,100583,Starter,4,15.0,60.0,2023-08-27,,
1028,100584,Growth,14,29.0,406.0,2022-04-15,2022-04-24,Initial Signup
1029,100584,Growth,15,29.0,435.0,2022-04-24,2022-10-07,Seat Change
1030,100584,Pro,20,49.0,980.0,2022-10-07,,Upgrade
1031,100585,Starter,2,15.0,30.0,2022-10-04,,Initial Signup
1032,100586,Growth,6,29.0,174.0,2021-05-14,,Initial Signup
1033,100587,Starter,1,15.0,13.86,2024-03-11,,Initial Signup
1034,100588,Starter,4,15.0,60.0,2021-09-21,,Initial Signup
1035,100589,Starter,1,15.0,15.0,2021-11-15,,Initial Signup
1036,100590,Enterprise,818,37.74,30871.32,2022-09-04,2023-01-17,Initial Signup
1037,100590,Enterprise,902,37.74,34041.48,2023-01-17,,Seat Change
1038,100591,Starter,1,15.0,15.0,2022-05-02,2022-09-21,Initial Signup
1039,100591,Growth,5,29.0,145.0,2022-09-21,2023-11-27,Upgrade
1040,100591,Growth,5,29.0,145.0,2023-11-27,,Renewal
1041,100592,Starter,1,15.0,15.0,2021-11-09,2023-02-06,Initial Signup
1042,100592,Starter,2,15.0,30.0,2023-02-06,2023-03-26,Seat Change
1043,100592,Starter,2,15.0,30.0,2023-03-26,2023-10-25,Renewal
1044,100592,Growth,5,29.0,130.95,2023-10-25,2024-03-08,Upgrade
1045,100592,Pro,20,49.0,980.0,2024-03-08,,Upgrade
1046,100593,Starter,1,15.0,15.0,2022-07-05,,Initial Signup
1047,100594,Starter,1,15.0,15.0,2023-11-25,,Initial Signup
1048,100595,Starter,2,15.0,30.0,2023-02-08,2023-03-22,Initial Signup
1049,100595,Starter,3,15.0,45.0,2023-03-22,2023-05-24,Seat Change
1050,100595,Starter,4,15.0,60.0,2023-05-24,2023-11-12,Seat Change
1051,100595,Starter,5,15.0,75.0,2023-11-12,,Seat Change
1052,100596,Growth,14,29.0,406.0,2023-04-18,2023-05-24,Initial Signup
1053,100596,Pro,20,49.0,980.0,2023-05-24,,Upgrade
1054,100597,Growth,5,29.0,145.0,2021-07-04,,Initial Signup
1055,100598,Starter,2,15.0,27.13,2021-11-13,2022-06-12,Initial Signup
1056,100598,Starter,3,15.0,39.86,2022-06-12,2022-09-15,Seat Change
1057,100598,Starter,4,15.0,60.0,2022-09-15,2024-09-09,Seat Change
1058,100598,Starter,5,15.0,75.0,2024-09-09,,Seat Change
1059,100599,Growth,18,29.0,491.07,2022-03-27,,Initial Signup
1060,100600,Growth,15,29.0,435.0,2021-01-19,2023-12-31,Initial Signup
1061,100600,Growth,12,29.0,348.0,2023-12-31,2024-08-28,Seat Change
1062,100600,Growth,12,29.0,348.0,2024-08-28,,Renewal
1063,100601,Growth,8,29.0,232.0,2022-12-09,,Initial Signup
1064,100602,Starter,1,15.0,15.0,2021-08-21,2021-12-27,Initial Signup
1065,100602,Starter,2,15.0,30.0,2021-12-27,,Seat Change
1066,100603,Growth,13,29.0,377.0,2021-07-15,2023-04-09,Initial Signup
1067,100603,Growth,13,29.0,377.0,2023-04-09,,Renewal
1068,100604,Enterprise,109,26.73,2913.57,2021-07-07,,Initial Signup
1069,100605,Growth,18,29.0,522.0,2021-07-28,2023-05-21,Initial Signup
1070,100605,Growth,20,29.0,580.0,2023-05-21,,Seat Change
1071,100606,Starter,2,15.0,30.0,2021-09-27,2022-10-26,Initial Signup
1072,100606,Starter,2,15.0,30.0,2022-10-26,2023-01-26,Renewal
1073,100606,Starter,2,15.0,30.0,2023-01-26,,Renewal
1074,100607,Growth,5,29.0,125.06,2022-05-16,2022-07-26,Initial Signup
1075,100607,Growth,7,29.0,203.0,2022-07-26,2022-09-05,Seat Change
1076,100607,Pro,20,49.0,980.0,2022-09-05,,Upgrade
1077,100608,Starter,1,15.0,15.0,2022-04-01,2024-11-16,Initial Signup
1078,100608,Starter,2,15.0,30.0,2024-11-16,,Seat Change
1079,100609,Enterprise,990,40.51,40104.9,2021-07-12,2022-12-22,Initial Signup
1080,100609,Enterprise,744,40.51,30139.44,2022-12-22,2023-02-11,Seat Change
1081,100609,Enterprise,812,40.51,32894.12,2023-02-11,,Seat Change
1082,100610,Starter,1,15.0,15.0,2021-05-15,2021-05-24,Initial Signup
1083,100610,Growth,5,29.0,145.0,2021-05-24,,Upgrade
1084,100611,Pro,41,49.0,2009.0,2023-04-27,,Initial Signup
1085,100612,Starter,1,15.0,15.0,2021-03-21,,Initial Signup
1086,100613,Growth,8,29.0,232.0,2022-01-07,2024-04-22,Initial Signup
1087,100613,Pro,20,49.0,980.0,2024-04-22,2024-12-10,Upgrade
1088,100613,Enterprise,50,44.96,2248.0,2024-12-10,2024-12-20,Upgrade
1089,100613,Pro,33,49.0,1617.0,2024-12-20,,Downgrade
1090,100614,Pro,29,49.0,1421.0,2022-01-15,2022-03-13,Initial Signup
1091,100614,Enterprise,113,23.75,2683.75,2022-03-13,2022-06-20,Upgrade
1092,100614,Enterprise,127,23.75,3016.25,2022-06-20,,Seat Change
1093,100615,Starter,1,15.0,15.0,2022-04-06,,Initial Signup
1094,100616,Pro,20,49.0,980.0,2023-09-14,,Initial Signup
1095,100617,Starter,2,15.0,26.88,2022-06-15,2024-08-27,Initial Signup
1096,100617,Growth,5,29.0,145.0,2024-08-27,,Upgrade
1097,100618,Growth,8,29.0,232.0,2024-08-15,,Initial Signup
1098,100619,Starter,1,15.0,15.0,2023-08-12,2024-01-13,Initial Signup
1099,100619,Starter,2,15.0,30.0,2024-01-13,,Seat Change
1100,100620,Starter,3,15.0,45.0,2021-06-13,2023-01-29,Initial Signup
1101,100620,Starter,4,15.0,60.0,2023-01-29,,Seat Change
1102,100621,Growth,5,29.0,145.0,2021-06-23,,Initial Signup
1103,100622,Growth,8,29.0,232.0,2021-09-15,,Initial Signup
1104,100623,Growth,19,29.0,551.0,2021-10-02,2022-03-05,Initial Signup
1105,100623,Growth,19,29.0,551.0,2022-03-05,,Renewal
1106,100624,Starter,1,15.0,15.0,2022-03-21,2023-03-31,Initial Signup
1107,100624,Growth,5,29.0,145.0,2023-03-31,,Upgrade
1108,100625,Starter,1,15.0,15.0,2021-06-18,2023-10-03,Initial Signup
1109,100625,Growth,5,29.0,125.88,2023-10-03,,Upgrade
1110,100626,Growth,8,29.0,198.02,2021-06-20,2023-04-07,Initial Signup
1111,100626,Growth,8,29.0,232.0,2023-04-07,,Renewal
1112,100627,Growth,12,29.0,348.0,2021-10-20,,Initial Signup
1113,100628,Pro,47,49.0,2303.0,2022-08-05,,Initial Signup
1114,100629,Pro,20,49.0,980.0,2022-09-28,,Initial Signup
1115,100630,Starter,5,15.0,75.0,2024-09-28,,Initial Signup
1116,100631,Growth,12,29.0,348.0,2021-05-05,,Initial Signup
1117,100632,Starter,2,15.0,30.0,2021-10-07,2021-10-19,Initial Signup
1118,100632,Starter,2,15.0,30.0,2021-10-19,2021-12-29,Renewal
1119,100632,Growth,5,29.0,145.0,2021-12-29,2022-01-24,Upgrade
1120,100632,Growth,6,29.0,174.0,2022-01-24,2022-02-26,Seat Change
1121,100632,Growth,5,29.0,124.16,2022-02-26,,Seat Change
1122,100633,Growth,6,29.0,174.0,2024-07-07,,Initial Signup
1123,100634,Growth,5,29.0,145.0,2022-09-28,,Initial Signup
1124,100635,Pro,27,49.0,1323.0,2022-04-27,2022-09-18,Initial Signup
1125,100635,Pro,27,49.0,1323.0,2022-09-18,2022-09-26,Renewal
1126,100635,Pro,28,49.0,1372.0,2022-09-26,,Seat Change
1127,100636,Growth,13,29.0,340.86,2022-02-08,,Initial Signup
1128,100637,Starter,1,15.0,15.0,2021-02-18,2022-05-11,Initial Signup
1129,100637,Starter,2,15.0,30.0,2022-05-11,,Seat Change
1130,100638,Starter,2,15.0,30.0,2023-10-07,2024-11-14,Initial Signup
1131,100638,Growth,5,29.0,145.0,2024-11-14,,Upgrade
1132,100639,Growth,8,29.0,232.0,2022-06-02,,Initial Signup
1133,100640,Pro,20,49.0,980.0,2022-03-07,,Initial Signup
1134,100641,Growth,6,29.0,154.28,2022-02-03,2022-03-10,Initial Signup
1135,100641,Pro,20,49.0,980.0,2022-03-10,2022-03-26,Upgrade
1136,100641,Enterprise,58,28.11,1630.38,2022-03-26,2022-03-31,Upgrade
1137,100641,Enterprise,50,28.11,1405.5,2022-03-31,2022-06-02,Seat Change
1138,100641,Enterprise,73,28.11,2052.03,2022-06-02,,Seat Change
1139,100642,Starter,1,15.0,15.0,2021-10-24,2021-11-06,Initial Signup
1140,100642,Growth,5,29.0,145.0,2021-11-06,2024-01-17,Upgrade
1141,100642,Growth,5,29.0,145.0,2024-01-17,,Renewal
1142,100643,Growth,6,29.0,174.0,2021-07-22,,Initial Signup
1143,100644,Growth,6,29.0,164.44,2022-12-06,2023-04-05,Initial Signup
1144,100644,Growth,5,29.0,145.0,2023-04-05,2023-12-27,Seat Change
1145,100644,Growth,7,29.0,203.0,2023-12-27,2024-03-06,Seat Change
1146,100644,Pro,20,49.0,980.0,2024-03-06,,Upgrade
1147,100645,Growth,18,29.0,522.0,2022-01-16,2022-12-16,Initial Signup
1148,100645,Growth,15,29.0,435.0,2022-12-16,2023-03-09,Seat Change
1149,100645,Starter,5,15.0,72.65,2023-03-09,,Downgrade
1150,100646,Growth,16,29.0,464.0,2021-01-06,,Initial Signup
1151,100647,Starter,2,15.0,30.0,2021-10-16,2022-11-30,Initial Signup
1152,100647,Starter,2,15.0,28.8,2022-11-30,2024-09-04,Renewal
1153,100647,Starter,3,15.0,45.0,2024-09-04,,Seat Change
1154,100648,Growth,6,29.0,174.0,2024-01-26,,Initial Signup
1155,100649,Starter,2,15.0,26.18,2021-09-25,2022-06-14,Initial Signup
1156,100649,Starter,3,15.0,38.31,2022-06-14,,Seat Change
1157,100650,Starter,3,15.0,45.0,2021-10-24,2023-11-07,Initial Signup
1158,100650,Starter,4,15.0,60.0,2023-11-07,2024-10-23,Seat Change
1159,100650,Starter,5,15.0,75.0,2024-10-23,,Seat Change
1160,100651,Starter,2,15.0,30.0,2022-06-07,2022-07-24,Initial Signup
1161,100651,Starter,2,15.0,30.0,2022-07-24,2022-08-04,Renewal
1162,100651,Starter,3,15.0,45.0,2022-08-04,2022-10-11,Seat Change
1163,100651,Starter,4,15.0,60.0,2022-10-11,2022-11-08,Seat Change
1164,100651,Starter,3,15.0,45.0,2022-11-08,,Seat Change
1165,100652,Starter,1,15.0,15.0,2023-02-06,,Initial Signup
1166,100653,Growth,5,29.0,145.0,2022-08-05,,Initial Signup
1167,100654,Growth,15,29.0,435.0,2023-06-04,,Initial Signup
1168,100655,Growth,5,29.0,145.0,2021-03-18,2021-03-28,Initial Signup
1169,100655,Growth,6,29.0,174.0,2021-03-28,2021-06-27,Seat Change
1170,100655,Pro,20,49.0,980.0,2021-06-27,,Upgrade
1171,100656,Starter,2,15.0,30.0,2023-12-19,2024-04-27,Initial Signup
1172,100656,Growth,5,29.0,145.0,2024-04-27,,Upgrade
1173,100657,Starter,1,15.0,15.0,2023-11-25,,Initial Signup
1174,100658,Starter,2,15.0,30.0,2022-01-03,,Initial Signup
1175,100659,Starter,2,15.0,30.0,2022-06-08,,Initial Signup
1176,100660,Growth,10,29.0,290.0,2021-06-21,,Initial Signup
1177,100661,Pro,83,49.0,3466.11,2021-11-20,2022-02-13,Initial Signup
1178,100661,Pro,65,49.0,3185.0,2022-02-13,2022-04-25,Seat Change
1179,100661,Enterprise,126,38.28,4823.28,2022-04-25,,Upgrade
1180,100662,Starter,1,15.0,15.0,2021-05-12,,
1181,100663,Growth,14,29.0,406.0,2021-01-05,2024-08-15,
1182,100663,Starter,5,15.0,75.0,2024-08-15,,Downgrade
1183,100664,Growth,15,29.0,435.0,2024-09-14,,Initial Signup
1184,100665,Starter,2,15.0,30.0,2021-07-05,,Initial Signup
1185,100666,Starter,4,15.0,60.0,2022-04-15,2024-09-26,Initial Signup
1186,100666,Starter,3,15.0,45.0,2024-09-26,,Seat Change
1187,100667,Growth,5,29.0,145.0,2021-08-26,,Initial Signup
1188,100668,Growth,18,29.0,522.0,2021-09-06,,Initial Signup
1189,100669,Starter,5,15.0,75.0,2021-10-04,,Initial Signup
1190,100670,Starter,2,15.0,27.46,2021-09-21,,Initial Signup
1191,100671,Growth,7,29.0,203.0,2022-06-01,,Initial Signup
1192,100672,Growth,5,29.0,145.0,2024-06-28,2024-09-03,Initial Signup
1193,100672,Pro,20,49.0,980.0,2024-09-03,,Upgrade
1194,100673,Growth,8,29.0,232.0,2021-11-22,,Initial Signup
1195,100674,Starter,1,15.0,15.0,2024-08-12,2024-11-07,Initial Signup
1196,100674,Starter,1,15.0,15.0,2024-11-07,2024-11-20,Renewal
1197,100674,Starter,1,15.0,15.0,2024-11-20,,Renewal
1198,100675,Growth,6,29.0,174.0,2022-08-11,,Initial Signup
1199,100676,Starter,3,15.0,45.0,2022-05-11,2023-06-24,Initial Signup
1200,100676,Starter,3,15.0,45.0,2023-06-24,,Renewal
1201,100677,Growth,7,29.0,203.0,2021-06-12,2022-05-28,Initial Signup
1202,100677,Growth,7,29.0,203.0,2022-05-28,2023-03-11,Renewal
1203,100677,Pro,20,49.0,980.0,2023-03-11,,Upgrade
1204,100678,Starter,1,15.0,15.0,2021-02-24,,Initial Signup
1205,100679,Starter,3,15.0,38.41,2023-07-23,,Initial Signup
1206,100680,Starter,2,15.0,30.0,2022-04-06,2022-05-16,Initial Signup
1207,100680,Starter,1,15.0,15.0,2022-05-16,2022-06-11,Seat Change
1208,100680,Growth,5,29.0,145.0,2022-06-11,,Upgrade
1209,100681,Starter,3,15.0,45.0,2021-10-06,2022-07-21,Initial Signup
1210,100681,Growth,5,29.0,145.0,2022-07-21,2024-01-13,Upgrade
1211,100681,Growth,7,29.0,203.0,2024-01-13,,Seat Change
1212,100682,Starter,4,15.0,60.0,2023-03-16,,Initial Signup
1213,100683,Starter,4,15.0,60.0,2021-08-19,2021-08-31,Initial Signup
1214,100683,Starter,5,15.0,75.0,2021-08-31,,Seat Change
1215,100684,Starter,1,15.0,15.0,2023-01-21,2023-12-25,Initial Signup
1216,100684,Starter,1,15.0,15.0,2023-12-25,2024-01-15,Renewal
1217,100684,Starter,2,15.0,30.0,2024-01-15,,Seat Change
1218,100685,Growth,13,29.0,377.0,2021-08-09,,Initial Signup
1219,100686,Starter,2,15.0,30.0,2023-12-14,,Initial Signup
1220,100687,Starter,1,15.0,15.0,2021-07-03,2022-03-01,Initial Signup
1221,100687,Growth,5,29.0,145.0,2022-03-01,2024-03-25,Upgrade
1222,100687,Growth,5,29.0,145.0,2024-03-25,2024-07-26,Renewal
1223,100687,Growth,6,29.0,154.78,2024-07-26,,Seat Change
1224,100688,Starter,1,15.0,15.0,2021-04-13,2022-10-11,Initial Signup
1225,100688,Growth,5,29.0,145.0,2022-10-11,2024-09-05,Upgrade
1226,100688,Pro,20,49.0,980.0,2024-09-05,,Upgrade
1227,100689,Starter,3,15.0,45.0,2022-09-20,2023-08-27,Initial Signup
1228,100689,Growth,5,29.0,131.35,2023-08-27,2024-05-18,Upgrade
1229,100689,Growth,6,29.0,174.0,2024-05-18,,Seat Change
1230,100690,Starter,3,15.0,45.0,2021-04-09,2021-05-28,Initial Signup
1231,100690,Starter,3,15.0,45.0,2021-05-28,,Renewal
1232,100691,Growth,7,29.0,203.0,2024-04-09,,Initial Signup
1233,100692,Starter,1,15.0,15.0,2022-07-13,,Initial Signup
1234,100693,Growth,5,29.0,145.0,2021-06-25,,Initial Signup
1235,100694,Starter,1,15.0,15.0,2021-05-17,,Initial Signup
1236,100695,Pro,23,49.0,1127.0,2023-12-26,,Initial Signup
1237,100696,Pro,80,49.0,3920.0,2022-05-02,,Initial Signup
1238,100697,Growth,5,29.0,145.0,2023-10-24,,Initial Signup
1239,100698,Starter,1,15.0,15.0,2021-03-02,,Initial Signup
1240,100699,Growth,5,29.0,145.0,2024-01-10,2024-01-24,Initial Signup
1241,100699,Pro,20,49.0,980.0,2024-01-24,,Upgrade
1242,100700,Starter,1,15.0,15.0,2022-01-12,,Initial Signup
1243,100701,Growth,7,29.0,203.0,2022-08-07,,Initial Signup
1244,100702,Starter,2,15.0,30.0,2021-09-28,2024-12-17,Initial Signup
1245,100702,Starter,3,15.0,45.0,2024-12-17,,Seat Change
1246,100703,Growth,9,29.0,261.0,2021-02-25,2023-09-07,Initial Signup
1247,100703,Starter,5,15.0,64.45,2023-09-07,,Downgrade
1248,100704,Pro,32,49.0,1568.0,2024-06-16,,Initial Signup
1249,100705,Pro,23,49.0,1127.0,2024-12-13,,Initial Signup
1250,100706,Growth,6,29.0,157.47,2021-09-22,,Initial Signup
1251,100707,Pro,34,49.0,1666.0,2024-03-20,,Initial Signup
1252,100708,Starter,4,15.0,60.0,2021-04-14,2022-11-23,Initial Signup
1253,100708,Growth,5,29.0,145.0,2022-11-23,,Upgrade
1254,100709,Growth,16,29.0,464.0,2021-04-24,2023-02-09,Initial Signup
1255,100709,Growth,12,29.0,348.0,2023-02-09,2023-05-08,Seat Change
1256,100709,Starter,5,15.0,75.0,2023-05-08,2023-09-29,Downgrade
1257,100709,Starter,5,15.0,75.0,2023-09-29,2024-10-30,Renewal
1258,100709,Starter,4,15.0,60.0,2024-10-30,,Seat Change
1259,100710,Growth,5,29.0,145.0,2021-02-06,,Initial Signup
1260,100711,Growth,5,29.0,145.0,2021-10-08,,Initial Signup
1261,100712,Enterprise,442,30.42,13445.64,2021-02-01,2022-01-24,Initial Signup
1262,100712,Enterprise,377,30.42,11468.34,2022-01-24,2023-06-27,Seat Change
1263,100712,Enterprise,377,30.42,11468.34,2023-06-27,,Renewal
1264,100713,Starter,1,15.0,15.0,2021-10-04,2021-10-30,Initial Signup
1265,100713,Growth,5,29.0,145.0,2021-10-30,,Upgrade
1266,100714,Growth,5,29.0,145.0,2021-04-06,2021-10-17,
1267,100714,Growth,5,29.0,145.0,2021-10-17,,Renewal
1268,100715,Growth,7,29.0,203.0,2022-10-18,2023-06-22,Initial Signup
1269,100715,Pro,20,49.0,980.0,2023-06-22,2023-12-23,Upgrade
1270,100715,Pro,20,49.0,980.0,2023-12-23,,Renewal
1271,100716,Growth,6,29.0,155.12,2023-05-24,,Initial Signup
1272,100717,Growth,5,29.0,145.0,2022-09-17,2024-02-27,Initial Signup
1273,100717,Pro,20,49.0,980.0,2024-02-27,,Upgrade
1274,100718,Starter,3,15.0,45.0,2021-05-13,2022-02-13,Initial Signup
1275,100718,Starter,4,15.0,60.0,2022-02-13,2023-01-29,Seat Change
1276,100718,Starter,4,15.0,60.0,2023-01-29,,Renewal
1277,100719,Growth,17,29.0,493.0,2022-12-08,2023-10-27,Initial Signup
1278,100719,Pro,20,49.0,980.0,2023-10-27,2024-02-02,
1279,100719,Pro,20,49.0,980.0,2024-02-02,2024-06-23,Renewal
1280,100719,Enterprise,50,30.27,1513.5,2024-06-23,,Upgrade
1281,100720,Starter,1,15.0,15.0,2021-06-03,,Initial Signup
1282,100721,Starter,1,15.0,15.0,2022-12-17,2024-11-21,Initial Signup
1283,100721,Starter,2,15.0,30.0,2024-11-21,,Seat Change
1284,100722,Pro,51,49.0,2499.0,2022-03-04,2022-12-24,Initial Signup
1285,100722,Enterprise,149,22.32,3325.68,2022-12-24,2023-03-03,Upgrade
1286,100722,Enterprise,136,22.32,3035.52,2023-03-03,2024-08-20,Seat Change
1287,100722,Enterprise,162,22.32,3615.84,2024-08-20,,Seat Change
1288,100723,Pro,37,49.0,1813.0,2021-09-23,,Initial Signup
1289,100724,Growth,12,29.0,348.0,2021-02-12,2021-06-29,Initial Signup
1290,100724,Starter,5,15.0,75.0,2021-06-29,,Downgrade
1291,100725,Starter,1,15.0,15.0,2023-05-10,,Initial Signup
1292,100726,Pro,88,49.0,4312.0,2024-03-01,,Initial Signup
1293,100727,Starter,1,15.0,15.0,2022-08-07,,Initial Signup
1294,100728,Starter,3,15.0,45.0,2024-07-01,2024-09-16,Initial Signup
1295,100728,Starter,2,15.0,30.0,2024-09-16,,Seat Change
1296,100729,Starter,4,15.0,60.0,2024-02-21,2024-02-29,Initial Signup
1297,100729,Starter,4,15.0,60.0,2024-02-29,2024-04-16,Renewal
1298,100729,Starter,5,15.0,75.0,2024-04-16,2024-11-16,Seat Change
1299,100729,Growth,5,29.0,136.27,2024-11-16,,Upgrade
1300,100730,Pro,20,49.0,980.0,2021-05-14,2024-08-09,Initial Signup
1301,100730,Pro,20,49.0,980.0,2024-08-09,,Renewal
1302,100731,Growth,6,29.0,174.0,2022-11-23,2023-11-15,Initial Signup
1303,100731,Pro,20,49.0,980.0,2023-11-15,,Upgrade
1304,100732,Pro,22,49.0,1078.0,2021-09-16,,Initial Signup
1305,100733,Pro,30,49.0,1470.0,2021-12-27,2022-03-07,Initial Signup
1306,100733,Pro,31,49.0,1423.57,2022-03-07,2024-12-08,Seat Change
1307,100733,Enterprise,108,20.61,2225.88,2024-12-08,,Upgrade
1308,100734,Pro,67,49.0,3283.0,2021-04-22,2022-03-02,Initial Signup
1309,100734,Pro,70,49.0,3430.0,2022-03-02,,Seat Change
1310,100735,Pro,22,49.0,1078.0,2024-08-05,,Initial Signup
1311,100736,Pro,44,49.0,2156.0,2022-10-04,2023-03-10,Initial Signup
1312,100736,Enterprise,179,20.05,3588.95,2023-03-10,,Upgrade
1313,100737,Growth,16,29.0,464.0,2021-07-25,,Initial Signup
1314,100738,Growth,7,29.0,203.0,2021-09-08,2021-12-06,
1315,100738,Starter,5,15.0,75.0,2021-12-06,,Downgrade
1316,100739,Growth,6,29.0,174.0,2021-11-22,2022-02-01,Initial Signup
1317,100739,Starter,5,15.0,75.0,2022-02-01,,Downgrade
1318,100740,Starter,2,15.0,30.0,2022-11-18,2022-11-19,Initial Signup
1319,100740,Starter,3,15.0,45.0,2022-11-19,,Seat Change
1320,100741,Growth,12,29.0,348.0,2024-01-20,2024-03-05,Initial Signup
1321,100741,Growth,11,29.0,319.0,2024-03-05,,Seat Change
1322,100742,Starter,2,15.0,30.0,2021-08-08,,Initial Signup
1323,100743,Starter,1,15.0,15.0,2021-12-09,,Initial Signup
1324,100744,Starter,1,15.0,15.0,2022-04-16,,Initial Signup
1325,100745,Starter,1,15.0,15.0,2021-10-01,2022-10-10,Initial Signup
1326,100745,Starter,2,15.0,30.0,2022-10-10,2023-01-26,Seat Change
1327,100745,Starter,1,15.0,15.0,2023-01-26,,Seat Change
1328,100746,Starter,4,15.0,60.0,2022-01-09,2023-11-25,Initial Signup
1329,100746,Starter,4,15.0,60.0,2023-11-25,,Renewal
1330,100747,Growth,5,29.0,145.0,2021-03-15,,Initial Signup
1331,100748,Starter,5,15.0,75.0,2021-04-06,,Initial Signup
1332,100749,Pro,66,49.0,3234.0,2021-10-09,2022-01-31,Initial Signup
1333,100749,Enterprise,231,23.09,5333.79,2022-01-31,2022-03-04,Upgrade
1334,100749,Pro,58,49.0,2842.0,2022-03-04,,Downgrade
1335,100750,Starter,1,15.0,15.0,2023-12-28,,Initial Signup
1336,100751,Growth,14,29.0,406.0,2021-09-09,2022-04-26,Initial Signup
1337,100751,Growth,17,29.0,493.0,2022-04-26,2022-12-01,Seat Change
1338,100751,Growth,18,29.0,522.0,2022-12-01,,Seat Change
1339,100752,Growth,20,29.0,580.0,2021-06-26,2021-11-07,Initial Signup
1340,100752,Growth,19,29.0,551.0,2021-11-07,2022-03-29,Seat Change
1341,100752,Growth,19,29.0,551.0,2022-03-29,,Renewal
1342,100753,Growth,8,29.0,232.0,2022-11-26,,Initial Signup
1343,100754,Starter,1,15.0,15.0,2024-04-19,2024-05-05,Initial Signup
1344,100754,Starter,1,15.0,15.0,2024-05-05,,Renewal
1345,100755,Starter,5,15.0,75.0,2021-11-05,2024-07-24,Initial Signup
1346,100755,Growth,5,29.0,145.0,2024-07-24,,Upgrade
1347,100756,Growth,20,29.0,580.0,2021-01-06,2022-01-14,Initial Signup
1348,100756,Pro,20,49.0,980.0,2022-01-14,2022-06-20,Upgrade
1349,100756,Enterprise,50,37.9,1738.25,2022-06-20,2023-07-22,Upgrade
1350,100756,Enterprise,65,37.9,2180.98,2023-07-22,2023-07-27,Seat Change
1351,100756,Enterprise,71,37.9,2690.9,2023-07-27,,Seat Change
1352,100757,Growth,18,29.0,522.0,2022-09-27,,Initial Signup
1353,100758,Starter,5,15.0,75.0,2021-10-01,,Initial Signup
1354,100759,Enterprise,53,44.65,2075.41,2022-08-15,2023-04-09,Initial Signup
1355,100759,Enterprise,52,44.65,2158.1,2023-04-09,,Seat Change
1356,100760,Starter,5,15.0,75.0,2021-07-17,,Initial Signup
1357,100761,Starter,3,15.0,45.0,2021-01-24,,Initial Signup
1358,100762,Starter,1,15.0,15.0,2021-09-26,,Initial Signup
1359,100763,Growth,9,29.0,261.0,2022-09-08,,Initial Signup
1360,100764,Growth,12,29.0,348.0,2021-10-15,2022-07-08,Initial Signup
1361,100764,Pro,20,49.0,838.26,2022-07-08,2022-08-07,Upgrade
1362,100764,Pro,23,49.0,1054.94,2022-08-07,2022-10-10,Seat Change
1363,100764,Pro,20,49.0,980.0,2022-10-10,,Seat Change
1364,100765,Growth,6,29.0,174.0,2021-06-18,,Initial Signup
1365,100766,Pro,27,49.0,1323.0,2021-12-28,2024-09-11,Initial Signup
1366,100766,Growth,20,29.0,580.0,2024-09-11,,Downgrade
1367,100767,Growth,12,29.0,348.0,2022-11-16,,Initial Signup
1368,100768,Starter,1,15.0,15.0,2021-03-04,,Initial Signup
1369,100769,Starter,2,15.0,30.0,2022-09-26,2022-11-06,Initial Signup
1370,100769,Starter,3,15.0,45.0,2022-11-06,2023-06-22,Seat Change
1371,100769,Starter,3,15.0,45.0,2023-06-22,,Renewal
1372,100770,Enterprise,94,44.35,4168.9,2022-08-15,2023-05-31,Initial Signup
1373,100770,Enterprise,91,44.35,3530.11,2023-05-31,2024-06-26,Seat Change
1374,100770,Enterprise,112,44.35,4390.91,2024-06-26,,Seat Change
1375,100771,Pro,21,49.0,1029.0,2021-09-06,,Initial Signup
1376,100772,Growth,17,29.0,493.0,2024-08-06,,Initial Signup
1377,100773,Growth,5,29.0,145.0,2023-10-06,2023-12-05,Initial Signup
1378,100773,Starter,5,15.0,70.93,2023-12-05,,Downgrade
1379,100774,Starter,4,15.0,60.0,2021-08-21,,Initial Signup
1380,100775,Enterprise,661,27.73,18329.53,2021-01-27,,
1381,100776,Growth,5,29.0,145.0,2021-08-13,2023-07-20,Initial Signup
1382,100776,Growth,7,29.0,203.0,2023-07-20,,Seat Change
1383,100777,Pro,57,49.0,2793.0,2021-05-03,2023-07-29,Initial Signup
1384,100777,Pro,57,49.0,2793.0,2023-07-29,2023-12-22,Renewal
1385,100777,Enterprise,205,24.85,5094.25,2023-12-22,2024-09-19,Upgrade
1386,100777,Pro,56,49.0,2744.0,2024-09-19,,Downgrade
1387,100778,Growth,11,29.0,319.0,2022-02-25,,Initial Signup
1388,100779,Starter,1,15.0,15.0,2023-12-18,,Initial Signup
1389,100780,Starter,2,15.0,30.0,2023-08-16,2023-09-06,Initial Signup
1390,100780,Starter,3,15.0,45.0,2023-09-06,2024-04-25,Seat Change
1391,100780,Starter,3,15.0,45.0,2024-04-25,2024-12-27,Renewal
1392,100780,Growth,5,29.0,145.0,2024-12-27,,Upgrade
1393,100781,Starter,1,15.0,15.0,2021-08-02,2021-10-01,Initial Signup
1394,100781,Starter,1,15.0,15.0,2021-10-01,2024-03-29,Renewal
1395,100781,Growth,5,29.0,139.29,2024-03-29,,Upgrade
1396,100782,Starter,2,15.0,30.0,2021-11-28,2021-12-13,Initial Signup
1397,100782,Starter,3,15.0,45.0,2021-12-13,2022-03-24,Seat Change
1398,100782,Starter,2,15.0,30.0,2022-03-24,2022-05-26,Seat Change
1399,100782,Growth,5,29.0,145.0,2022-05-26,,Upgrade
1400,100783,Growth,15,29.0,435.0,2021-01-03,2021-06-06,Initial Signup
1401,100783,Growth,15,29.0,387.6,2021-06-06,,Renewal
1402,100784,Starter,2,15.0,30.0,2022-02-18,2024-09-25,Initial Signup
1403,100784,Starter,3,15.0,45.0,2024-09-25,,Seat Change
1404,100785,Growth,19,29.0,551.0,2021-02-17,2023-01-26,Initial Signup
1405,100785,Growth,19,29.0,551.0,2023-01-26,,Renewal
1406,100786,Starter,4,15.0,60.0,2024-02-15,2024-09-11,Initial Signup
1407,100786,Starter,5,15.0,75.0,2024-09-11,,Seat Change
1408,100787,Starter,2,15.0,30.0,2023-08-16,,Initial Signup
1409,100788,Growth,5,29.0,145.0,2021-06-12,2021-12-11,Initial Signup
1410,100788,Pro,20,49.0,980.0,2021-12-11,2024-09-11,Upgrade
1411,100788,Enterprise,61,28.37,1730.57,2024-09-11,,Upgrade
1412,100789,Growth,12,29.0,348.0,2022-09-17,,Initial Signup
1413,100790,Pro,24,49.0,1176.0,2022-03-11,2024-09-02,Initial Signup
1414,100790,Growth,20,29.0,580.0,2024-09-02,2024-10-06,Downgrade
1415,100790,Pro,22,49.0,1078.0,2024-10-06,,Upgrade
1416,100791,Enterprise,562,42.13,23677.06,2023-02-14,2024-09-16,Initial Signup
1417,100791,Enterprise,690,42.13,29069.7,2024-09-16,,Seat Change
1418,100792,Pro,89,49.0,4361.0,2021-12-19,2023-04-30,Initial Signup
1419,100792,Growth,20,29.0,580.0,2023-04-30,,Downgrade
1420,100793,Growth,15,29.0,435.0,2021-05-21,2022-07-25,Initial Signup
1421,100793,Growth,15,29.0,435.0,2022-07-25,2024-08-20,Renewal
1422,100793,Growth,14,29.0,406.0,2024-08-20,,Seat Change
1423,100794,Starter,1,15.0,15.0,2022-07-05,,Initial Signup
1424,100795,Starter,4,15.0,60.0,2021-02-28,2023-09-01,Initial Signup
1425,100795,Starter,5,15.0,75.0,2023-09-01,,Seat Change
1426,100796,Pro,85,49.0,4165.0,2022-04-03,,Initial Signup
1427,100797,Starter,2,15.0,30.0,2021-06-08,,Initial Signup
1428,100798,Growth,19,29.0,551.0,2022-09-10,,Initial Signup
1429,100799,Starter,1,15.0,15.0,2023-05-10,2023-07-24,Initial Signup
1430,100799,Growth,5,29.0,145.0,2023-07-24,2023-10-01,Upgrade
1431,100799,Pro,20,49.0,980.0,2023-10-01,2024-01-27,Upgrade
1432,100799,Pro,20,49.0,980.0,2024-01-27,,Renewal
1433,100800,Growth,10,29.0,290.0,2021-03-10,,Initial Signup
1434,100801,Starter,3,15.0,45.0,2021-10-10,2022-04-09,Initial Signup
1435,100801,Growth,5,29.0,139.55,2022-04-09,2024-03-30,Upgrade
1436,100801,Growth,5,29.0,145.0,2024-03-30,,Renewal
1437,100802,Starter,2,15.0,30.0,2022-11-13,,Initial Signup
1438,100803,Growth,18,29.0,522.0,2021-04-22,2021-08-25,Initial Signup
1439,100803,Growth,18,29.0,522.0,2021-08-25,,Renewal
1440,100804,Starter,4,15.0,60.0,2022-03-24,2022-06-21,Initial Signup
1441,100804,Growth,5,29.0,145.0,2022-06-21,2022-10-04,Upgrade
1442,100804,Pro,20,49.0,980.0,2022-10-04,,Upgrade
1443,100805,Growth,10,29.0,290.0,2022-08-10,2022-11-30,Initial Signup
1444,100805,Growth,10,29.0,290.0,2022-11-30,,
1445,100806,Growth,8,29.0,232.0,2021-09-08,,Initial Signup
1446,100807,Growth,6,29.0,174.0,2023-05-19,,Initial Signup
1447,100808,Starter,4,15.0,60.0,2022-01-02,,Initial Signup
1448,100809,Starter,2,15.0,30.0,2022-06-13,,Initial Signup
1449,100810,Growth,6,29.0,174.0,2021-04-07,,Initial Signup
1450,100811,Growth,5,29.0,145.0,2021-01-18,,Initial Signup
1451,100812,Growth,9,29.0,261.0,2021-02-03,2022-07-05,Initial Signup
1452,100812,Starter,5,15.0,75.0,2022-07-05,,Downgrade
1453,100813,Starter,1,15.0,15.0,2023-11-24,2024-02-28,Initial Signup
1454,100813,Growth,5,29.0,145.0,2024-02-28,2024-09-08,Upgrade
1455,100813,Starter,5,15.0,75.0,2024-09-08,2024-09-25,Downgrade
1456,100813,Growth,5,29.0,145.0,2024-09-25,2024-12-15,Upgrade
1457,100813,Growth,5,29.0,145.0,2024-12-15,,Renewal
1458,100814,Growth,5,29.0,145.0,2023-09-08,,Initial Signup
1459,100815,Starter,1,15.0,15.0,2023-03-15,2024-05-17,Initial Signup
1460,100815,Starter,1,15.0,15.0,2024-05-17,,Renewal
1461,100816,Starter,1,15.0,15.0,2021-05-17,2024-10-02,Initial Signup
1462,100816,Starter,2,15.0,29.05,2024-10-02,,Seat Change
1463,100817,Starter,1,15.0,15.0,2022-01-14,,
1464,100818,Growth,8,29.0,232.0,2023-02-13,,Initial Signup
1465,100819,Pro,33,49.0,1410.23,2022-08-08,2022-10-12,Initial Signup
1466,100819,Pro,36,49.0,1764.0,2022-10-12,,Seat Change
1467,100820,Starter,3,15.0,38.86,2021-03-22,2022-06-15,Initial Signup
1468,100820,Starter,4,15.0,60.0,2022-06-15,2022-10-31,Seat Change
1469,100820,Growth,5,29.0,145.0,2022-10-31,2024-08-03,Upgrade
1470,100820,Growth,6,29.0,174.0,2024-08-03,,Seat Change
1471,100821,Growth,10,29.0,290.0,2023-10-15,2023-11-25,Initial Signup
1472,100821,Growth,12,29.0,348.0,2023-11-25,2023-11-28,Seat Change
1473,100821,Growth,10,29.0,290.0,2023-11-28,2024-02-01,Seat Change
1474,100821,Growth,11,29.0,306.73,2024-02-01,2024-04-09,Seat Change
1475,100821,Growth,9,29.0,261.0,2024-04-09,,Seat Change
1476,100822,Pro,52,49.0,2548.0,2021-04-07,2022-11-21,Initial Signup
1477,100822,Enterprise,111,36.01,3997.11,2022-11-21,,Upgrade
1478,100823,Starter,2,15.0,30.0,2021-05-08,2021-06-26,Initial Signup
1479,100823,Starter,3,15.0,45.0,2021-06-26,,Seat Change
1480,100824,Growth,6,29.0,174.0,2023-11-13,2024-12-22,Initial Signup
1481,100824,Pro,20,49.0,980.0,2024-12-22,,Upgrade
1482,100825,Growth,17,29.0,426.85,2021-12-24,2022-01-08,Initial Signup
1483,100825,Pro,20,49.0,904.93,2022-01-08,,Upgrade
1484,100826,Starter,1,15.0,15.0,2021-09-27,,Initial Signup
1485,100827,Growth,5,29.0,145.0,2022-03-11,,Initial Signup
1486,100828,Starter,2,15.0,30.0,2024-09-12,,Initial Signup
1487,100829,Growth,11,29.0,319.0,2021-03-04,,Initial Signup
1488,100830,Pro,37,49.0,1813.0,2022-12-16,2023-10-16,Initial Signup
1489,100830,Pro,47,49.0,2303.0,2023-10-16,2024-09-12,Seat Change
1490,100830,Pro,39,49.0,1911.0,2024-09-12,,Seat Change
1491,100831,Pro,39,49.0,1911.0,2021-09-07,,Initial Signup
1492,100832,Growth,18,29.0,522.0,2021-03-23,2022-01-08,Initial Signup
1493,100832,Growth,18,29.0,522.0,2022-01-08,,Renewal
1494,100833,Growth,7,29.0,203.0,2021-11-15,2021-11-21,Initial Signup
1495,100833,Starter,5,15.0,75.0,2021-11-21,2022-01-03,Downgrade
1496,100833,Starter,5,15.0,75.0,2022-01-03,,Renewal
1497,100834,Starter,4,15.0,60.0,2022-02-07,,Initial Signup
1498,100835,Enterprise,537,39.31,21109.47,2021-05-26,2023-04-29,Initial Signup
1499,100835,Enterprise,537,39.31,19641.81,2023-04-29,,Renewal
1500,100836,Starter,4,15.0,60.0,2021-10-23,,Initial Signup
1501,100837,Growth,6,29.0,174.0,2022-06-09,2022-09-22,Initial Signup
1502,100837,Growth,7,29.0,203.0,2022-09-22,,Seat Change
1503,100838,Pro,51,49.0,2499.0,2022-04-04,2022-10-28,Initial Signup
1504,100838,Enterprise,136,22.3,3032.8,2022-10-28,,Upgrade
1505,100839,Growth,18,29.0,522.0,2022-10-08,,Initial Signup
1506,100840,Starter,2,15.0,30.0,2023-05-11,,Initial Signup
1507,100841,Growth,5,29.0,145.0,2021-10-12,,Initial Signup
1508,100842,Starter,1,15.0,15.0,2021-11-24,,Initial Signup
1509,100843,Starter,2,15.0,30.0,2021-12-28,2023-07-06,Initial Signup
1510,100843,Starter,3,15.0,45.0,2023-07-06,2023-07-31,Seat Change
1511,100843,Starter,4,15.0,60.0,2023-07-31,2023-12-20,Seat Change
1512,100843,Starter,5,15.0,75.0,2023-12-20,,Seat Change
1513,100844,Starter,1,15.0,15.0,2022-03-21,2023-08-10,Initial Signup
1514,100844,Growth,5,29.0,145.0,2023-08-10,2023-12-07,Upgrade
1515,100844,Growth,5,29.0,131.15,2023-12-07,2024-03-26,Renewal
1516,100844,Growth,5,29.0,145.0,2024-03-26,,Renewal
1517,100845,Starter,4,15.0,60.0,2021-03-24,,
1518,100846,Starter,2,15.0,30.0,2021-08-04,,Initial Signup
1519,100847,Starter,2,15.0,30.0,2021-05-05,2021-11-30,Initial Signup
1520,100847,Starter,2,15.0,30.0,2021-11-30,2022-05-01,Renewal
1521,100847,Starter,2,15.0,30.0,2022-05-01,2023-02-19,Renewal
1522,100847,Starter,2,15.0,30.0,2023-02-19,,Renewal
1523,100848,Starter,1,15.0,15.0,2021-10-26,2022-07-14,Initial Signup
1524,100848,Growth,5,29.0,145.0,2022-07-14,2022-08-08,Upgrade
1525,100848,Growth,6,29.0,174.0,2022-08-08,2023-01-08,Seat Change
1526,100848,Pro,20,49.0,980.0,2023-01-08,,Upgrade
1527,100849,Growth,5,29.0,145.0,2024-08-18,,Initial Signup
1528,100850,Starter,2,15.0,30.0,2022-04-07,,Initial Signup
1529,100851,Starter,2,15.0,30.0,2021-11-23,,Initial Signup
1530,100852,Growth,8,29.0,232.0,2022-03-05,,Initial Signup
1531,100853,Growth,12,29.0,348.0,2022-08-22,,Initial Signup
1532,100854,Starter,2,15.0,30.0,2021-11-25,,Initial Signup
1533,100855,Enterprise,182,30.83,5611.06,2021-11-14,2022-02-28,Initial Signup
1534,100855,Enterprise,240,30.83,7399.2,2022-02-28,,Seat Change
1535,100856,Pro,24,49.0,1176.0,2022-09-19,2023-02-08,Initial Signup
1536,100856,Pro,29,49.0,1421.0,2023-02-08,,Seat Change
1537,100857,Starter,4,15.0,60.0,2021-02-21,2024-01-15,Initial Signup
1538,100857,Starter,5,15.0,75.0,2024-01-15,,Seat Change
1539,100858,Growth,7,29.0,203.0,2022-02-25,,Initial Signup
1540,100859,Starter,1,15.0,15.0,2022-02-17,,Initial Signup
1541,100860,Starter,1,15.0,15.0,2022-12-09,,Initial Signup
1542,100861,Growth,5,29.0,145.0,2024-10-06,,Initial Signup
1543,100862,Growth,11,29.0,319.0,2023-02-10,2023-05-27,Initial Signup
1544,100862,Pro,20,49.0,980.0,2023-05-27,2024-11-20,Upgrade
1545,100862,Pro,20,49.0,980.0,2024-11-20,,Renewal
1546,100863,Starter,4,15.0,52.37,2022-01-02,2024-03-23,Initial Signup
1547,100863,Starter,3,15.0,45.0,2024-03-23,,Seat Change
1548,100864,Growth,14,29.0,406.0,2021-04-20,2021-04-30,Initial Signup
1549,100864,Pro,20,49.0,980.0,2021-04-30,,Upgrade
1550,100865,Growth,16,29.0,464.0,2022-04-11,2022-10-28,Initial Signup
1551,100865,Growth,16,29.0,464.0,2022-10-28,,Renewal
1552,100866,Growth,17,29.0,493.0,2023-05-20,,Initial Signup
1553,100867,Growth,10,29.0,290.0,2024-01-02,2024-07-26,Initial Signup
1554,100867,Pro,20,49.0,980.0,2024-07-26,,Upgrade
1555,100868,Starter,1,15.0,15.0,2023-04-10,2023-10-11,Initial Signup
1556,100868,Starter,2,15.0,30.0,2023-10-11,2024-01-14,Seat Change
1557,100868,Starter,1,15.0,13.81,2024-01-14,2024-10-17,Seat Change
1558,100868,Growth,5,29.0,124.77,2024-10-17,,Upgrade
1559,100869,Growth,13,29.0,377.0,2021-05-12,2022-12-02,Initial Signup
1560,100869,Pro,20,49.0,980.0,2022-12-02,,Upgrade
1561,100870,Starter,4,15.0,60.0,2022-10-03,,Initial Signup
1562,100871,Starter,5,15.0,75.0,2023-09-24,2024-12-16,Initial Signup
1563,100871,Starter,4,15.0,60.0,2024-12-16,,Seat Change
1564,100872,Growth,12,29.0,325.84,2022-08-17,2024-01-15,Initial Signup
1565,100872,Pro,20,49.0,980.0,2024-01-15,2024-12-18,Upgrade
1566,100872,Enterprise,50,36.56,1828.0,2024-12-18,,Upgrade
1567,100873,Starter,1,15.0,15.0,2022-09-24,,Initial Signup
1568,100874,Starter,1,15.0,15.0,2022-01-23,2022-03-16,Initial Signup
1569,100874,Starter,2,15.0,30.0,2022-03-16,2023-06-21,Seat Change
1570,100874,Growth,5,29.0,145.0,2023-06-21,,Upgrade
1571,100875,Starter,1,15.0,15.0,2022-06-01,2024-11-11,Initial Signup
1572,100875,Starter,2,15.0,26.1,2024-11-11,2024-11-12,Seat Change
1573,100875,Starter,3,15.0,45.0,2024-11-12,,Seat Change
1574,100876,Starter,3,15.0,45.0,2021-08-25,,Initial Signup
1575,100877,Starter,1,15.0,13.78,2021-02-02,,Initial Signup
1576,100878,Growth,19,29.0,551.0,2023-05-25,2024-07-04,Initial Signup
1577,100878,Growth,16,29.0,432.16,2024-07-04,,Seat Change
1578,100879,Starter,4,15.0,60.0,2024-03-19,2024-04-06,Initial Signup
1579,100879,Growth,5,29.0,145.0,2024-04-06,,Upgrade
1580,100880,Starter,5,15.0,75.0,2023-07-23,,Initial Signup
1581,100881,Starter,1,15.0,15.0,2021-09-14,2021-11-30,Initial Signup
1582,100881,Growth,5,29.0,145.0,2021-11-30,2023-08-03,Upgrade
1583,100881,Growth,5,29.0,145.0,2023-08-03,,Renewal
1584,100882,Growth,9,29.0,226.6,2021-03-05,2024-06-05,Initial Signup
1585,100882,Pro,20,49.0,980.0,2024-06-05,,Upgrade
1586,100883,Starter,1,15.0,15.0,2021-07-05,,Initial Signup
1587,100884,Starter,2,15.0,30.0,2023-06-04,,Initial Signup
1588,100885,Growth,7,29.0,203.0,2022-07-23,2022-09-24,Initial Signup
1589,100885,Starter,5,15.0,75.0,2022-09-24,2024-11-16,Downgrade
1590,100885,Starter,5,15.0,75.0,2024-11-16,2024-12-26,Renewal
1591,100885,Starter,5,15.0,75.0,2024-12-26,,Renewal
1592,100886,Starter,2,15.0,30.0,2024-07-15,,Initial Signup
1593,100887,Pro,20,49.0,980.0,2021-09-07,,Initial Signup
1594,100888,Starter,2,15.0,30.0,2022-03-04,,Initial Signup
1595,100889,Starter,1,15.0,15.0,2023-01-03,,Initial Signup
1596,100890,Starter,1,15.0,15.0,2021-06-08,,Initial Signup
1597,100891,Growth,9,29.0,234.82,2024-07-21,,Initial Signup
1598,100892,Starter,2,15.0,30.0,2022-04-25,,Initial Signup
1599,100893,Starter,2,15.0,26.97,2021-01-18,2022-03-01,Initial Signup
1600,100893,Starter,3,15.0,45.0,2022-03-01,2022-07-01,Seat Change
1601,100893,Starter,2,15.0,30.0,2022-07-01,2022-09-04,Seat Change
1602,100893,Starter,3,15.0,45.0,2022-09-04,,Seat Change
1603,100894,Starter,3,15.0,45.0,2021-01-28,2021-02-25,Initial Signup
1604,100894,Growth,5,29.0,145.0,2021-02-25,,Upgrade
1605,100895,Starter,1,15.0,15.0,2023-09-12,2023-12-31,Initial Signup
1606,100895,Growth,5,29.0,145.0,2023-12-31,2024-06-19,Upgrade
1607,100895,Growth,7,29.0,203.0,2024-06-19,2024-08-19,Seat Change
1608,100895,Pro,20,49.0,980.0,2024-08-19,,Upgrade
1609,100896,Growth,5,29.0,145.0,2022-07-10,,Initial Signup
1610,100897,Starter,2,15.0,30.0,2022-12-20,2022-12-21,Initial Signup
1611,100897,Starter,1,15.0,13.56,2022-12-21,,Seat Change
1612,100898,Starter,1,15.0,15.0,2023-01-04,2024-04-30,Initial Signup
1613,100898,Growth,5,29.0,145.0,2024-04-30,,Upgrade
1614,100899,Growth,10,29.0,263.58,2021-11-26,,Initial Signup
1615,100900,Growth,10,29.0,290.0,2023-02-22,,Initial Signup
1616,100901,Growth,5,29.0,145.0,2024-02-01,2024-04-08,Initial Signup
1617,100901,Growth,6,29.0,174.0,2024-04-08,2024-04-28,Seat Change
1618,100901,Starter,5,15.0,75.0,2024-04-28,2024-06-28,Downgrade
1619,100901,Starter,4,15.0,60.0,2024-06-28,,Seat Change
1620,100902,Starter,1,15.0,15.0,2021-05-06,,Initial Signup
1621,100903,Growth,14,29.0,406.0,2022-12-18,2023-07-21,Initial Signup
1622,100903,Pro,20,49.0,980.0,2023-07-21,,Upgrade
1623,100904,Starter,3,15.0,45.0,2021-08-21,,Initial Signup
1624,100905,Starter,3,15.0,41.51,2021-08-07,2021-12-03,Initial Signup
1625,100905,Growth,5,29.0,123.26,2021-12-03,2023-12-23,Upgrade
1626,100905,Growth,6,29.0,174.0,2023-12-23,,
1627,100906,Pro,38,49.0,1862.0,2021-10-21,2022-04-20,Initial Signup
1628,100906,Enterprise,71,43.16,3064.36,2022-04-20,,Upgrade
1629,100907,Growth,6,29.0,174.0,2023-08-14,2024-03-14,Initial Signup
1630,100907,Growth,7,29.0,203.0,2024-03-14,2024-08-02,Seat Change
1631,100907,Growth,8,29.0,232.0,2024-08-02,2024-11-11,Seat Change
1632,100907,Starter,5,15.0,64.43,2024-11-11,,Downgrade
1633,100908,Starter,3,15.0,45.0,2021-01-19,2024-06-13,Initial Signup
1634,100908,Starter,4,15.0,60.0,2024-06-13,,Seat Change
1635,100909,Enterprise,515,40.6,18837.34,2021-11-12,,Initial Signup
1636,100910,Enterprise,550,38.45,21147.5,2022-08-13,2022-11-05,Initial Signup
1637,100910,Enterprise,550,38.45,21147.5,2022-11-05,,Renewal
1638,100911,Enterprise,62,22.91,1420.42,2021-03-11,2023-01-27,Initial Signup
1639,100911,Enterprise,78,22.91,1786.98,2023-01-27,,Seat Change
1640,100912,Pro,58,49.0,2842.0,2023-02-05,,Initial Signup
1641,100913,Starter,2,15.0,30.0,2024-03-06,,Initial Signup
1642,100914,Starter,2,15.0,30.0,2021-03-05,2022-11-17,Initial Signup
1643,100914,Starter,2,15.0,30.0,2022-11-17,,Renewal
1644,100915,Pro,52,49.0,2548.0,2021-04-23,,Initial Signup
1645,100916,Growth,17,29.0,493.0,2024-08-12,2024-10-05,Initial Signup
1646,100916,Pro,20,49.0,980.0,2024-10-05,,Upgrade
1647,100917,Starter,3,15.0,45.0,2021-05-11,2021-09-28,Initial Signup
1648,100917,Starter,3,15.0,45.0,2021-09-28,,Renewal
1649,100918,Starter,1,15.0,15.0,2021-02-24,,Initial Signup
1650,100919,Growth,10,29.0,290.0,2024-05-25,2024-12-19,Initial Signup
1651,100919,Starter,5,15.0,75.0,2024-12-19,2024-12-25,Downgrade
1652,100919,Starter,5,15.0,75.0,2024-12-25,,Renewal
1653,100920,Pro,78,49.0,3822.0,2023-10-07,,Initial Signup
1654,100921,Pro,52,49.0,2548.0,2022-07-10,,Initial Signup
1655,100922,Starter,1,15.0,15.0,2022-03-12,,Initial Signup
1656,100923,Pro,20,49.0,980.0,2023-12-24,,Initial Signup
1657,100924,Growth,5,29.0,145.0,2022-07-19,2023-08-01,Initial Signup
1658,100924,Growth,5,29.0,145.0,2023-08-01,,Renewal
1659,100925,Growth,5,29.0,145.0,2022-07-16,,Initial Signup
1660,100926,Growth,14,29.0,406.0,2023-06-07,2024-05-19,Initial Signup
1661,100926,Pro,20,49.0,980.0,2024-05-19,,Upgrade
1662,100927,Growth,10,29.0,290.0,2022-07-11,2023-08-26,Initial Signup
1663,100927,Growth,9,29.0,241.31,2023-08-26,,Seat Change
1664,100928,Starter,1,15.0,15.0,2022-01-01,,Initial Signup
1665,100929,Starter,3,15.0,45.0,2021-10-20,,Initial Signup
1666,100930,Growth,6,29.0,174.0,2022-01-26,,Initial Signup
1667,100931,Starter,1,15.0,15.0,2022-01-23,2022-07-21,Initial Signup
1668,100931,Growth,5,29.0,145.0,2022-07-21,2022-10-09,Upgrade
1669,100931,Pro,20,49.0,876.82,2022-10-09,,Upgrade
1670,100932,Starter,2,15.0,30.0,2021-09-09,,Initial Signup
1671,100933,Starter,1,15.0,15.0,2021-11-14,,Initial Signup
1672,100934,Starter,1,15.0,13.93,2023-02-27,2024-07-31,Initial Signup
1673,100934,Growth,5,29.0,145.0,2024-07-31,,Upgrade
1674,100935,Starter,3,15.0,45.0,2021-10-12,,Initial Signup
1675,100936,Starter,2,15.0,30.0,2021-01-24,2021-04-24,Initial Signup
1676,100936,Starter,2,15.0,30.0,2021-04-24,2021-07-08,Renewal
1677,100936,Starter,1,15.0,15.0,2021-07-08,,Seat Change
1678,100937,Growth,19,29.0,551.0,2021-07-17,2023-09-20,Initial Signup
1679,100937,Pro,20,49.0,894.18,2023-09-20,,Upgrade
1680,100938,Pro,61,49.0,2989.0,2021-06-14,,Initial Signup
1681,100939,Pro,83,49.0,3800.7,2023-02-17,2024-06-08,Initial Signup
1682,100939,Enterprise,327,21.37,6987.99,2024-06-08,,
1683,100940,Growth,6,29.0,174.0,2021-11-07,2022-07-18,Initial Signup
1684,100940,Growth,5,29.0,145.0,2022-07-18,2022-08-09,Seat Change
1685,100940,Pro,20,49.0,980.0,2022-08-09,2023-11-13,Upgrade
1686,100940,Enterprise,74,23.03,1704.22,2023-11-13,,Upgrade
1687,100941,Starter,5,15.0,75.0,2021-07-12,2024-02-04,Initial Signup
1688,100941,Growth,5,29.0,145.0,2024-02-04,,Upgrade
1689,100942,Growth,16,29.0,464.0,2023-03-09,2023-06-04,
1690,100942,Pro,20,49.0,980.0,2023-06-04,,Upgrade
1691,100943,Pro,24,49.0,1176.0,2021-01-22,2022-09-21,Initial Signup
1692,100943,Growth,20,29.0,580.0,2022-09-21,2023-08-31,Downgrade
1693,100943,Growth,20,29.0,543.33,2023-08-31,,Renewal
1694,100944,Starter,4,15.0,60.0,2021-05-18,,Initial Signup
1695,100945,Growth,13,29.0,377.0,2023-05-12,,Initial Signup
1696,100946,Starter,3,15.0,45.0,2022-03-24,,Initial Signup
1697,100947,Starter,2,15.0,30.0,2022-12-13,2024-03-23,Initial Signup
1698,100947,Starter,3,15.0,45.0,2024-03-23,2024-12-19,Seat Change
1699,100947,Growth,5,29.0,145.0,2024-12-19,,Upgrade
1700,100948,Starter,4,15.0,60.0,2023-05-27,2024-08-09,Initial Signup
1701,100948,Starter,3,15.0,45.0,2024-08-09,2024-12-06,Seat Change
1702,100948,Starter,4,15.0,60.0,2024-12-06,,Seat Change
1703,100949,Growth,11,29.0,319.0,2024-03-17,,Initial Signup
1704,100950,Starter,4,15.0,60.0,2021-02-25,2024-01-18,Initial Signup
1705,100950,Starter,5,15.0,75.0,2024-01-18,2024-03-23,Seat Change
1706,100950,Starter,4,15.0,60.0,2024-03-23,,Seat Change
1707,100951,Growth,18,29.0,522.0,2023-02-28,2024-10-01,Initial Signup
1708,100951,Growth,18,29.0,522.0,2024-10-01,2024-12-10,Renewal
1709,100951,Pro,20,49.0,980.0,2024-12-10,,Upgrade
1710,100952,Starter,2,15.0,30.0,2022-10-10,,Initial Signup
1711,100953,Starter,3,15.0,45.0,2021-05-08,,Initial Signup
1712,100954,Starter,2,15.0,30.0,2024-01-24,,Initial Signup
1713,100955,Starter,2,15.0,27.91,2021-10-07,,Initial Signup
1714,100956,Growth,13,29.0,377.0,2023-09-22,,Initial Signup
1715,100957,Growth,5,29.0,145.0,2022-05-05,,Initial Signup
1716,100958,Starter,4,15.0,60.0,2022-01-25,,Initial Signup
1717,100959,Starter,1,15.0,15.0,2021-04-20,2022-06-19,Initial Signup
1718,100959,Starter,2,15.0,30.0,2022-06-19,,Seat Change
1719,100960,Starter,5,15.0,75.0,2023-12-15,2024-01-15,Initial Signup
1720,100960,Starter,5,15.0,75.0,2024-01-15,2024-03-25,Renewal
1721,100960,Starter,4,15.0,60.0,2024-03-25,2024-07-09,Seat Change
1722,100960,Starter,4,15.0,60.0,2024-07-09,,Renewal
1723,100961,Starter,2,15.0,27.73,2022-03-13,2022-05-16,Initial Signup
1724,100961,Starter,3,15.0,45.0,2022-05-16,,Seat Change
1725,100962,Growth,10,29.0,290.0,2021-01-18,2024-10-21,Initial Signup
1726,100962,Pro,20,49.0,980.0,2024-10-21,,Upgrade
1727,100963,Pro,86,49.0,4214.0,2021-01-11,,Initial Signup
1728,100964,Starter,4,15.0,60.0,2023-01-12,2023-01-25,Initial Signup
1729,100964,Growth,5,29.0,145.0,2023-01-25,2024-10-02,Upgrade
1730,100964,Pro,20,49.0,980.0,2024-10-02,,Upgrade
1731,100965,Starter,4,15.0,60.0,2021-04-06,2022-01-01,Initial Signup
1732,100965,Starter,5,15.0,75.0,2022-01-01,,Seat Change
1733,100966,Starter,1,15.0,15.0,2022-05-05,2024-12-06,Initial Signup
1734,100966,Growth,5,29.0,145.0,2024-12-06,,Upgrade
1735,100967,Pro,96,49.0,4704.0,2022-08-25,2023-03-29,Initial Signup
1736,100967,Pro,97,49.0,4753.0,2023-03-29,2024-12-01,Seat Change
1737,100967,Growth,20,29.0,580.0,2024-12-01,,Downgrade
1738,100968,Pro,43,49.0,2107.0,2021-07-21,2023-02-21,Initial Signup
1739,100968,Enterprise,103,27.03,2784.09,2023-02-21,2024-01-24,Upgrade
1740,100968,Enterprise,119,27.03,3216.57,2024-01-24,2024-05-30,Seat Change
1741,100968,Enterprise,99,27.03,2675.97,2024-05-30,2024-09-07,Seat Change
1742,100968,Enterprise,99,27.03,2675.97,2024-09-07,,Renewal
1743,100969,Growth,12,29.0,348.0,2022-03-13,,Initial Signup
1744,100970,Growth,5,29.0,145.0,2021-06-24,,Initial Signup
1745,100971,Starter,1,15.0,15.0,2024-04-18,2024-07-12,Initial Signup
1746,100971,Growth,5,29.0,128.47,2024-07-12,2024-10-21,Upgrade
1747,100971,Growth,6,29.0,174.0,2024-10-21,,Seat Change
1748,100972,Starter,1,15.0,15.0,2023-07-17,2024-07-04,Initial Signup
1749,100972,Growth,5,29.0,145.0,2024-07-04,2024-09-28,Upgrade
1750,100972,Growth,7,29.0,203.0,2024-09-28,,Seat Change
1751,100973,Starter,2,15.0,30.0,2021-07-04,2022-04-28,Initial Signup
1752,100973,Starter,3,15.0,45.0,2022-04-28,,Seat Change
1753,100974,Starter,2,15.0,26.09,2022-02-16,,Initial Signup
1754,100975,Starter,2,15.0,30.0,2022-01-04,,Initial Signup
1755,100976,Starter,3,15.0,39.93,2024-06-20,,Initial Signup
1756,100977,Starter,4,15.0,60.0,2021-10-02,,Initial Signup
1757,100978,Starter,1,15.0,15.0,2022-03-15,,Initial Signup
1758,100979,Starter,2,15.0,30.0,2024-01-11,,Initial Signup
1759,100980,Growth,12,29.0,348.0,2021-04-04,2021-04-19,Initial Signup
1760,100980,Growth,13,29.0,377.0,2021-04-19,,Seat Change
1761,100981,Growth,5,29.0,145.0,2022-03-14,,Initial Signup
1762,100982,Growth,5,29.0,145.0,2021-03-06,2021-11-30,Initial Signup
1763,100982,Starter,4,15.0,54.14,2021-11-30,,Downgrade
1764,100983,Growth,5,29.0,145.0,2022-06-07,,Initial Signup
1765,100984,Growth,5,29.0,145.0,2021-09-25,2024-07-26,Initial Signup
1766,100984,Pro,20,49.0,980.0,2024-07-26,,Upgrade
1767,100985,Growth,7,29.0,203.0,2024-07-10,,Initial Signup
1768,100986,Starter,1,15.0,15.0,2021-10-12,,Initial Signup
1769,100987,Starter,1,15.0,15.0,2021-04-01,2024-03-10,Initial Signup
1770,100987,Starter,1,15.0,15.0,2024-03-10,,Renewal
1771,100988,Pro,91,49.0,4459.0,2023-05-09,,Initial Signup
1772,100989,Growth,16,29.0,464.0,2023-04-10,,Initial Signup
1773,100990,Starter,1,15.0,15.0,2022-09-21,,Initial Signup
1774,100991,Starter,4,15.0,60.0,2022-11-04,,Initial Signup
1775,100992,Growth,5,29.0,145.0,2021-07-27,,Initial Signup
1776,100993,Growth,18,29.0,522.0,2022-07-04,,Initial Signup
1777,100994,Starter,1,15.0,13.09,2021-01-19,,Initial Signup
1778,100995,Pro,61,49.0,2989.0,2021-05-01,2022-01-03,Initial Signup
1779,100995,Enterprise,134,36.05,4272.7,2022-01-03,2022-03-23,Upgrade
1780,100995,Enterprise,139,36.05,5010.95,2022-03-23,,Seat Change
1781,100996,Pro,32,49.0,1500.17,2024-01-23,,Initial Signup
1782,100997,Growth,13,29.0,377.0,2022-11-20,,Initial Signup
1783,100998,Starter,1,15.0,15.0,2021-06-24,2021-12-15,Initial Signup
1784,100998,Starter,1,15.0,15.0,2021-12-15,,Renewal
1785,100999,Starter,5,15.0,75.0,2021-03-27,,Initial Signup
1786,101000,Starter,1,15.0,15.0,2024-04-24,2024-12-10,Initial Signup
1787,101000,Starter,2,15.0,30.0,2024-12-10,,Seat Change
1788,101001,Pro,59,49.0,2891.0,2021-03-18,,Initial Signup
1789,101002,Starter,3,15.0,45.0,2021-07-24,2021-12-27,Initial Signup
1790,101002,Starter,4,15.0,60.0,2021-12-27,2023-05-20,Seat Change
1791,101002,Growth,5,29.0,145.0,2023-05-20,,Upgrade
1792,101003,Starter,1,15.0,15.0,2021-05-03,,Initial Signup
1793,101004,Growth,16,29.0,464.0,2021-01-19,,Initial Signup
1794,101005,Starter,3,15.0,45.0,2021-08-28,,Initial Signup
1795,101006,Starter,2,15.0,30.0,2024-08-11,2024-08-29,Initial Signup
1796,101006,Growth,5,29.0,145.0,2024-08-29,2024-11-13,Upgrade
1797,101006,Starter,5,15.0,75.0,2024-11-13,,Downgrade
1798,101007,Starter,3,15.0,45.0,2021-09-28,,Initial Signup
1799,101008,Starter,3,15.0,45.0,2022-01-15,2022-02-05,Initial Signup
1800,101008,Starter,2,15.0,30.0,2022-02-05,,Seat Change
1801,101009,Pro,24,49.0,1176.0,2022-11-14,,Initial Signup
1802,101010,Growth,7,29.0,203.0,2022-03-09,2022-10-18,Initial Signup
1803,101010,Growth,7,29.0,203.0,2022-10-18,,Renewal
1804,101011,Growth,17,29.0,493.0,2022-11-04,,Initial Signup
1805,101012,Starter,3,15.0,45.0,2022-08-25,,Initial Signup
1806,101013,Starter,1,15.0,15.0,2022-05-21,2022-10-05,Initial Signup
1807,101013,Growth,5,29.0,145.0,2022-10-05,2023-09-02,Upgrade
1808,101013,Growth,7,29.0,203.0,2023-09-02,2024-02-23,Seat Change
1809,101013,Pro,20,49.0,980.0,2024-02-23,,Upgrade
1810,101014,Growth,9,29.0,261.0,2022-07-12,,Initial Signup
1811,101015,Growth,15,29.0,435.0,2023-02-27,,Initial Signup
1812,101016,Growth,5,29.0,145.0,2022-10-06,2022-11-18,Initial Signup
1813,101016,Growth,7,29.0,203.0,2022-11-18,,Seat Change
1814,101017,Enterprise,812,42.5,34510.0,2023-02-22,,Initial Signup
1815,101018,Pro,20,49.0,980.0,2021-04-13,,Initial Signup
1816,101019,Growth,16,29.0,464.0,2022-08-18,,Initial Signup
1817,101020,Starter,1,15.0,15.0,2022-11-02,,Initial Signup
1818,101021,Starter,1,15.0,15.0,2021-08-18,,Initial Signup
1819,101022,Starter,4,15.0,60.0,2023-08-20,2023-11-20,Initial Signup
1820,101022,Growth,5,29.0,145.0,2023-11-20,2024-01-02,Upgrade
1821,101022,Pro,20,49.0,980.0,2024-01-02,2024-10-20,Upgrade
1822,101022,Pro,21,49.0,1029.0,2024-10-20,,Seat Change
1823,101023,Pro,75,49.0,3675.0,2021-08-28,2024-12-03,Initial Signup
1824,101023,Growth,20,29.0,580.0,2024-12-03,,Downgrade
1825,101024,Starter,2,15.0,30.0,2021-06-10,,Initial Signup
1826,101025,Starter,1,15.0,15.0,2023-08-03,2024-04-07,Initial Signup
1827,101025,Starter,1,15.0,15.0,2024-04-07,,Renewal
1828,101026,Growth,5,29.0,145.0,2021-06-02,2022-02-20,Initial Signup
1829,101026,Pro,20,49.0,980.0,2022-02-20,,Upgrade
1830,101027,Starter,2,15.0,30.0,2021-10-05,,Initial Signup
1831,101028,Pro,20,49.0,896.68,2021-09-09,,Initial Signup
1832,101029,Starter,2,15.0,30.0,2023-10-24,2024-05-10,Initial Signup
1833,101029,Starter,2,15.0,30.0,2024-05-10,,Renewal
1834,101030,Growth,11,29.0,319.0,2021-11-06,,Initial Signup
1835,101031,Starter,5,15.0,75.0,2022-09-05,2023-01-18,Initial Signup
1836,101031,Starter,4,15.0,60.0,2023-01-18,,Seat Change
1837,101032,Starter,2,15.0,26.27,2023-02-01,2023-03-02,Initial Signup
1838,101032,Starter,3,15.0,45.0,2023-03-02,,Seat Change
1839,101033,Pro,20,49.0,980.0,2022-06-11,2023-04-17,Initial Signup
1840,101033,Growth,20,29.0,545.22,2023-04-17,,Downgrade
1841,101034,Growth,15,29.0,435.0,2024-03-17,,Initial Signup
1842,101035,Growth,19,29.0,551.0,2023-03-08,,Initial Signup
1843,101036,Pro,22,49.0,1078.0,2021-10-14,2022-06-24,Initial Signup
1844,101036,Pro,22,49.0,1078.0,2022-06-24,2022-09-01,Renewal
1845,101036,Growth,18,29.0,522.0,2022-09-01,2024-01-28,Downgrade
1846,101036,Growth,18,29.0,522.0,2024-01-28,2024-01-31,Renewal
1847,101036,Pro,20,49.0,980.0,2024-01-31,,Upgrade
1848,101037,Pro,25,49.0,1225.0,2024-05-07,2024-05-26,Initial Signup
1849,101037,Pro,21,49.0,1029.0,2024-05-26,2024-12-16,Seat Change
1850,101037,Pro,21,49.0,1029.0,2024-12-16,,Renewal
1851,101038,Starter,4,15.0,52.67,2022-01-23,,Initial Signup
1852,101039,Growth,6,29.0,174.0,2021-01-01,2022-04-13,Initial Signup
1853,101039,Starter,5,15.0,75.0,2022-04-13,2023-08-21,Downgrade
1854,101039,Growth,5,29.0,145.0,2023-08-21,,Upgrade
1855,101040,Growth,14,29.0,406.0,2021-07-06,2022-05-18,Initial Signup
1856,101040,Pro,20,49.0,980.0,2022-05-18,2022-10-12,Upgrade
1857,101040,Enterprise,50,37.32,1866.0,2022-10-12,2024-08-04,Upgrade
1858,101040,Enterprise,75,37.32,2799.0,2024-08-04,2024-11-06,Seat Change
1859,101040,Enterprise,71,37.32,2308.49,2024-11-06,,Seat Change
1860,101041,Growth,12,29.0,318.02,2022-06-16,,Initial Signup
1861,101042,Growth,7,29.0,203.0,2021-04-24,,Initial Signup
1862,101043,Starter,1,15.0,15.0,2022-04-12,2024-02-03,Initial Signup
1863,101043,Growth,5,29.0,145.0,2024-02-03,2024-02-15,Upgrade
1864,101043,Starter,5,15.0,75.0,2024-02-15,,Downgrade
1865,101044,Starter,2,15.0,30.0,2021-09-02,2023-03-20,Initial Signup
1866,101044,Growth,5,29.0,145.0,2023-03-20,,Upgrade
1867,101045,Starter,1,15.0,15.0,2022-02-16,,Initial Signup
1868,101046,Growth,5,29.0,145.0,2021-01-08,2022-04-11,Initial Signup
1869,101046,Growth,7,29.0,203.0,2022-04-11,,Seat Change
1870,101047,Pro,29,49.0,1246.8,2023-06-09,,Initial Signup
1871,101048,Starter,1,15.0,15.0,2021-09-26,2022-01-03,Initial Signup
1872,101048,Starter,2,15.0,30.0,2022-01-03,,Seat Change
1873,101049,Pro,30,49.0,1470.0,2021-04-27,,
1874,101050,Starter,3,15.0,45.0,2021-11-08,,Initial Signup
1875,101051,Starter,1,15.0,15.0,2021-12-17,2023-08-30,Initial Signup
1876,101051,Growth,5,29.0,145.0,2023-08-30,,Upgrade
1877,101052,Growth,6,29.0,174.0,2022-06-16,,Initial Signup
1878,101053,Starter,1,15.0,15.0,2022-01-27,2023-10-07,Initial Signup
1879,101053,Starter,2,15.0,30.0,2023-10-07,,Seat Change
1880,101054,Starter,1,15.0,15.0,2021-01-27,2021-07-11,Initial Signup
1881,101054,Starter,2,15.0,30.0,2021-07-11,,Seat Change
1882,101055,Starter,1,15.0,15.0,2023-08-10,,Initial Signup
1883,101056,Starter,2,15.0,30.0,2021-11-01,2022-02-02,Initial Signup
1884,101056,Growth,5,29.0,145.0,2022-02-02,,Upgrade
1885,101057,Starter,5,15.0,66.33,2021-02-01,2023-04-29,Initial Signup
1886,101057,Growth,5,29.0,145.0,2023-04-29,,Upgrade
1887,101058,Pro,80,49.0,3920.0,2022-12-01,,Initial Signup
1888,101059,Growth,11,29.0,319.0,2022-07-22,,Initial Signup
1889,101060,Growth,12,29.0,348.0,2022-07-21,,Initial Signup
1890,101061,Growth,5,29.0,145.0,2021-11-24,2022-03-25,Initial Signup
1891,101061,Growth,6,29.0,174.0,2022-03-25,,Seat Change
1892,101062,Starter,5,15.0,75.0,2021-10-04,,Initial Signup
1893,101063,Growth,8,29.0,232.0,2022-02-02,,Initial Signup
1894,101064,Starter,4,15.0,60.0,2021-02-05,2021-08-25,Initial Signup
1895,101064,Starter,3,15.0,45.0,2021-08-25,2023-11-02,Seat Change
1896,101064,Starter,4,15.0,60.0,2023-11-02,,Seat Change
1897,101065,Pro,45,49.0,2205.0,2021-08-18,2022-12-01,Initial Signup
1898,101065,Pro,59,49.0,2891.0,2022-12-01,2023-11-09,
1899,101065,Pro,73,49.0,3289.7,2023-11-09,,Seat Change
1900,101066,Starter,4,15.0,55.53,2024-10-01,,Initial Signup
1901,101067,Pro,21,49.0,1029.0,2022-08-19,2023-08-11,Initial Signup
1902,101067,Enterprise,69,,1796.19,2023-08-11,2023-09-26,Upgrade
1903,101067,Enterprise,87,26.15,2275.05,2023-09-26,,Seat Change
1904,101068,Pro,87,49.0,4263.0,2021-10-25,2024-04-20,Initial Signup
1905,101068,Pro,87,49.0,4263.0,2024-04-20,,Renewal
1906,101069,Growth,16,29.0,464.0,2021-06-05,2023-11-09,Initial Signup
1907,101069,Growth,16,29.0,464.0,2023-11-09,2024-08-17,Renewal
1908,101069,Pro,20,49.0,980.0,2024-08-17,,Upgrade
1909,101070,Starter,1,15.0,15.0,2022-11-21,2024-10-20,Initial Signup
1910,101070,Starter,2,15.0,30.0,2024-10-20,,Seat Change
1911,101071,Growth,12,29.0,348.0,2021-07-16,2022-01-23,Initial Signup
1912,101071,Growth,13,29.0,377.0,2022-01-23,2023-09-21,Seat Change
1913,101071,Growth,13,29.0,377.0,2023-09-21,2024-06-12,Renewal
1914,101071,Growth,14,29.0,406.0,2024-06-12,,Seat Change
1915,101072,Pro,31,49.0,1459.21,2021-04-27,2021-12-21,Initial Signup
1916,101072,Enterprise,88,25.28,2224.64,2021-12-21,,Upgrade
1917,101073,Starter,1,15.0,15.0,2021-04-07,,Initial Signup
1918,101074,Pro,35,49.0,1715.0,2022-10-07,,
1919,101075,Starter,1,15.0,15.0,2022-07-01,2023-07-09,Initial Signup
1920,101075,Growth,5,29.0,145.0,2023-07-09,2023-08-14,Upgrade
1921,101075,Growth,6,29.0,174.0,2023-08-14,,Seat Change
1922,101076,Growth,9,29.0,261.0,2021-02-20,2021-02-27,Initial Signup
1923,101076,Pro,20,49.0,980.0,2021-02-27,,
1924,101077,Starter,1,15.0,15.0,2021-03-25,,Initial Signup
1925,101078,Starter,1,15.0,15.0,2022-06-01,,Initial Signup
1926,101079,Starter,3,15.0,45.0,2022-03-14,2023-03-26,Initial Signup
1927,101079,Starter,2,15.0,28.55,2023-03-26,2023-11-26,Seat Change
1928,101079,Growth,5,29.0,145.0,2023-11-26,2024-11-11,Upgrade
1929,101079,Starter,5,15.0,67.23,2024-11-11,,Downgrade
1930,101080,Starter,2,15.0,30.0,2022-09-21,,Initial Signup
1931,101081,Starter,1,15.0,15.0,2021-05-22,2022-11-28,Initial Signup
1932,101081,Starter,2,15.0,30.0,2022-11-28,,Seat Change
1933,101082,Growth,15,29.0,435.0,2022-10-27,2024-03-19,Initial Signup
1934,101082,Growth,14,29.0,406.0,2024-03-19,2024-10-18,Seat Change
1935,101082,Growth,15,29.0,435.0,2024-10-18,,Seat Change
1936,101083,Starter,1,15.0,15.0,2024-02-21,,Initial Signup
1937,101084,Pro,23,49.0,1127.0,2022-05-26,,Initial Signup
1938,101085,Starter,4,15.0,60.0,2021-05-28,,Initial Signup
1939,101086,Starter,5,15.0,75.0,2022-08-26,2024-09-02,Initial Signup
1940,101086,Starter,4,15.0,60.0,2024-09-02,,Seat Change
1941,101087,Growth,14,29.0,406.0,2021-09-13,,Initial Signup
1942,101088,Starter,1,15.0,15.0,2021-01-12,2022-07-02,Initial Signup
1943,101088,Starter,2,15.0,30.0,2022-07-02,,Seat Change
1944,101089,Starter,2,15.0,30.0,2021-08-12,,Initial Signup
1945,101090,Starter,1,15.0,15.0,2023-11-27,,Initial Signup
1946,101091,Starter,1,15.0,15.0,2021-10-08,2022-01-24,Initial Signup
1947,101091,Growth,5,29.0,145.0,2022-01-24,2023-03-12,Upgrade
1948,101091,Growth,7,29.0,203.0,2023-03-12,2023-06-30,Seat Change
1949,101091,Growth,7,29.0,173.72,2023-06-30,2024-04-12,Renewal
1950,101091,Pro,20,49.0,980.0,2024-04-12,,Upgrade
1951,101092,Starter,1,15.0,14.06,2023-08-22,2024-02-14,Initial Signup
1952,101092,Growth,5,29.0,126.86,2024-02-14,,Upgrade
1953,101093,Starter,3,15.0,45.0,2022-01-18,2023-08-26,Initial Signup
1954,101093,Starter,2,15.0,30.0,2023-08-26,,Seat Change
1955,101094,Starter,1,15.0,13.82,2022-01-02,,Initial Signup
1956,101095,Growth,18,29.0,522.0,2021-01-14,,Initial Signup
1957,101096,Starter,2,15.0,30.0,2022-06-06,2024-04-10,Initial Signup
1958,101096,Starter,1,15.0,15.0,2024-04-10,2024-09-08,Seat Change
1959,101096,Starter,2,15.0,30.0,2024-09-08,,Seat Change
1960,101097,Starter,1,15.0,15.0,2021-03-21,2021-08-12,Initial Signup
1961,101097,Starter,2,15.0,30.0,2021-08-12,,Seat Change
1962,101098,Starter,2,15.0,30.0,2021-12-13,2024-07-19,Initial Signup
1963,101098,Growth,5,29.0,145.0,2024-07-19,,Upgrade
1964,101099,Starter,3,15.0,45.0,2021-07-10,,Initial Signup
1965,101100,Starter,1,15.0,15.0,2021-10-02,,Initial Signup
1966,101101,Growth,9,29.0,261.0,2022-02-04,,Initial Signup
1967,101102,Starter,1,15.0,15.0,2021-01-22,2022-05-30,Initial Signup
1968,101102,Starter,2,15.0,30.0,2022-05-30,2023-10-16,Seat Change
1969,101102,Growth,5,29.0,145.0,2023-10-16,,Upgrade
1970,101103,Starter,1,15.0,15.0,2021-07-25,,Initial Signup
1971,101104,Growth,5,29.0,145.0,2024-11-09,2024-11-26,Initial Signup
1972,101104,Growth,7,29.0,203.0,2024-11-26,,Seat Change
1973,101105,Starter,2,15.0,30.0,2021-02-24,2021-06-19,Initial Signup
1974,101105,Growth,5,29.0,131.34,2021-06-19,,Upgrade
1975,101106,Pro,23,49.0,1127.0,2021-08-16,,Initial Signup
1976,101107,Starter,5,15.0,75.0,2021-08-10,2023-08-17,Initial Signup
1977,101107,Starter,5,15.0,71.59,2023-08-17,,Renewal
1978,101108,Growth,7,29.0,203.0,2021-10-13,,Initial Signup
1979,101109,Starter,1,15.0,15.0,2022-09-20,2022-11-21,Initial Signup
1980,101109,Starter,2,15.0,30.0,2022-11-21,,Seat Change
1981,101110,Starter,3,15.0,45.0,2021-06-26,,Initial Signup
1982,101111,Pro,67,49.0,3283.0,2021-12-14,2022-03-22,Initial Signup
1983,101111,Enterprise,143,37.64,5382.52,2022-03-22,2023-12-21,Upgrade
1984,101111,Enterprise,143,37.64,5382.52,2023-12-21,2024-05-04,
1985,101111,Enterprise,162,37.64,6097.68,2024-05-04,2024-10-12,Seat Change
1986,101111,Enterprise,178,37.64,6699.92,2024-10-12,,Seat Change
1987,101112,Starter,3,15.0,45.0,2022-07-10,2023-08-31,Initial Signup
1988,101112,Starter,4,15.0,60.0,2023-08-31,2024-07-26,Seat Change
1989,101112,Starter,5,15.0,75.0,2024-07-26,,Seat Change
1990,101113,Starter,3,15.0,45.0,2021-08-22,2021-11-15,Initial Signup
1991,101113,Growth,5,29.0,145.0,2021-11-15,2023-08-31,Upgrade
1992,101113,Growth,6,29.0,174.0,2023-08-31,,Seat Change
1993,101114,Pro,34,49.0,1666.0,2024-04-15,,Initial Signup
1994,101115,Starter,4,15.0,60.0,2024-09-11,2024-10-03,Initial Signup
1995,101115,Starter,4,15.0,60.0,2024-10-03,2024-10-18,Renewal
1996,101115,Starter,3,15.0,45.0,2024-10-18,2024-12-14,Seat Change
1997,101115,Starter,2,15.0,30.0,2024-12-14,,Seat Change
1998,101116,Growth,17,29.0,493.0,2021-03-13,2022-02-17,Initial Signup
1999,101116,Pro,20,49.0,980.0,2022-02-17,2022-11-24,Upgrade
2000,101116,Growth,16,29.0,464.0,2022-11-24,,Downgrade
2001,101117,Pro,22,49.0,1078.0,2021-09-15,2024-07-08,Initial Signup
2002,101117,Pro,28,49.0,1372.0,2024-07-08,2024-07-13,Seat Change
2003,101117,Enterprise,73,29.63,2162.99,2024-07-13,,Upgrade
2004,101118,Growth,6,29.0,174.0,2021-05-04,,Initial Signup
2005,101119,Growth,19,29.0,551.0,2021-05-02,,Initial Signup
2006,101120,Pro,81,49.0,3969.0,2021-12-19,2022-01-11,Initial Signup
2007,101120,Pro,81,49.0,3969.0,2022-01-11,,Renewal
2008,101121,Growth,8,29.0,232.0,2022-03-05,,Initial Signup
2009,101122,Growth,9,29.0,261.0,2021-11-15,,Initial Signup
2010,101123,Growth,12,29.0,348.0,2021-07-22,2021-10-09,Initial Signup
2011,101123,Pro,20,49.0,980.0,2021-10-09,,Upgrade
2012,101124,Growth,6,29.0,174.0,2021-07-07,2021-11-01,Initial Signup
2013,101124,Pro,20,49.0,980.0,2021-11-01,2021-12-28,Upgrade
2014,101124,Enterprise,50,35.9,1795.0,2021-12-28,2022-12-14,Upgrade
2015,101124,Enterprise,64,35.9,2297.6,2022-12-14,,Seat Change
2016,101125,Starter,1,15.0,15.0,2024-11-11,2024-12-30,Initial Signup
2017,101125,Starter,2,15.0,30.0,2024-12-30,,Seat Change
2018,101126,Growth,10,29.0,290.0,2023-12-28,,Initial Signup
2019,101127,Growth,6,29.0,174.0,2021-02-01,2024-07-04,Initial Signup
2020,101127,Growth,5,29.0,145.0,2024-07-04,,Seat Change
2021,101128,Pro,61,49.0,2989.0,2022-07-22,2023-12-22,Initial Signup
2022,101128,Enterprise,150,25.15,3772.5,2023-12-22,,Upgrade
2023,101129,Starter,1,15.0,15.0,2021-11-05,,Initial Signup
2024,101130,Growth,10,29.0,290.0,2022-09-26,2023-07-06,Initial Signup
2025,101130,Pro,20,49.0,980.0,2023-07-06,,Upgrade
2026,101131,Pro,56,49.0,2744.0,2022-05-12,,Initial Signup
2027,101132,Starter,1,15.0,15.0,2023-10-01,,Initial Signup
2028,101133,Growth,6,29.0,168.63,2021-02-21,,Initial Signup
2029,101134,Starter,2,15.0,30.0,2021-09-05,,Initial Signup
2030,101135,Starter,4,15.0,60.0,2024-10-11,,Initial Signup
2031,101136,Starter,1,15.0,15.0,2021-05-15,2022-07-29,Initial Signup
2032,101136,Growth,5,29.0,145.0,2022-07-29,,Upgrade
2033,101137,Starter,1,15.0,15.0,2021-03-21,,Initial Signup
2034,101138,Pro,23,49.0,1127.0,2022-10-12,,Initial Signup
2035,101139,Starter,2,15.0,30.0,2023-01-25,2024-01-27,Initial Signup
2036,101139,Starter,1,15.0,15.0,2024-01-27,,Seat Change
2037,101140,Starter,5,15.0,75.0,2022-08-14,2023-07-19,Initial Signup
2038,101140,Growth,5,29.0,124.16,2023-07-19,,Upgrade
2039,101141,Growth,14,29.0,406.0,2023-01-10,2024-02-27,Initial Signup
2040,101141,Growth,14,29.0,406.0,2024-02-27,,Renewal
2041,101142,Starter,1,15.0,15.0,2022-09-10,,Initial Signup
2042,101143,Starter,3,15.0,45.0,2021-04-23,2021-12-21,Initial Signup
2043,101143,Growth,5,29.0,145.0,2021-12-21,2024-05-22,Upgrade
2044,101143,Growth,6,29.0,174.0,2024-05-22,2024-07-23,Seat Change
2045,101143,Growth,5,29.0,145.0,2024-07-23,,Seat Change
2046,101144,Starter,1,15.0,15.0,2022-05-19,,Initial Signup
2047,101145,Pro,38,49.0,1862.0,2023-01-04,,Initial Signup
2048,101146,Growth,5,29.0,145.0,2023-08-22,2024-01-22,
2049,101146,Growth,6,29.0,163.12,2024-01-22,,Seat Change
2050,101147,Starter,2,15.0,30.0,2021-06-12,2022-01-14,Initial Signup
2051,101147,Growth,5,29.0,145.0,2022-01-14,2022-04-09,Upgrade
2052,101147,Pro,20,49.0,980.0,2022-04-09,,Upgrade
2053,101148,Starter,3,15.0,45.0,2021-03-10,2024-11-02,Initial Signup
2054,101148,Starter,2,15.0,30.0,2024-11-02,,Seat Change
2055,101149,Starter,3,15.0,45.0,2023-01-03,2023-04-27,Initial Signup
2056,101149,Starter,2,15.0,26.2,2023-04-27,2024-03-08,Seat Change
2057,101149,Growth,5,29.0,145.0,2024-03-08,,Upgrade
2058,101150,Growth,10,29.0,290.0,2021-07-28,2021-09-20,Initial Signup
2059,101150,Growth,9,29.0,225.03,2021-09-20,,Seat Change
2060,101151,Starter,1,15.0,15.0,2021-01-02,2021-09-22,Initial Signup
2061,101151,Starter,2,15.0,30.0,2021-09-22,,Seat Change
2062,101152,Starter,1,15.0,15.0,2023-04-28,,Initial Signup
2063,101153,Pro,70,49.0,3430.0,2022-01-02,,
2064,101154,Pro,76,49.0,3724.0,2021-08-15,2024-04-28,Initial Signup
2065,101154,Enterprise,130,39.32,5111.6,2024-04-28,,Upgrade
2066,101155,Starter,1,15.0,15.0,2021-01-03,,Initial Signup
2067,101156,Growth,5,29.0,138.22,2021-01-14,,Initial Signup
2068,101157,Growth,14,29.0,406.0,2023-02-24,2023-03-09,Initial Signup
2069,101157,Pro,20,49.0,980.0,2023-03-09,2023-04-13,Upgrade
2070,101157,Enterprise,63,29.21,1840.23,2023-04-13,,Upgrade
2071,101158,Growth,8,29.0,232.0,2021-12-17,,Initial Signup
2072,101159,Pro,75,49.0,3675.0,2021-04-16,,Initial Signup
2073,101160,Pro,53,49.0,2597.0,2021-09-04,2022-04-24,Initial Signup
2074,101160,Enterprise,117,36.96,4324.32,2022-04-24,,Upgrade
2075,101161,Starter,2,15.0,26.89,2021-04-27,,Initial Signup
2076,101162,Starter,1,15.0,15.0,2021-03-11,2022-01-18,Initial Signup
2077,101162,Growth,5,29.0,145.0,2022-01-18,2024-11-28,Upgrade
2078,101162,Starter,5,15.0,75.0,2024-11-28,,Downgrade
2079,101163,Pro,38,49.0,1862.0,2021-07-16,2021-07-18,Initial Signup
2080,101163,Enterprise,142,23.42,3325.64,2021-07-18,2021-11-03,Upgrade
2081,101163,Enterprise,142,23.42,2941.11,2021-11-03,2022-06-19,Renewal
2082,101163,Enterprise,117,23.42,2740.14,2022-06-19,,Seat Change
2083,101164,Starter,5,15.0,75.0,2022-02-26,2022-06-23,Initial Signup
2084,101164,Growth,5,29.0,125.39,2022-06-23,2022-07-08,Upgrade
2085,101164,Pro,20,49.0,980.0,2022-07-08,,Upgrade
2086,101165,Pro,76,49.0,3724.0,2021-05-18,2021-07-13,Initial Signup
2087,101165,Enterprise,152,44.95,6832.4,2021-07-13,2021-12-17,Upgrade
2088,101165,Enterprise,149,44.95,6697.55,2021-12-17,2023-02-13,Seat Change
2089,101165,Enterprise,182,44.95,8180.9,2023-02-13,,Seat Change
2090,101166,Growth,6,29.0,174.0,2021-09-21,,Initial Signup
2091,101167,Growth,13,29.0,337.87,2021-12-06,,Initial Signup
2092,101168,Starter,2,15.0,28.17,2021-11-13,2022-03-12,Initial Signup
2093,101168,Starter,1,15.0,15.0,2022-03-12,2024-11-06,Seat Change
2094,101168,Starter,2,15.0,30.0,2024-11-06,,Seat Change
2095,101169,Pro,69,49.0,3165.13,2021-03-16,,Initial Signup
2096,101170,Starter,1,15.0,15.0,2021-01-05,,
2097,101171,Growth,9,29.0,261.0,2021-01-11,,Initial Signup
2098,101172,Growth,6,29.0,174.0,2021-09-24,2023-07-29,Initial Signup
2099,101172,Growth,5,29.0,145.0,2023-07-29,2023-08-28,Seat Change
2100,101172,Starter,5,15.0,75.0,2023-08-28,2024-05-20,Downgrade
2101,101172,Starter,4,15.0,60.0,2024-05-20,,Seat Change
2102,101173,Growth,11,29.0,319.0,2022-10-27,2023-05-06,Initial Signup
2103,101173,Growth,9,29.0,261.0,2023-05-06,,Seat Change
2104,101174,Starter,4,15.0,52.27,2021-04-24,2024-03-16,Initial Signup
2105,101174,Starter,3,15.0,45.0,2024-03-16,,Seat Change
2106,101175,Growth,5,29.0,145.0,2023-01-27,2023-03-15,Initial Signup
2107,101175,Growth,6,29.0,174.0,2023-03-15,,Seat Change
2108,101176,Growth,7,29.0,188.24,2022-10-28,2023-02-05,Initial Signup
2109,101176,Growth,7,29.0,203.0,2023-02-05,,Renewal
2110,101177,Growth,10,29.0,290.0,2021-01-06,2021-07-05,Initial Signup
2111,101177,Pro,20,49.0,980.0,2021-07-05,,Upgrade
2112,101178,Starter,3,15.0,45.0,2021-01-24,2021-04-19,Initial Signup
2113,101178,Growth,5,29.0,145.0,2021-04-19,2021-04-24,Upgrade
2114,101178,Growth,5,29.0,145.0,2021-04-24,,Renewal
2115,101179,Growth,8,29.0,232.0,2021-05-18,,Initial Signup
2116,101180,Growth,5,29.0,145.0,2021-02-25,2021-05-23,Initial Signup
2117,101180,Growth,6,29.0,174.0,2021-05-23,2022-08-17,Seat Change
2118,101180,Growth,7,29.0,203.0,2022-08-17,,Seat Change
2119,101181,Growth,7,29.0,203.0,2022-02-18,,Initial Signup
2120,101182,Starter,1,15.0,15.0,2021-01-04,,Initial Signup
2121,101183,Starter,2,15.0,30.0,2023-03-16,2023-05-30,Initial Signup
2122,101183,Starter,1,15.0,15.0,2023-05-30,,Seat Change
2123,101184,Starter,1,15.0,15.0,2021-12-22,2023-02-03,Initial Signup
2124,101184,Starter,2,15.0,30.0,2023-02-03,2023-03-15,Seat Change
2125,101184,Growth,5,29.0,124.37,2023-03-15,2024-07-08,Upgrade
2126,101184,Pro,20,49.0,980.0,2024-07-08,2024-11-29,Upgrade
2127,101184,Pro,20,49.0,980.0,2024-11-29,,Renewal
2128,101185,Starter,2,15.0,30.0,2022-10-04,2022-11-29,Initial Signup
2129,101185,Starter,2,15.0,30.0,2022-11-29,2023-04-21,Renewal
2130,101185,Starter,3,15.0,45.0,2023-04-21,2023-05-17,Seat Change
2131,101185,Growth,5,29.0,145.0,2023-05-17,,Upgrade
2132,101186,Pro,21,49.0,1029.0,2022-11-15,2023-02-11,Initial Signup
2133,101186,Enterprise,52,27.03,1405.56,2023-02-11,2023-02-15,Upgrade
2134,101186,Enterprise,67,27.03,1811.01,2023-02-15,,Seat Change
2135,101187,Growth,7,29.0,203.0,2022-01-19,2022-04-19,Initial Signup
2136,101187,Growth,8,29.0,222.16,2022-04-19,2023-05-03,Seat Change
2137,101187,Growth,6,29.0,174.0,2023-05-03,2023-10-22,Seat Change
2138,101187,Growth,6,29.0,174.0,2023-10-22,2023-11-22,Renewal
2139,101187,Pro,20,49.0,980.0,2023-11-22,,Upgrade
2140,101188,Starter,2,15.0,30.0,2024-01-13,,Initial Signup
2141,101189,Starter,3,15.0,45.0,2024-11-23,,Initial Signup
2142,101190,Pro,28,49.0,1372.0,2021-09-04,,Initial Signup
2143,101191,Growth,6,29.0,174.0,2021-03-10,2021-04-09,Initial Signup
2144,101191,Pro,20,49.0,980.0,2021-04-09,,Upgrade
2145,101192,Growth,13,29.0,377.0,2021-09-27,,Initial Signup
2146,101193,Starter,2,15.0,30.0,2021-06-15,,Initial Signup
2147,101194,Enterprise,865,25.67,22204.55,2022-02-06,2022-11-03,Initial Signup
2148,101194,Enterprise,865,25.67,22204.55,2022-11-03,2023-07-14,Renewal
2149,101194,Enterprise,1000,25.67,25670.0,2023-07-14,2024-02-12,Seat Change
2150,101194,Pro,100,49.0,4665.66,2024-02-12,,Downgrade
2151,101195,Growth,13,29.0,377.0,2021-09-04,,Initial Signup
2152,101196,Starter,4,15.0,60.0,2021-12-17,2022-07-11,Initial Signup
2153,101196,Growth,5,29.0,145.0,2022-07-11,,Upgrade
2154,101197,Pro,67,49.0,2918.29,2022-12-27,,Initial Signup
2155,101198,Pro,35,49.0,1567.99,2021-07-02,,Initial Signup
2156,101199,Starter,5,15.0,75.0,2022-02-04,,Initial Signup
2157,101200,Growth,9,29.0,261.0,2021-09-11,2022-05-10,Initial Signup
2158,101200,Growth,8,29.0,232.0,2022-05-10,,Seat Change
2159,101201,Starter,4,15.0,60.0,2023-01-06,,Initial Signup
2160,101202,Starter,5,15.0,75.0,2022-07-04,2024-10-01,Initial Signup
2161,101202,Starter,4,15.0,60.0,2024-10-01,,Seat Change
2162,101203,Starter,1,15.0,15.0,2021-01-09,2022-06-15,Initial Signup
2163,101203,Starter,1,15.0,15.0,2022-06-15,,Renewal
2164,101204,Starter,1,15.0,15.0,2022-07-18,,Initial Signup
2165,101205,Growth,9,29.0,261.0,2021-04-24,2021-05-03,Initial Signup
2166,101205,Pro,20,49.0,980.0,2021-05-03,2021-07-09,Upgrade
2167,101205,Growth,17,29.0,493.0,2021-07-09,2021-09-21,Downgrade
2168,101205,Growth,20,29.0,580.0,2021-09-21,,Seat Change
2169,101206,Pro,22,49.0,1078.0,2022-10-09,,Initial Signup
2170,101207,Growth,10,29.0,290.0,2022-03-20,,Initial Signup
2171,101208,Pro,37,49.0,1813.0,2021-10-24,2022-11-29,Initial Signup
2172,101208,Pro,46,49.0,2254.0,2022-11-29,,Seat Change
2173,101209,Starter,2,15.0,30.0,2022-09-01,2023-02-16,Initial Signup
2174,101209,Starter,1,15.0,14.46,2023-02-16,2023-06-19,Seat Change
2175,101209,Growth,5,29.0,126.15,2023-06-19,2024-04-20,Upgrade
2176,101209,Pro,20,49.0,980.0,2024-04-20,,Upgrade
2177,101210,Starter,2,15.0,30.0,2023-07-24,,Initial Signup
2178,101211,Starter,4,15.0,60.0,2023-01-06,,Initial Signup
2179,101212,Starter,1,15.0,15.0,2022-02-20,,Initial Signup
2180,101213,Enterprise,583,,19765.9,2022-10-22,,Initial Signup
2181,101214,Pro,57,49.0,2793.0,2021-10-24,,Initial Signup
2182,101215,Starter,1,15.0,15.0,2023-01-12,2024-01-22,Initial Signup
2183,101215,Starter,2,15.0,30.0,2024-01-22,,Seat Change
2184,101216,Pro,30,49.0,1297.46,2023-05-19,,Initial Signup
2185,101217,Starter,3,15.0,45.0,2021-04-01,,Initial Signup
2186,101218,Starter,2,15.0,30.0,2021-06-13,2022-01-30,Initial Signup
2187,101218,Starter,2,15.0,30.0,2022-01-30,,Renewal
2188,101219,Starter,2,15.0,30.0,2021-07-27,,Initial Signup
2189,101220,Starter,1,15.0,13.67,2021-04-05,,Initial Signup
2190,101221,Growth,17,29.0,464.2,2021-10-05,2024-02-17,Initial Signup
2191,101221,Growth,17,29.0,493.0,2024-02-17,,Renewal
2192,101222,Growth,13,29.0,377.0,2021-05-20,,Initial Signup
2193,101223,Growth,9,29.0,261.0,2022-05-15,2022-08-06,Initial Signup
2194,101223,Growth,9,29.0,261.0,2022-08-06,2024-07-23,Renewal
2195,101223,Pro,20,49.0,980.0,2024-07-23,,Upgrade
2196,101224,Starter,2,15.0,30.0,2021-03-13,2022-08-07,Initial Signup
2197,101224,Starter,1,15.0,15.0,2022-08-07,,Seat Change
2198,101225,Growth,5,29.0,145.0,2021-07-07,,Initial Signup
2199,101226,Starter,2,15.0,30.0,2022-08-05,,Initial Signup
2200,101227,Growth,12,29.0,332.19,2021-10-21,,Initial Signup
2201,101228,Pro,21,49.0,1029.0,2021-11-11,2021-11-20,Initial Signup
2202,101228,Growth,20,29.0,580.0,2021-11-20,2022-01-01,Downgrade
2203,101228,Growth,14,29.0,406.0,2022-01-01,2022-02-25,Seat Change
2204,101228,Starter,5,15.0,71.38,2022-02-25,,Downgrade
2205,101229,Growth,11,29.0,319.0,2023-02-22,,Initial Signup
2206,101230,Pro,26,49.0,1274.0,2024-10-13,2024-12-01,Initial Signup
2207,101230,Pro,24,49.0,1176.0,2024-12-01,,Seat Change
2208,101231,Growth,20,29.0,580.0,2022-03-12,,Initial Signup
2209,101232,Starter,3,15.0,45.0,2021-02-07,2023-03-13,Initial Signup
2210,101232,Starter,2,15.0,30.0,2023-03-13,,Seat Change
2211,101233,Starter,1,15.0,15.0,2021-03-19,,Initial Signup
2212,101234,Starter,1,15.0,15.0,2024-07-08,,Initial Signup
2213,101235,Growth,12,29.0,348.0,2022-08-26,,Initial Signup
2214,101236,Growth,13,29.0,377.0,2022-11-12,,Initial Signup
2215,101237,Starter,1,15.0,15.0,2022-08-23,2023-01-03,Initial Signup
2216,101237,Growth,5,29.0,145.0,2023-01-03,2024-07-26,Upgrade
2217,101237,Growth,6,29.0,174.0,2024-07-26,2024-10-23,Seat Change
2218,101237,Starter,5,15.0,75.0,2024-10-23,,Downgrade
2219,101238,Growth,5,29.0,145.0,2021-05-14,,Initial Signup
2220,101239,Growth,6,29.0,174.0,2021-11-12,,Initial Signup
2221,101240,Starter,1,15.0,15.0,2023-02-13,,Initial Signup
2222,101241,Starter,1,15.0,15.0,2023-08-13,2024-11-25,Initial Signup
2223,101241,Starter,1,15.0,15.0,2024-11-25,2024-12-02,Renewal
2224,101241,Growth,5,29.0,145.0,2024-12-02,2024-12-17,Upgrade
2225,101241,Pro,20,49.0,835.2,2024-12-17,,Upgrade
2226,101242,Growth,20,29.0,580.0,2021-06-14,,Initial Signup
2227,101243,Enterprise,803,40.31,32368.93,2022-05-25,2024-09-13,Initial Signup
2228,101243,Enterprise,803,40.31,32368.93,2024-09-13,,Renewal
2229,101244,Growth,17,29.0,449.52,2021-04-20,2024-05-16,Initial Signup
2230,101244,Growth,17,29.0,493.0,2024-05-16,,Renewal
2231,101245,Pro,31,49.0,1519.0,2024-06-01,2024-12-07,Initial Signup
2232,101245,Enterprise,66,42.72,2819.52,2024-12-07,,Upgrade
2233,101246,Growth,10,29.0,290.0,2021-07-02,,Initial Signup
2234,101247,Starter,5,15.0,75.0,2022-10-01,,Initial Signup
2235,101248,Starter,1,15.0,15.0,2021-06-20,2024-09-05,Initial Signup
2236,101248,Starter,2,15.0,28.47,2024-09-05,2024-09-12,Seat Change
2237,101248,Starter,2,15.0,30.0,2024-09-12,,Renewal
2238,101249,Growth,6,29.0,174.0,2022-05-06,,Initial Signup
2239,101250,Starter,3,15.0,45.0,2022-07-11,2024-05-01,Initial Signup
2240,101250,Growth,5,29.0,145.0,2024-05-01,,Upgrade
2241,101251,Growth,6,29.0,174.0,2021-08-24,,Initial Signup
2242,101252,Growth,11,29.0,319.0,2023-04-04,,Initial Signup
2243,101253,Growth,9,29.0,261.0,2023-09-05,,Initial Signup
2244,101254,Starter,1,15.0,15.0,2023-07-03,2023-10-22,Initial Signup
2245,101254,Growth,5,29.0,145.0,2023-10-22,,Upgrade
2246,101255,Pro,24,49.0,1176.0,2021-08-08,,Initial Signup
2247,101256,Growth,7,29.0,203.0,2022-11-03,,Initial Signup
2248,101257,Starter,1,15.0,15.0,2022-03-18,,Initial Signup
2249,101258,Growth,13,29.0,377.0,2022-04-21,,Initial Signup
2250,101259,Growth,8,29.0,232.0,2021-12-06,,Initial Signup
2251,101260,Pro,34,49.0,1666.0,2022-05-15,2022-12-15,Initial Signup
2252,101260,Enterprise,110,23.88,2626.8,2022-12-15,2023-01-30,Upgrade
2253,101260,Enterprise,110,23.88,2626.8,2023-01-30,,Renewal
2254,101261,Starter,4,15.0,60.0,2021-04-09,2021-07-20,Initial Signup
2255,101261,Starter,5,15.0,75.0,2021-07-20,,Seat Change
2256,101262,Pro,62,49.0,3038.0,2021-10-03,2022-09-13,Initial Signup
2257,101262,Enterprise,178,29.85,5313.3,2022-09-13,,Upgrade
2258,101263,Starter,2,15.0,30.0,2021-05-14,2024-06-05,Initial Signup
2259,101263,Starter,2,15.0,30.0,2024-06-05,2024-12-08,Renewal
2260,101263,Starter,2,15.0,30.0,2024-12-08,,Renewal
2261,101264,Starter,2,15.0,30.0,2021-07-20,,
2262,101265,Growth,8,29.0,232.0,2021-03-07,2024-01-15,Initial Signup
2263,101265,Growth,7,29.0,185.19,2024-01-15,,Seat Change
2264,101266,Starter,2,15.0,30.0,2021-06-23,2022-01-16,Initial Signup
2265,101266,Growth,5,29.0,145.0,2022-01-16,2022-10-13,Upgrade
2266,101266,Pro,20,49.0,980.0,2022-10-13,2022-10-15,Upgrade
2267,101266,Pro,25,49.0,1225.0,2022-10-15,2024-04-11,Seat Change
2268,101266,Pro,25,49.0,1225.0,2024-04-11,,Renewal
2269,101267,Growth,6,29.0,174.0,2023-01-28,2023-02-19,Initial Signup
2270,101267,Growth,5,29.0,145.0,2023-02-19,,Seat Change
2271,101268,Growth,7,29.0,203.0,2022-02-02,,Initial Signup
2272,101269,Starter,3,15.0,45.0,2021-01-05,2021-05-08,Initial Signup
2273,101269,Starter,3,15.0,45.0,2021-05-08,,Renewal
2274,101270,Enterprise,110,34.9,3839.0,2023-01-09,,Initial Signup
2275,101271,Growth,9,29.0,261.0,2023-11-24,,Initial Signup
2276,101272,Enterprise,447,,17520.28,2023-09-04,,Initial Signup
2277,101273,Growth,7,29.0,203.0,2023-04-14,2023-10-14,Initial Signup
2278,101273,Growth,8,29.0,232.0,2023-10-14,,Seat Change
2279,101274,Growth,12,29.0,348.0,2024-11-16,2024-12-09,Initial Signup
2280,101274,Pro,20,49.0,980.0,2024-12-09,,Upgrade
2281,101275,Growth,6,29.0,174.0,2022-04-04,,Initial Signup
2282,101276,Growth,5,29.0,145.0,2024-06-02,,Initial Signup
2283,101277,Starter,2,15.0,30.0,2024-04-04,,Initial Signup
2284,101278,Growth,8,29.0,232.0,2021-08-02,,Initial Signup
2285,101279,Pro,40,49.0,1960.0,2023-08-15,2023-11-03,Initial Signup
2286,101279,Enterprise,99,34.42,3407.58,2023-11-03,,Upgrade
2287,101280,Growth,6,29.0,174.0,2023-02-27,,Initial Signup
2288,101281,Growth,11,29.0,319.0,2023-01-10,,Initial Signup
2289,101282,Starter,4,15.0,60.0,2023-10-08,,Initial Signup
2290,101283,Starter,2,15.0,30.0,2021-10-07,,Initial Signup
2291,101284,Growth,5,29.0,145.0,2021-10-28,,Initial Signup
2292,101285,Growth,20,29.0,580.0,2022-07-27,2022-09-25,Initial Signup
2293,101285,Growth,16,29.0,464.0,2022-09-25,,
2294,101286,Growth,6,29.0,174.0,2022-11-19,,Initial Signup
2295,101287,Growth,5,29.0,145.0,2023-09-13,,Initial Signup
2296,101288,Growth,8,29.0,232.0,2023-09-05,2023-09-12,Initial Signup
2297,101288,Growth,7,29.0,203.0,2023-09-12,,Seat Change
2298,101289,Starter,2,15.0,30.0,2022-10-27,2023-12-26,Initial Signup
2299,101289,Starter,3,15.0,45.0,2023-12-26,,Seat Change
2300,101290,Starter,1,15.0,15.0,2024-06-01,,Initial Signup
2301,101291,Pro,94,49.0,4606.0,2021-05-05,,Initial Signup
2302,101292,Starter,2,15.0,26.08,2024-04-20,2024-06-26,Initial Signup
2303,101292,Starter,1,15.0,15.0,2024-06-26,2024-11-03,Seat Change
2304,101292,Starter,1,15.0,15.0,2024-11-03,,Renewal
2305,101293,Starter,1,15.0,12.86,2021-02-06,2021-06-11,Initial Signup
2306,101293,Growth,5,29.0,145.0,2021-06-11,2024-01-26,Upgrade
2307,101293,Growth,7,29.0,203.0,2024-01-26,,Seat Change
2308,101294,Growth,14,29.0,385.37,2022-03-04,2022-03-10,Initial Signup
2309,101294,Growth,11,29.0,319.0,2022-03-10,,Seat Change
2310,101295,Growth,15,29.0,435.0,2021-02-17,2021-05-27,Initial Signup
2311,101295,Pro,20,49.0,980.0,2021-05-27,2021-06-04,Upgrade
2312,101295,Enterprise,54,26.34,1422.36,2021-06-04,2022-01-29,Upgrade
2313,101295,Enterprise,54,26.34,1422.36,2022-01-29,,Renewal
2314,101296,Starter,1,15.0,13.89,2022-03-01,,Initial Signup
2315,101297,Starter,2,15.0,30.0,2021-10-08,,Initial Signup
2316,101298,Starter,1,15.0,15.0,2021-02-18,2021-03-11,Initial Signup
2317,101298,Starter,1,15.0,15.0,2021-03-11,,Renewal
2318,101299,Growth,17,29.0,493.0,2022-07-06,,Initial Signup
2319,101300,Enterprise,415,44.96,18658.4,2022-11-22,2024-05-31,Initial Signup
2320,101300,Pro,100,49.0,4900.0,2024-05-31,,Downgrade
2321,101301,Growth,5,29.0,145.0,2021-05-03,2021-05-17,Initial Signup
2322,101301,Growth,6,29.0,160.57,2021-05-17,2023-02-07,Seat Change
2323,101301,Pro,20,49.0,843.78,2023-02-07,,Upgrade
2324,101302,Starter,4,15.0,52.51,2022-09-18,,Initial Signup
2325,101303,Starter,3,15.0,45.0,2021-05-03,,Initial Signup
2326,101304,Starter,1,15.0,15.0,2021-04-21,2022-10-24,Initial Signup
2327,101304,Starter,2,15.0,30.0,2022-10-24,2022-12-09,Seat Change
2328,101304,Starter,2,15.0,30.0,2022-12-09,2024-09-06,Renewal
2329,101304,Starter,2,15.0,30.0,2024-09-06,2024-12-16,Renewal
2330,101304,Starter,2,15.0,30.0,2024-12-16,,Renewal
2331,101305,Growth,8,29.0,232.0,2021-04-22,,Initial Signup
2332,101306,Starter,5,15.0,75.0,2022-05-23,2022-12-18,Initial Signup
2333,101306,Growth,5,29.0,145.0,2022-12-18,,Upgrade
2334,101307,Growth,13,29.0,377.0,2023-01-08,2023-01-14,Initial Signup
2335,101307,Growth,12,29.0,323.68,2023-01-14,2023-01-27,Seat Change
2336,101307,Pro,20,49.0,980.0,2023-01-27,2023-03-03,Upgrade
2337,101307,Enterprise,50,33.93,1696.5,2023-03-03,2023-04-15,Upgrade
2338,101307,Enterprise,68,33.93,2307.24,2023-04-15,,Seat Change
2339,101308,Pro,57,49.0,2793.0,2022-05-07,,Initial Signup
2340,101309,Growth,8,29.0,232.0,2023-03-28,2023-05-23,Initial Signup
2341,101309,Pro,20,49.0,980.0,2023-05-23,,Upgrade
2342,101310,Growth,14,29.0,406.0,2022-04-21,,Initial Signup
2343,101311,Starter,3,15.0,45.0,2023-02-06,2023-06-06,Initial Signup
2344,101311,Starter,4,15.0,60.0,2023-06-06,,Seat Change
2345,101312,Growth,6,29.0,174.0,2024-09-01,2024-12-21,Initial Signup
2346,101312,Growth,6,29.0,166.26,2024-12-21,,Renewal
2347,101313,Starter,3,15.0,45.0,2021-10-10,,Initial Signup
2348,101314,Starter,3,15.0,45.0,2021-04-19,2022-11-25,Initial Signup
2349,101314,Growth,5,29.0,145.0,2022-11-25,,Upgrade
2350,101315,Growth,9,29.0,261.0,2021-04-11,2023-11-26,Initial Signup
2351,101315,Growth,11,29.0,319.0,2023-11-26,,Seat Change
2352,101316,Growth,7,29.0,203.0,2022-05-23,2023-02-28,Initial Signup
2353,101316,Growth,8,29.0,232.0,2023-02-28,2024-09-08,Seat Change
2354,101316,Starter,5,15.0,75.0,2024-09-08,,Downgrade
2355,101317,Growth,13,29.0,360.89,2022-02-15,,Initial Signup
2356,101318,Enterprise,921,44.29,40791.09,2021-05-28,,Initial Signup
2357,101319,Growth,6,29.0,174.0,2023-09-25,,Initial Signup
2358,101320,Growth,5,29.0,138.76,2024-05-14,2024-05-22,Initial Signup
2359,101320,Growth,6,29.0,174.0,2024-05-22,2024-09-20,Seat Change
2360,101320,Growth,6,29.0,153.59,2024-09-20,2024-09-29,Renewal
2361,101320,Growth,6,29.0,174.0,2024-09-29,2024-12-10,Renewal
2362,101320,Growth,7,29.0,203.0,2024-12-10,,Seat Change
2363,101321,Growth,18,29.0,522.0,2021-07-24,,Initial Signup
2364,101322,Starter,2,15.0,30.0,2021-05-13,2021-06-09,Initial Signup
2365,101322,Starter,1,15.0,13.9,2021-06-09,,Seat Change
2366,101323,Growth,11,29.0,319.0,2021-06-01,,Initial Signup
2367,101324,Growth,6,29.0,174.0,2021-10-09,2021-11-05,Initial Signup
2368,101324,Pro,20,49.0,980.0,2021-11-05,,Upgrade
2369,101325,Enterprise,848,44.95,38117.6,2023-07-12,2024-02-17,Initial Signup
2370,101325,Enterprise,765,44.95,34386.75,2024-02-17,2024-12-26,Seat Change
2371,101325,Pro,100,49.0,4900.0,2024-12-26,,Downgrade
2372,101326,Starter,4,15.0,60.0,2022-05-28,,Initial Signup
2373,101327,Growth,8,29.0,232.0,2021-02-24,,Initial Signup
2374,101328,Growth,6,29.0,174.0,2021-12-05,,Initial Signup
2375,101329,Starter,1,15.0,15.0,2021-02-01,,Initial Signup
2376,101330,Growth,6,29.0,174.0,2021-10-15,,Initial Signup
2377,101331,Starter,1,15.0,15.0,2021-10-15,,Initial Signup
2378,101332,Starter,4,15.0,60.0,2022-07-21,2024-01-08,Initial Signup
2379,101332,Starter,4,15.0,60.0,2024-01-08,,Renewal
2380,101333,Growth,20,29.0,580.0,2022-02-08,,Initial Signup
2381,101334,Starter,2,15.0,30.0,2023-08-23,2024-09-29,Initial Signup
2382,101334,Starter,2,15.0,30.0,2024-09-29,,Renewal
2383,101335,Starter,1,15.0,15.0,2021-01-12,2021-01-13,Initial Signup
2384,101335,Growth,5,29.0,145.0,2021-01-13,2021-01-21,Upgrade
2385,101335,Pro,20,49.0,980.0,2021-01-21,2021-02-10,Upgrade
2386,101335,Pro,29,49.0,1421.0,2021-02-10,,Seat Change
2387,101336,Starter,2,15.0,30.0,2022-12-10,2024-07-04,Initial Signup
2388,101336,Starter,1,15.0,15.0,2024-07-04,,Seat Change
2389,101337,Starter,4,15.0,60.0,2021-01-12,,Initial Signup
2390,101338,Growth,5,29.0,145.0,2021-08-27,,Initial Signup
2391,101339,Growth,19,29.0,551.0,2023-09-11,2023-09-26,Initial Signup
2392,101339,Pro,20,49.0,980.0,2023-09-26,2023-10-27,Upgrade
2393,101339,Growth,20,29.0,580.0,2023-10-27,2024-06-30,Downgrade
2394,101339,Starter,5,15.0,69.15,2024-06-30,,Downgrade
2395,101340,Starter,2,15.0,30.0,2022-09-16,2023-02-17,
2396,101340,Starter,3,15.0,45.0,2023-02-17,,Seat Change
2397,101341,Pro,37,49.0,1813.0,2021-05-25,,Initial Signup
2398,101342,Growth,15,29.0,435.0,2021-12-01,,Initial Signup
2399,101343,Growth,16,29.0,464.0,2022-10-16,,Initial Signup
2400,101344,Starter,1,15.0,15.0,2024-02-20,2024-11-03,Initial Signup
2401,101344,Growth,5,29.0,145.0,2024-11-03,,Upgrade
2402,101345,Enterprise,116,43.01,4989.16,2022-06-26,2022-07-06,Initial Signup
2403,101345,Enterprise,142,43.01,6107.42,2022-07-06,2022-07-15,Seat Change
2404,101345,Enterprise,142,43.01,6107.42,2022-07-15,,Renewal
2405,101346,Starter,2,15.0,30.0,2021-01-02,2021-04-02,Initial Signup
2406,101346,Growth,5,29.0,145.0,2021-04-02,2022-06-04,Upgrade
2407,101346,Starter,5,15.0,75.0,2022-06-04,,Downgrade
2408,101347,Enterprise,187,21.96,4106.52,2021-12-21,2024-03-20,Initial Signup
2409,101347,Enterprise,187,21.96,4106.52,2024-03-20,,Renewal
2410,101348,Growth,8,29.0,232.0,2021-04-23,2021-11-16,Initial Signup
2411,101348,Pro,20,49.0,980.0,2021-11-16,,Upgrade
2412,101349,Growth,16,29.0,464.0,2021-01-10,2021-03-26,Initial Signup
2413,101349,Growth,16,29.0,464.0,2021-03-26,2021-07-27,Renewal
2414,101349,Pro,20,49.0,980.0,2021-07-27,,Upgrade
2415,101350,Starter,1,15.0,15.0,2022-05-21,,Initial Signup
2416,101351,Enterprise,693,23.85,16528.05,2023-01-14,2023-02-20,Initial Signup
2417,101351,Enterprise,736,23.85,15916.86,2023-02-20,,Seat Change
2418,101352,Starter,1,15.0,15.0,2021-01-19,2023-04-03,Initial Signup
2419,101352,Growth,5,29.0,145.0,2023-04-03,2024-02-26,Upgrade
2420,101352,Growth,6,29.0,174.0,2024-02-26,,Seat Change
2421,101353,Pro,29,49.0,1421.0,2023-01-11,,Initial Signup
2422,101354,Starter,4,15.0,60.0,2022-09-05,2023-10-10,Initial Signup
2423,101354,Starter,5,15.0,75.0,2023-10-10,2024-11-18,Seat Change
2424,101354,Starter,4,15.0,56.62,2024-11-18,,Seat Change
2425,101355,Starter,3,15.0,45.0,2022-11-24,,Initial Signup
2426,101356,Growth,5,29.0,145.0,2021-06-07,,Initial Signup
2427,101357,Starter,1,15.0,15.0,2021-10-06,,Initial Signup
2428,101358,Starter,1,15.0,15.0,2021-03-25,2021-06-27,Initial Signup
2429,101358,Growth,5,29.0,145.0,2021-06-27,,Upgrade
2430,101359,Pro,45,49.0,2205.0,2021-06-27,2024-05-11,Initial Signup
2431,101359,Enterprise,99,40.04,3719.2,2024-05-11,,Upgrade
2432,101360,Growth,15,29.0,435.0,2021-08-18,,Initial Signup
2433,101361,Growth,5,29.0,145.0,2021-08-17,,Initial Signup
2434,101362,Growth,6,29.0,174.0,2021-05-11,2021-09-07,Initial Signup
2435,101362,Growth,6,29.0,149.81,2021-09-07,2021-11-03,Renewal
2436,101362,Growth,5,29.0,145.0,2021-11-03,2023-10-11,Seat Change
2437,101362,Pro,20,49.0,980.0,2023-10-11,,Upgrade
2438,101363,Starter,2,15.0,30.0,2021-05-18,2021-06-03,
2439,101363,Starter,2,15.0,30.0,2021-06-03,2021-08-10,Renewal
2440,101363,Starter,3,15.0,45.0,2021-08-10,2021-09-10,Seat Change
2441,101363,Growth,5,29.0,145.0,2021-09-10,2021-09-25,Upgrade
2442,101363,Pro,20,49.0,980.0,2021-09-25,,Upgrade
2443,101364,Pro,48,49.0,2239.43,2023-11-18,2024-03-27,Initial Signup
2444,101364,Pro,52,49.0,2548.0,2024-03-27,2024-11-11,Seat Change
2445,101364,Growth,20,29.0,580.0,2024-11-11,,Downgrade
2446,101365,Starter,3,15.0,45.0,2023-01-15,2023-08-20,Initial Signup
2447,101365,Starter,4,15.0,60.0,2023-08-20,2024-03-24,Seat Change
2448,101365,Growth,5,29.0,145.0,2024-03-24,,Upgrade
2449,101366,Starter,2,15.0,30.0,2021-09-19,2022-05-02,Initial Signup
2450,101366,Starter,2,15.0,30.0,2022-05-02,2024-04-18,Renewal
2451,101366,Starter,3,15.0,45.0,2024-04-18,,Seat Change
2452,101367,Starter,1,15.0,15.0,2024-04-16,,Initial Signup
2453,101368,Growth,18,29.0,522.0,2021-06-25,2024-07-22,Initial Signup
2454,101368,Growth,18,29.0,522.0,2024-07-22,,Renewal
2455,101369,Pro,58,49.0,2540.86,2021-10-19,,Initial Signup
2456,101370,Growth,6,29.0,174.0,2023-03-11,2024-01-05,Initial Signup
2457,101370,Growth,5,29.0,145.0,2024-01-05,,Seat Change
2458,101371,Starter,5,15.0,64.0,2021-11-19,2024-06-09,Initial Signup
2459,101371,Growth,5,29.0,131.12,2024-06-09,,Upgrade
2460,101372,Starter,5,15.0,75.0,2021-06-07,2021-07-20,Initial Signup
2461,101372,Starter,4,15.0,60.0,2021-07-20,2022-03-08,Seat Change
2462,101372,Starter,3,15.0,45.0,2022-03-08,,Seat Change
2463,101373,Growth,5,29.0,145.0,2021-09-06,2023-07-31,Initial Signup
2464,101373,Pro,20,49.0,980.0,2023-07-31,,Upgrade
2465,101374,Starter,3,15.0,45.0,2022-01-24,2022-04-09,Initial Signup
2466,101374,Starter,2,15.0,30.0,2022-04-09,,Seat Change
2467,101375,Growth,6,29.0,174.0,2022-06-17,2024-02-21,Initial Signup
2468,101375,Pro,20,49.0,980.0,2024-02-21,,Upgrade
2469,101376,Starter,5,15.0,75.0,2021-10-02,,Initial Signup
2470,101377,Growth,13,29.0,377.0,2021-11-10,,Initial Signup
2471,101378,Starter,1,15.0,15.0,2021-07-28,,Initial Signup
2472,101379,Growth,8,29.0,232.0,2022-02-18,2022-05-24,Initial Signup
2473,101379,Pro,20,49.0,980.0,2022-05-24,2023-01-28,Upgrade
2474,101379,Pro,26,49.0,1274.0,2023-01-28,,Seat Change
2475,101380,Enterprise,68,44.01,2843.39,2021-06-25,,Initial Signup
2476,101381,Pro,22,49.0,1078.0,2023-08-16,,Initial Signup
2477,101382,Starter,5,15.0,75.0,2022-11-02,,Initial Signup
2478,101383,Starter,4,15.0,60.0,2021-10-06,,Initial Signup
2479,101384,Growth,9,29.0,261.0,2022-11-03,2023-03-15,Initial Signup
2480,101384,Starter,5,15.0,75.0,2023-03-15,2023-09-06,Downgrade
2481,101384,Growth,5,29.0,145.0,2023-09-06,,Upgrade
2482,101385,Starter,5,15.0,69.23,2021-01-21,,Initial Signup
2483,101386,Starter,1,15.0,15.0,2021-09-22,,Initial Signup
2484,101387,Growth,9,29.0,261.0,2021-11-13,2022-03-28,Initial Signup
2485,101387,Starter,5,15.0,75.0,2022-03-28,,Downgrade
2486,101388,Starter,1,15.0,15.0,2021-12-21,2021-12-23,Initial Signup
2487,101388,Starter,2,15.0,30.0,2021-12-23,,Seat Change
2488,101389,Growth,19,29.0,551.0,2022-11-16,,Initial Signup
2489,101390,Growth,12,29.0,348.0,2024-07-21,2024-07-24,Initial Signup
2490,101390,Starter,5,15.0,65.01,2024-07-24,,Downgrade
2491,101391,Growth,10,29.0,290.0,2021-10-19,2023-03-03,Initial Signup
2492,101391,Pro,20,49.0,980.0,2023-03-03,,
2493,101392,Growth,5,29.0,145.0,2021-09-13,,Initial Signup
2494,101393,Starter,1,15.0,13.11,2022-05-19,,Initial Signup
2495,101394,Pro,20,49.0,980.0,2021-07-09,2022-11-08,Initial Signup
2496,101394,Pro,25,49.0,1130.85,2022-11-08,,Seat Change
2497,101395,Enterprise,787,39.13,30795.31,2021-04-21,2021-12-15,Initial Signup
2498,101395,Enterprise,908,39.13,35530.04,2021-12-15,,Seat Change
2499,101396,Growth,6,29.0,174.0,2024-06-26,,Initial Signup
2500,101397,Growth,18,29.0,522.0,2023-03-06,2024-03-06,Initial Signup
2501,101397,Pro,20,49.0,980.0,2024-03-06,,Upgrade
2502,101398,Growth,13,29.0,377.0,2024-06-19,2024-07-01,Initial Signup
2503,101398,Growth,13,29.0,377.0,2024-07-01,2024-07-26,Renewal
2504,101398,Pro,20,49.0,980.0,2024-07-26,,Upgrade
2505,101399,Starter,2,15.0,30.0,2021-06-04,,Initial Signup
2506,101400,Starter,2,15.0,30.0,2021-01-11,,Initial Signup
2507,101401,Pro,81,49.0,3969.0,2021-11-19,,Initial Signup
2508,101402,Pro,100,49.0,4900.0,2024-02-08,2024-07-20,Initial Signup
2509,101402,Pro,100,49.0,4900.0,2024-07-20,2024-08-26,Renewal
2510,101402,Enterprise,210,42.78,8371.77,2024-08-26,2024-08-31,Upgrade
2511,101402,Enterprise,210,42.78,8983.8,2024-08-31,,Renewal
2512,101403,Starter,1,15.0,15.0,2021-04-07,,Initial Signup
2513,101404,Growth,12,29.0,348.0,2021-03-11,,Initial Signup
2514,101405,Growth,5,29.0,145.0,2021-02-04,,Initial Signup
2515,101406,Starter,2,15.0,30.0,2022-12-18,,Initial Signup
2516,101407,Pro,34,49.0,1666.0,2023-01-04,,Initial Signup
2517,101408,Starter,2,15.0,28.63,2022-09-10,2023-03-13,Initial Signup
2518,101408,Growth,5,29.0,145.0,2023-03-13,2023-10-03,
2519,101408,Growth,5,29.0,145.0,2023-10-03,,Renewal
2520,101409,Starter,1,15.0,15.0,2021-02-09,,Initial Signup
2521,101410,Starter,1,15.0,15.0,2022-10-28,,Initial Signup
2522,101411,Starter,2,15.0,30.0,2021-11-28,2024-06-10,Initial Signup
2523,101411,Starter,2,15.0,30.0,2024-06-10,,Renewal
2524,101412,Growth,9,29.0,261.0,2021-04-03,,Initial Signup
2525,101413,Growth,10,29.0,290.0,2021-08-05,,Initial Signup
2526,101414,Growth,15,29.0,419.21,2022-01-21,2023-04-11,Initial Signup
2527,101414,Growth,18,29.0,522.0,2023-04-11,2023-08-12,Seat Change
2528,101414,Pro,20,49.0,947.73,2023-08-12,2024-11-18,Upgrade
2529,101414,Pro,24,49.0,1176.0,2024-11-18,,Seat Change
2530,101415,Starter,3,15.0,45.0,2021-08-09,2024-11-19,Initial Signup
2531,101415,Growth,5,29.0,145.0,2024-11-19,,Upgrade
2532,101416,Growth,5,29.0,145.0,2024-08-19,,Initial Signup
2533,101417,Starter,3,15.0,45.0,2021-12-26,,Initial Signup
2534,101418,Pro,48,49.0,2352.0,2021-09-05,,Initial Signup
2535,101419,Starter,1,15.0,15.0,2022-08-27,2023-12-26,Initial Signup
2536,101419,Growth,5,29.0,145.0,2023-12-26,,Upgrade
2537,101420,Starter,2,15.0,30.0,2022-07-02,2022-11-12,Initial Signup
2538,101420,Growth,5,29.0,145.0,2022-11-12,2023-03-10,Upgrade
2539,101420,Pro,20,49.0,980.0,2023-03-10,2023-06-10,Upgrade
2540,101420,Pro,30,49.0,1470.0,2023-06-10,2024-03-20,Seat Change
2541,101420,Enterprise,55,44.63,2454.65,2024-03-20,,Upgrade
2542,101421,Starter,1,15.0,15.0,2021-01-07,2021-11-17,Initial Signup
2543,101421,Growth,5,29.0,145.0,2021-11-17,2023-07-25,Upgrade
2544,101421,Pro,20,49.0,980.0,2023-07-25,2023-09-02,Upgrade
2545,101421,Enterprise,50,33.09,1654.5,2023-09-02,2024-05-12,Upgrade
2546,101421,Enterprise,50,33.09,1654.5,2024-05-12,,Renewal
2547,101422,Pro,29,49.0,1421.0,2022-06-15,2023-12-20,Initial Signup
2548,101422,Growth,20,29.0,580.0,2023-12-20,,Downgrade
2549,101423,Pro,21,49.0,1029.0,2021-06-25,,Initial Signup
2550,101424,Pro,49,49.0,2401.0,2021-09-16,,Initial Signup
2551,101425,Growth,11,29.0,319.0,2022-09-04,2023-12-10,Initial Signup
2552,101425,Starter,5,15.0,75.0,2023-12-10,2024-12-24,Downgrade
2553,101425,Starter,4,15.0,60.0,2024-12-24,,Seat Change
2554,101426,Starter,1,15.0,15.0,2022-03-07,,Initial Signup
2555,101427,Pro,23,49.0,1127.0,2021-09-22,2022-04-13,Initial Signup
2556,101427,Pro,23,49.0,1127.0,2022-04-13,,Renewal
2557,101428,Growth,9,29.0,261.0,2021-04-16,2021-04-24,Initial Signup
2558,101428,Growth,8,29.0,232.0,2021-04-24,2021-05-28,Seat Change
2559,101428,Growth,9,29.0,261.0,2021-05-28,2021-06-10,Seat Change
2560,101428,Growth,10,29.0,290.0,2021-06-10,,Seat Change
2561,101429,Starter,2,15.0,30.0,2022-01-01,,Initial Signup
2562,101430,Starter,1,15.0,15.0,2021-08-15,2022-12-22,Initial Signup
2563,101430,Starter,1,15.0,15.0,2022-12-22,,Renewal
2564,101431,Growth,19,29.0,551.0,2023-12-12,,Initial Signup
2565,101432,Starter,1,15.0,15.0,2022-02-01,,Initial Signup
2566,101433,Enterprise,80,44.04,3523.2,2023-08-07,,Initial Signup
2567,101434,Starter,1,15.0,14.51,2021-10-27,2024-02-21,Initial Signup
2568,101434,Starter,2,15.0,30.0,2024-02-21,,Seat Change
2569,101435,Starter,2,15.0,30.0,2023-05-20,,
2570,101436,Starter,2,15.0,30.0,2021-02-02,2024-09-16,Initial Signup
2571,101436,Growth,5,29.0,145.0,2024-09-16,,Upgrade
2572,101437,Growth,16,29.0,464.0,2021-08-01,2023-02-06,Initial Signup
2573,101437,Pro,20,49.0,980.0,2023-02-06,,Upgrade
2574,101438,Starter,2,15.0,30.0,2021-02-10,2021-10-19,Initial Signup
2575,101438,Growth,5,29.0,145.0,2021-10-19,,Upgrade
2576,101439,Pro,46,49.0,2254.0,2021-01-14,,Initial Signup
2577,101440,Starter,4,15.0,60.0,2023-12-13,,Initial Signup
2578,101441,Starter,5,15.0,75.0,2022-10-20,2024-11-13,Initial Signup
2579,101441,Growth,5,29.0,145.0,2024-11-13,,Upgrade
2580,101442,Starter,1,15.0,15.0,2022-06-05,,Initial Signup
2581,101443,Growth,20,29.0,580.0,2022-02-02,2022-03-05,Initial Signup
2582,101443,Growth,20,29.0,580.0,2022-03-05,,Renewal
2583,101444,Growth,15,29.0,435.0,2022-03-19,2022-04-28,Initial Signup
2584,101444,Growth,19,29.0,551.0,2022-04-28,2022-06-29,Seat Change
2585,101444,Growth,19,29.0,551.0,2022-06-29,,Renewal
2586,101445,Pro,25,49.0,1225.0,2022-07-26,2023-09-05,Initial Signup
2587,101445,Growth,20,29.0,580.0,2023-09-05,2023-10-18,Downgrade
2588,101445,Growth,20,29.0,580.0,2023-10-18,2023-10-31,Renewal
2589,101445,Starter,5,15.0,75.0,2023-10-31,2024-09-14,Downgrade
2590,101445,Starter,4,15.0,60.0,2024-09-14,,Seat Change
2591,101446,Starter,2,15.0,30.0,2023-05-05,,Initial Signup
2592,101447,Growth,13,29.0,377.0,2022-05-11,2023-05-25,Initial Signup
2593,101447,Growth,14,29.0,406.0,2023-05-25,2024-11-07,Seat Change
2594,101447,Pro,20,49.0,980.0,2024-11-07,,Upgrade
2595,101448,Starter,4,15.0,60.0,2022-11-18,,Initial Signup
2596,101449,Starter,2,15.0,30.0,2021-07-05,2024-06-08,Initial Signup
2597,101449,Starter,3,15.0,45.0,2024-06-08,,Seat Change
2598,101450,Pro,40,49.0,1960.0,2024-09-25,2024-12-11,Initial Signup
2599,101450,Pro,40,49.0,1960.0,2024-12-11,,Renewal
2600,101451,Growth,6,29.0,156.66,2021-01-07,2021-09-08,Initial Signup
2601,101451,Pro,20,49.0,980.0,2021-09-08,2023-02-17,Upgrade
2602,101451,Pro,21,49.0,1029.0,2023-02-17,,Seat Change
2603,101452,Growth,11,29.0,305.53,2021-10-15,2022-07-24,Initial Signup
2604,101452,Pro,20,49.0,980.0,2022-07-24,2022-08-27,Upgrade
2605,101452,Pro,20,49.0,980.0,2022-08-27,2022-09-23,Renewal
2606,101452,Growth,19,29.0,551.0,2022-09-23,2023-07-05,Downgrade
2607,101452,Starter,5,15.0,64.52,2023-07-05,,Downgrade
2608,101453,Growth,17,29.0,493.0,2023-09-10,2023-11-11,Initial Signup
2609,101453,Pro,20,49.0,980.0,2023-11-11,2024-11-27,Upgrade
2610,101453,Growth,20,29.0,580.0,2024-11-27,,Downgrade
2611,101454,Starter,2,15.0,30.0,2021-05-19,2024-05-31,Initial Signup
2612,101454,Growth,5,29.0,145.0,2024-05-31,2024-08-06,Upgrade
2613,101454,Pro,20,49.0,980.0,2024-08-06,,Upgrade
2614,101455,Starter,1,15.0,15.0,2021-04-06,,Initial Signup
2615,101456,Starter,2,15.0,30.0,2021-09-03,2021-09-16,Initial Signup
2616,101456,Growth,5,29.0,145.0,2021-09-16,,Upgrade
2617,101457,Growth,10,29.0,290.0,2021-11-15,,Initial Signup
2618,101458,Pro,25,49.0,1225.0,2024-02-25,2024-07-13,Initial Signup
2619,101458,Pro,22,49.0,939.46,2024-07-13,2024-08-08,Seat Change
2620,101458,Pro,28,49.0,1372.0,2024-08-08,,Seat Change
2621,101459,Growth,8,29.0,232.0,2023-05-18,2023-06-09,Initial Signup
2622,101459,Growth,8,29.0,232.0,2023-06-09,2024-09-02,Renewal
2623,101459,Starter,5,15.0,75.0,2024-09-02,,Downgrade
2624,101460,Starter,1,15.0,15.0,2021-12-22,,Initial Signup
2625,101461,Growth,8,29.0,232.0,2024-08-13,2024-08-14,Initial Signup
2626,101461,Pro,20,49.0,980.0,2024-08-14,2024-12-21,Upgrade
2627,101461,Enterprise,50,34.44,1722.0,2024-12-21,,Upgrade
2628,101462,Pro,33,49.0,1617.0,2022-07-04,2022-09-14,Initial Signup
2629,101462,Pro,26,49.0,1274.0,2022-09-14,2024-05-27,Seat Change
2630,101462,Pro,26,49.0,1274.0,2024-05-27,,Renewal
2631,101463,Starter,1,15.0,15.0,2023-08-12,,Initial Signup
2632,101464,Starter,1,15.0,13.26,2021-06-28,,Initial Signup
2633,101465,Growth,7,29.0,174.2,2021-12-22,2023-01-08,
2634,101465,Growth,7,29.0,203.0,2023-01-08,2023-03-25,Renewal
2635,101465,Growth,7,29.0,203.0,2023-03-25,2023-12-30,Renewal
2636,101465,Growth,8,29.0,232.0,2023-12-30,,Seat Change
2637,101466,Starter,1,15.0,14.35,2021-01-20,2021-06-27,Initial Signup
2638,101466,Starter,2,15.0,30.0,2021-06-27,2024-08-06,Seat Change
2639,101466,Starter,2,15.0,30.0,2024-08-06,,Renewal
2640,101467,Starter,2,15.0,30.0,2021-01-09,,Initial Signup
2641,101468,Growth,5,29.0,145.0,2022-09-17,2023-03-11,Initial Signup
2642,101468,Pro,20,49.0,980.0,2023-03-11,2023-10-04,Upgrade
2643,101468,Growth,20,29.0,580.0,2023-10-04,,Downgrade
2644,101469,Growth,17,29.0,493.0,2021-03-18,2021-04-15,
2645,101469,Pro,20,49.0,980.0,2021-04-15,,Upgrade
2646,101470,Growth,17,29.0,460.12,2022-02-19,,Initial Signup
2647,101471,Starter,2,15.0,30.0,2022-09-26,,Initial Signup
2648,101472,Starter,3,15.0,45.0,2021-01-20,2022-05-09,Initial Signup
2649,101472,Starter,4,15.0,60.0,2022-05-09,,Seat Change
2650,101473,Starter,3,15.0,45.0,2021-11-07,,Initial Signup
2651,101474,Starter,2,15.0,30.0,2022-09-07,,
2652,101475,Starter,5,15.0,75.0,2023-10-18,2023-11-22,Initial Signup
2653,101475,Growth,5,29.0,145.0,2023-11-22,,Upgrade
2654,101476,Starter,1,15.0,15.0,2021-08-25,,Initial Signup
2655,101477,Growth,5,29.0,145.0,2024-08-27,,Initial Signup
2656,101478,Starter,5,15.0,75.0,2023-06-18,2023-09-24,Initial Signup
2657,101478,Growth,5,29.0,145.0,2023-09-24,,Upgrade
2658,101479,Starter,3,15.0,45.0,2022-07-15,,Initial Signup
2659,101480,Growth,5,29.0,145.0,2021-10-23,,Initial Signup
2660,101481,Starter,1,15.0,13.29,2022-10-28,2023-07-26,Initial Signup
2661,101481,Growth,5,29.0,145.0,2023-07-26,2023-10-04,Upgrade
2662,101481,Growth,6,29.0,174.0,2023-10-04,2023-11-24,Seat Change
2663,101481,Pro,20,49.0,980.0,2023-11-24,,Upgrade
2664,101482,Pro,20,49.0,980.0,2023-04-01,,Initial Signup
2665,101483,Growth,15,29.0,435.0,2021-08-09,,Initial Signup
2666,101484,Growth,6,29.0,164.89,2024-11-10,,Initial Signup
2667,101485,Starter,3,15.0,45.0,2023-11-16,2023-11-21,Initial Signup
2668,101485,Starter,3,15.0,45.0,2023-11-21,,Renewal
2669,101486,Growth,14,29.0,406.0,2021-12-09,,Initial Signup
2670,101487,Pro,43,49.0,2107.0,2022-10-09,,Initial Signup
2671,101488,Starter,2,15.0,30.0,2022-01-01,2022-08-27,Initial Signup
2672,101488,Starter,3,15.0,45.0,2022-08-27,,Seat Change
2673,101489,Pro,72,49.0,3528.0,2022-12-01,2023-01-15,Initial Signup
2674,101489,Growth,20,29.0,580.0,2023-01-15,,Downgrade
2675,101490,Starter,4,15.0,60.0,2023-05-13,2023-08-08,Initial Signup
2676,101490,Growth,5,29.0,145.0,2023-08-08,2024-01-13,Upgrade
2677,101490,Growth,6,29.0,174.0,2024-01-13,,Seat Change
2678,101491,Starter,2,15.0,30.0,2021-01-28,,Initial Signup
2679,101492,Starter,3,15.0,45.0,2021-02-09,2023-04-04,Initial Signup
2680,101492,Growth,5,29.0,130.93,2023-04-04,,Upgrade
2681,101493,Starter,1,15.0,15.0,2021-09-07,2021-10-09,Initial Signup
2682,101493,Starter,2,15.0,27.62,2021-10-09,,Seat Change
2683,101494,Growth,13,29.0,328.43,2023-12-08,,Initial Signup
2684,101495,Starter,1,15.0,15.0,2021-10-28,,Initial Signup
2685,101496,Starter,1,15.0,15.0,2023-09-19,,Initial Signup
2686,101497,Growth,10,29.0,290.0,2021-12-19,2024-03-01,Initial Signup
2687,101497,Pro,20,49.0,980.0,2024-03-01,,Upgrade
2688,101498,Starter,1,15.0,15.0,2021-07-06,,Initial Signup
2689,101499,Starter,4,15.0,60.0,2023-10-26,2023-11-26,Initial Signup
2690,101499,Starter,5,15.0,75.0,2023-11-26,,Seat Change
2691,101500,Growth,12,29.0,348.0,2022-03-06,2022-05-20,
2692,101500,Growth,13,29.0,377.0,2022-05-20,,Seat Change
2693,101501,Growth,8,29.0,232.0,2021-09-28,2021-12-16,Initial Signup
2694,101501,Pro,20,49.0,947.27,2021-12-16,2023-10-14,Upgrade
2695,101501,Enterprise,50,40.64,2032.0,2023-10-14,,Upgrade
2696,101502,Growth,10,29.0,290.0,2021-01-27,,Initial Signup
2697,101503,Starter,4,15.0,58.08,2021-03-16,,Initial Signup
2698,101504,Starter,2,15.0,30.0,2021-04-25,,Initial Signup
2699,101505,Enterprise,456,41.54,18942.24,2021-09-28,,Initial Signup
2700,101506,Starter,1,15.0,15.0,2022-05-17,2024-04-25,Initial Signup
2701,101506,Growth,5,29.0,145.0,2024-04-25,,Upgrade
2702,101507,Starter,2,15.0,30.0,2021-08-22,,Initial Signup
2703,101508,Growth,5,29.0,145.0,2021-02-17,2021-05-16,Initial Signup
2704,101508,Pro,20,49.0,980.0,2021-05-16,2021-07-20,Upgrade
2705,101508,Pro,20,49.0,980.0,2021-07-20,,Renewal
2706,101509,Starter,5,15.0,75.0,2021-07-15,2023-10-30,Initial Signup
2707,101509,Starter,5,15.0,75.0,2023-10-30,2024-02-17,Renewal
2708,101509,Growth,5,29.0,145.0,2024-02-17,,Upgrade
2709,101510,Growth,6,29.0,174.0,2021-10-10,,Initial Signup
2710,101511,Growth,6,29.0,174.0,2024-11-19,2024-12-06,Initial Signup
2711,101511,Growth,7,29.0,203.0,2024-12-06,,Seat Change
2712,101512,Growth,9,29.0,261.0,2021-10-08,,Initial Signup
2713,101513,Growth,12,29.0,348.0,2021-02-06,2021-02-28,Initial Signup
2714,101513,Pro,20,49.0,980.0,2021-02-28,,Upgrade
2715,101514,Growth,9,29.0,261.0,2022-04-08,2022-05-03,Initial Signup
2716,101514,Growth,11,29.0,319.0,2022-05-03,2022-06-06,Seat Change
2717,101514,Pro,20,49.0,980.0,2022-06-06,,Upgrade
2718,101515,Starter,3,15.0,45.0,2023-12-01,,Initial Signup
2719,101516,Growth,18,29.0,522.0,2023-01-27,2023-06-14,Initial Signup
2720,101516,Growth,18,29.0,471.41,2023-06-14,,Renewal
2721,101517,Pro,20,49.0,980.0,2023-05-08,,Initial Signup
2722,101518,Starter,3,15.0,45.0,2024-01-23,2024-04-14,Initial Signup
2723,101518,Starter,4,15.0,60.0,2024-04-14,2024-05-25,Seat Change
2724,101518,Starter,5,15.0,75.0,2024-05-25,2024-10-10,Seat Change
2725,101518,Starter,4,15.0,60.0,2024-10-10,,Seat Change
2726,101519,Starter,1,15.0,13.93,2022-06-13,2023-04-15,Initial Signup
2727,101519,Starter,1,15.0,15.0,2023-04-15,2024-02-23,Renewal
2728,101519,Starter,2,15.0,30.0,2024-02-23,,Seat Change
2729,101520,Growth,18,29.0,522.0,2024-12-10,,Initial Signup
2730,101521,Starter,1,15.0,15.0,2021-01-07,2021-08-08,Initial Signup
2731,101521,Starter,2,15.0,26.37,2021-08-08,2024-08-06,Seat Change
2732,101521,Growth,5,29.0,127.21,2024-08-06,,Upgrade
2733,101522,Pro,20,49.0,980.0,2023-05-23,2023-08-25,Initial Signup
2734,101522,Growth,20,29.0,580.0,2023-08-25,,Downgrade
2735,101523,Growth,13,29.0,377.0,2023-07-15,2024-01-13,Initial Signup
2736,101523,Growth,15,29.0,435.0,2024-01-13,,Seat Change
2737,101524,Starter,4,15.0,60.0,2023-12-13,,Initial Signup
2738,101525,Starter,4,15.0,60.0,2021-12-19,2022-10-06,Initial Signup
2739,101525,Growth,5,29.0,145.0,2022-10-06,,Upgrade
2740,101526,Growth,6,29.0,174.0,2023-01-23,,Initial Signup
2741,101527,Starter,2,15.0,30.0,2021-05-19,,Initial Signup
2742,101528,Pro,61,49.0,2989.0,2022-05-14,,Initial Signup
2743,101529,Pro,24,49.0,1176.0,2021-09-26,,Initial Signup
2744,101530,Growth,6,29.0,174.0,2022-05-26,,Initial Signup
2745,101531,Starter,1,15.0,15.0,2022-08-28,2023-06-07,Initial Signup
2746,101531,Growth,5,29.0,145.0,2023-06-07,,Upgrade
2747,101532,Starter,2,15.0,30.0,2021-09-03,2022-05-07,Initial Signup
2748,101532,Growth,5,29.0,145.0,2022-05-07,,Upgrade
2749,101533,Growth,7,29.0,182.79,2021-06-25,,Initial Signup
2750,101534,Growth,12,29.0,348.0,2021-08-06,,Initial Signup
2751,101535,Starter,1,15.0,15.0,2022-08-18,,Initial Signup
2752,101536,Starter,2,15.0,30.0,2022-08-19,2022-09-03,Initial Signup
2753,101536,Starter,3,15.0,45.0,2022-09-03,,Seat Change
2754,101537,Pro,29,49.0,1421.0,2022-11-06,2023-03-01,Initial Signup
2755,101537,Pro,27,49.0,1323.0,2023-03-01,,Seat Change
2756,101538,Starter,1,15.0,15.0,2021-03-01,,Initial Signup
2757,101539,Starter,1,15.0,15.0,2023-04-27,,Initial Signup
2758,101540,Growth,5,29.0,136.43,2022-09-25,,Initial Signup
2759,101541,Starter,1,15.0,15.0,2021-01-05,2021-02-20,Initial Signup
2760,101541,Growth,5,29.0,145.0,2021-02-20,,Upgrade
2761,101542,Growth,6,29.0,174.0,2021-09-17,2024-05-20,Initial Signup
2762,101542,Starter,5,15.0,75.0,2024-05-20,,Downgrade
2763,101543,Starter,1,15.0,15.0,2021-12-05,2024-09-19,Initial Signup
2764,101543,Starter,1,15.0,15.0,2024-09-19,,Renewal
2765,101544,Growth,18,29.0,522.0,2021-09-16,,Initial Signup
2766,101545,Starter,2,15.0,30.0,2021-03-09,,Initial Signup
2767,101546,Starter,2,15.0,30.0,2021-05-22,2022-02-04,Initial Signup
2768,101546,Growth,5,29.0,145.0,2022-02-04,,Upgrade
2769,101547,Growth,10,29.0,290.0,2021-01-17,2022-08-10,Initial Signup
2770,101547,Pro,20,49.0,980.0,2022-08-10,,Upgrade
2771,101548,Growth,15,29.0,435.0,2021-03-14,2021-07-31,Initial Signup
2772,101548,Pro,20,49.0,980.0,2021-07-31,2023-01-25,Upgrade
2773,101548,Enterprise,63,23.8,1341.41,2023-01-25,,Upgrade
2774,101549,Pro,63,49.0,2946.02,2021-07-20,2021-11-20,Initial Signup
2775,101549,Growth,20,29.0,580.0,2021-11-20,,Downgrade
2776,101550,Starter,3,15.0,45.0,2023-04-14,,Initial Signup
2777,101551,Starter,2,15.0,30.0,2022-01-01,,Initial Signup
2778,101552,Starter,1,15.0,15.0,2021-11-17,2022-08-10,Initial Signup
2779,101552,Growth,5,29.0,145.0,2022-08-10,2022-12-14,Upgrade
2780,101552,Pro,20,49.0,980.0,2022-12-14,2023-04-18,Upgrade
2781,101552,Enterprise,50,33.52,1676.0,2023-04-18,,Upgrade
2782,101553,Starter,3,15.0,45.0,2022-08-22,2024-06-13,Initial Signup
2783,101553,Growth,5,29.0,145.0,2024-06-13,,Upgrade
2784,101554,Starter,1,15.0,15.0,2022-02-14,2024-08-31,Initial Signup
2785,101554,Starter,2,15.0,30.0,2024-08-31,,Seat Change
2786,101555,Growth,19,29.0,551.0,2021-04-05,2021-05-25,Initial Signup
2787,101555,Pro,20,49.0,980.0,2021-05-25,,Upgrade
2788,101556,Growth,15,29.0,435.0,2021-06-01,,Initial Signup
2789,101557,Starter,1,15.0,15.0,2021-06-09,,Initial Signup
2790,101558,Growth,5,29.0,145.0,2022-05-22,,Initial Signup
2791,101559,Pro,56,49.0,2744.0,2021-12-10,,Initial Signup
2792,101560,Starter,4,15.0,60.0,2021-10-27,2023-12-29,Initial Signup
2793,101560,Starter,5,15.0,75.0,2023-12-29,,Seat Change
2794,101561,Pro,28,49.0,1372.0,2022-03-10,2024-02-05,Initial Signup
2795,101561,Pro,29,49.0,1421.0,2024-02-05,2024-11-23,Seat Change
2796,101561,Pro,26,49.0,1130.86,2024-11-23,,Seat Change
2797,101562,Growth,5,29.0,145.0,2024-08-12,,Initial Signup
2798,101563,Enterprise,284,39.25,11147.0,2021-08-22,2022-04-27,Initial Signup
2799,101563,Enterprise,351,39.25,13776.75,2022-04-27,2023-08-03,Seat Change
2800,101563,Enterprise,320,39.25,12560.0,2023-08-03,,Seat Change
2801,101564,Starter,3,15.0,45.0,2022-01-18,,Initial Signup
2802,101565,Starter,1,15.0,15.0,2021-12-02,,Initial Signup
2803,101566,Starter,1,15.0,15.0,2022-10-03,,Initial Signup
2804,101567,Pro,27,49.0,1323.0,2022-10-06,,Initial Signup
2805,101568,Pro,90,49.0,4410.0,2022-10-25,2022-12-25,Initial Signup
2806,101568,Pro,73,49.0,3577.0,2022-12-25,2023-02-10,Seat Change
2807,101568,Enterprise,173,33.75,5838.75,2023-02-10,2023-03-13,Upgrade
2808,101568,Enterprise,144,33.75,4860.0,2023-03-13,,Seat Change
2809,101569,Growth,10,29.0,290.0,2021-05-01,2022-06-10,Initial Signup
2810,101569,Growth,11,29.0,319.0,2022-06-10,2023-03-15,Seat Change
2811,101569,Pro,20,49.0,980.0,2023-03-15,2023-06-05,Upgrade
2812,101569,Pro,24,49.0,1176.0,2023-06-05,2024-05-24,Seat Change
2813,101569,Pro,25,49.0,1225.0,2024-05-24,,Seat Change
2814,101570,Growth,6,29.0,174.0,2021-11-03,,Initial Signup
2815,101571,Starter,5,15.0,75.0,2023-03-22,2023-05-23,Initial Signup
2816,101571,Starter,4,15.0,60.0,2023-05-23,,Seat Change
2817,101572,Starter,3,15.0,45.0,2021-10-18,,Initial Signup
2818,101573,Enterprise,785,20.69,14420.77,2024-10-28,2024-11-18,Initial Signup
2819,101573,Enterprise,785,20.69,16241.65,2024-11-18,2024-12-06,Renewal
2820,101573,Enterprise,723,20.69,14958.87,2024-12-06,,Seat Change
2821,101574,Growth,10,29.0,290.0,2021-09-07,,Initial Signup
2822,101575,Growth,9,29.0,261.0,2021-12-19,2022-02-27,Initial Signup
2823,101575,Pro,20,49.0,980.0,2022-02-27,,Upgrade
2824,101576,Enterprise,208,39.48,8211.84,2021-12-04,,Initial Signup
2825,101577,Growth,5,29.0,145.0,2021-11-17,,Initial Signup
2826,101578,Growth,11,29.0,319.0,2023-06-03,,Initial Signup
2827,101579,Growth,13,29.0,355.31,2021-04-26,,Initial Signup
2828,101580,Growth,18,29.0,479.84,2022-03-12,,Initial Signup
2829,101581,Starter,4,15.0,60.0,2022-06-08,,Initial Signup
2830,101582,Growth,5,29.0,145.0,2023-07-28,2023-08-20,
2831,101582,Starter,5,15.0,75.0,2023-08-20,,Downgrade
2832,101583,Pro,68,49.0,3332.0,2022-05-02,2022-05-20,Initial Signup
2833,101583,Pro,69,49.0,3381.0,2022-05-20,2023-10-25,Seat Change
2834,101583,Pro,56,49.0,2744.0,2023-10-25,,Seat Change
2835,101584,Growth,13,29.0,324.26,2024-06-23,,Initial Signup
2836,101585,Starter,1,15.0,15.0,2023-08-15,2024-04-28,Initial Signup
2837,101585,Starter,1,15.0,15.0,2024-04-28,,Renewal
2838,101586,Growth,12,29.0,310.25,2021-09-20,2021-11-06,
2839,101586,Growth,10,29.0,290.0,2021-11-06,,Seat Change
2840,101587,Pro,20,49.0,980.0,2023-07-08,2023-12-12,Initial Signup
2841,101587,Pro,20,49.0,980.0,2023-12-12,2024-02-03,Renewal
2842,101587,Pro,20,49.0,980.0,2024-02-03,,Renewal
2843,101588,Growth,9,29.0,261.0,2024-06-25,,Initial Signup
2844,101589,Starter,5,15.0,75.0,2021-07-13,,Initial Signup
2845,101590,Growth,5,29.0,130.06,2022-05-12,,Initial Signup
2846,101591,Starter,3,15.0,45.0,2021-07-13,2023-01-02,Initial Signup
2847,101591,Starter,4,15.0,60.0,2023-01-02,,Seat Change
2848,101592,Growth,11,29.0,276.8,2022-07-09,2023-10-04,Initial Signup
2849,101592,Growth,9,29.0,261.0,2023-10-04,,Seat Change
2850,101593,Growth,9,29.0,261.0,2021-03-09,,Initial Signup
2851,101594,Starter,1,15.0,15.0,2022-11-04,,Initial Signup
2852,101595,Pro,23,49.0,1127.0,2021-11-14,2024-09-25,Initial Signup
2853,101595,Pro,23,49.0,1127.0,2024-09-25,,Renewal
2854,101596,Pro,38,49.0,1862.0,2022-04-14,,Initial Signup
2855,101597,Starter,1,15.0,15.0,2021-01-11,,Initial Signup
2856,101598,Pro,31,49.0,1358.73,2022-09-28,2023-04-09,Initial Signup
2857,101598,Growth,20,29.0,580.0,2023-04-09,,Downgrade
2858,101599,Growth,6,29.0,162.33,2021-12-04,,Initial Signup
2859,101600,Starter,2,15.0,30.0,2022-06-26,,Initial Signup
2860,101601,Growth,17,29.0,493.0,2021-08-25,,Initial Signup
2861,101602,Growth,17,29.0,493.0,2021-04-01,,Initial Signup
2862,101603,Growth,8,29.0,232.0,2021-11-20,,Initial Signup
2863,101604,Growth,8,29.0,232.0,2024-03-06,,Initial Signup
2864,101605,Growth,5,29.0,125.81,2021-06-02,2022-04-30,Initial Signup
2865,101605,Growth,6,29.0,174.0,2022-04-30,,Seat Change
2866,101606,Growth,6,29.0,174.0,2022-08-25,2022-09-03,Initial Signup
2867,101606,Starter,5,15.0,68.05,2022-09-03,,Downgrade
2868,101607,Starter,1,15.0,15.0,2021-01-04,2024-12-11,Initial Signup
2869,101607,Starter,2,15.0,30.0,2024-12-11,,Seat Change
2870,101608,Starter,2,15.0,30.0,2022-10-09,,Initial Signup
2871,101609,Growth,5,29.0,145.0,2021-06-03,,Initial Signup
2872,101610,Growth,10,29.0,290.0,2021-11-04,,Initial Signup
2873,101611,Starter,2,15.0,30.0,2021-09-02,,Initial Signup
2874,101612,Starter,1,15.0,15.0,2021-03-24,2023-05-16,Initial Signup
2875,101612,Starter,2,15.0,28.42,2023-05-16,,Seat Change
2876,101613,Starter,3,15.0,45.0,2021-09-02,2024-12-21,Initial Signup
2877,101613,Starter,4,15.0,60.0,2024-12-21,,Seat Change
2878,101614,Growth,13,29.0,377.0,2021-09-22,2022-02-12,Initial Signup
2879,101614,Growth,10,29.0,290.0,2022-02-12,2022-04-03,Seat Change
2880,101614,Growth,11,29.0,319.0,2022-04-03,2024-09-03,Seat Change
2881,101614,Pro,20,49.0,980.0,2024-09-03,,Upgrade
2882,101615,Starter,1,15.0,15.0,2022-01-05,2022-11-18,Initial Signup
2883,101615,Growth,5,29.0,145.0,2022-11-18,2023-08-28,Upgrade
2884,101615,Growth,5,29.0,145.0,2023-08-28,,Renewal
2885,101616,Enterprise,50,20.03,1001.5,2024-08-26,2024-08-27,Initial Signup
2886,101616,Enterprise,64,20.03,1281.92,2024-08-27,2024-12-25,Seat Change
2887,101616,Enterprise,56,20.03,1121.68,2024-12-25,,Seat Change
2888,101617,Starter,1,15.0,15.0,2021-12-24,,Initial Signup
2889,101618,Starter,3,15.0,39.97,2023-12-18,,Initial Signup
2890,101619,Pro,60,49.0,2940.0,2021-12-24,2022-03-01,Initial Signup
2891,101619,Growth,20,29.0,580.0,2022-03-01,2022-03-22,Downgrade
2892,101619,Pro,20,49.0,980.0,2022-03-22,2022-08-22,Upgrade
2893,101619,Enterprise,50,35.09,1754.5,2022-08-22,,Upgrade
2894,101620,Pro,54,49.0,2646.0,2021-03-09,,Initial Signup
2895,101621,Pro,72,49.0,3528.0,2021-06-22,2021-09-06,Initial Signup
2896,101621,Pro,73,49.0,3577.0,2021-09-06,,Seat Change
2897,101622,Growth,6,29.0,174.0,2021-10-07,,Initial Signup
2898,101623,Starter,5,15.0,75.0,2021-08-18,,Initial Signup
2899,101624,Growth,5,29.0,145.0,2023-08-26,,Initial Signup
2900,101625,Growth,17,29.0,493.0,2022-08-21,2023-02-05,Initial Signup
2901,101625,Pro,20,49.0,980.0,2023-02-05,,Upgrade
2902,101626,Starter,2,15.0,30.0,2022-04-08,,Initial Signup
2903,101627,Growth,5,29.0,129.59,2021-12-21,2024-05-13,Initial Signup
2904,101627,Pro,20,49.0,980.0,2024-05-13,,Upgrade
2905,101628,Starter,2,15.0,30.0,2021-10-25,2022-11-28,Initial Signup
2906,101628,Starter,2,15.0,30.0,2022-11-28,,Renewal
2907,101629,Starter,1,15.0,15.0,2022-05-25,2022-08-24,Initial Signup
2908,101629,Starter,2,15.0,30.0,2022-08-24,2022-11-10,Seat Change
2909,101629,Starter,2,15.0,26.18,2022-11-10,2023-10-02,Renewal
2910,101629,Growth,5,29.0,145.0,2023-10-02,2023-11-20,Upgrade
2911,101629,Growth,7,29.0,188.19,2023-11-20,,Seat Change
2912,101630,Starter,3,15.0,45.0,2021-03-21,,Initial Signup
2913,101631,Growth,11,29.0,319.0,2021-04-21,2021-05-24,Initial Signup
2914,101631,Pro,20,49.0,980.0,2021-05-24,,Upgrade
2915,101632,Growth,12,29.0,330.04,2021-08-22,2021-11-27,
2916,101632,Pro,20,49.0,980.0,2021-11-27,,Upgrade
2917,101633,Growth,6,29.0,174.0,2021-04-21,,Initial Signup
2918,101634,Starter,3,15.0,45.0,2022-08-04,2023-04-22,Initial Signup
2919,101634,Starter,3,15.0,45.0,2023-04-22,2023-09-03,Renewal
2920,101634,Starter,3,15.0,45.0,2023-09-03,2023-09-04,Renewal
2921,101634,Starter,3,15.0,45.0,2023-09-04,,Renewal
2922,101635,Starter,3,15.0,45.0,2021-01-23,,Initial Signup
2923,101636,Growth,11,29.0,319.0,2021-04-06,,Initial Signup
2924,101637,Growth,12,29.0,348.0,2023-11-16,2024-08-23,Initial Signup
2925,101637,Growth,13,29.0,377.0,2024-08-23,2024-12-20,Seat Change
2926,101637,Growth,13,29.0,377.0,2024-12-20,,Renewal
2927,101638,Starter,1,15.0,15.0,2024-12-10,,Initial Signup
2928,101639,Starter,2,15.0,30.0,2021-12-06,2022-05-20,Initial Signup
2929,101639,Starter,3,15.0,45.0,2022-05-20,,Seat Change
2930,101640,Pro,33,49.0,1617.0,2021-12-08,2023-04-23,Initial Signup
2931,101640,Enterprise,82,30.46,2405.68,2023-04-23,2024-09-07,Upgrade
2932,101640,Enterprise,93,30.46,2832.78,2024-09-07,,Seat Change
2933,101641,Pro,27,49.0,1323.0,2022-12-03,,Initial Signup
2934,101642,Starter,1,15.0,15.0,2021-01-13,2021-09-11,Initial Signup
2935,101642,Growth,5,29.0,145.0,2021-09-11,2021-11-25,Upgrade
2936,101642,Growth,7,29.0,203.0,2021-11-25,,Seat Change
2937,101643,Growth,7,29.0,203.0,2021-11-12,,Initial Signup
2938,101644,Growth,7,29.0,187.02,2021-03-12,2021-05-28,Initial Signup
2939,101644,Growth,8,29.0,212.63,2021-05-28,2021-07-05,Seat Change
2940,101644,Pro,20,49.0,980.0,2021-07-05,2023-02-12,Upgrade
2941,101644,Growth,20,29.0,580.0,2023-02-12,,
2942,101645,Starter,4,15.0,60.0,2021-10-03,,Initial Signup
2943,101646,Growth,6,29.0,174.0,2024-10-17,,Initial Signup
2944,101647,Growth,7,29.0,203.0,2022-12-05,2023-01-28,Initial Signup
2945,101647,Growth,7,29.0,203.0,2023-01-28,,Renewal
2946,101648,Starter,2,15.0,25.97,2024-10-24,,Initial Signup
2947,101649,Pro,21,49.0,1029.0,2022-11-01,2023-03-06,Initial Signup
2948,101649,Growth,20,29.0,580.0,2023-03-06,2024-10-29,Downgrade
2949,101649,Growth,20,29.0,580.0,2024-10-29,,Renewal
2950,101650,Starter,1,15.0,15.0,2022-05-02,,Initial Signup
2951,101651,Pro,99,49.0,4851.0,2022-12-09,,Initial Signup
2952,101652,Growth,16,29.0,464.0,2022-07-12,2022-07-18,Initial Signup
2953,101652,Growth,16,29.0,464.0,2022-07-18,2022-08-25,Renewal
2954,101652,Growth,16,29.0,464.0,2022-08-25,2023-12-08,Renewal
2955,101652,Growth,15,29.0,380.49,2023-12-08,,Seat Change
2956,101653,Starter,2,15.0,30.0,2021-12-28,2022-07-17,Initial Signup
2957,101653,Growth,5,29.0,145.0,2022-07-17,2022-11-15,Upgrade
2958,101653,Growth,6,29.0,174.0,2022-11-15,2022-11-22,Seat Change
2959,101653,Growth,6,29.0,174.0,2022-11-22,,Renewal
2960,101654,Starter,1,15.0,15.0,2021-08-15,2022-03-27,Initial Signup
2961,101654,Starter,2,15.0,30.0,2022-03-27,2023-02-13,Seat Change
2962,101654,Starter,1,15.0,15.0,2023-02-13,,Seat Change
2963,101655,Growth,8,29.0,232.0,2022-01-11,,Initial Signup
2964,101656,Starter,1,15.0,15.0,2021-07-24,,Initial Signup
2965,101657,Growth,6,29.0,174.0,2021-12-07,,Initial Signup
2966,101658,Starter,4,15.0,60.0,2021-04-26,2021-09-26,Initial Signup
2967,101658,Starter,4,15.0,60.0,2021-09-26,,Renewal
2968,101659,Growth,5,29.0,145.0,2022-03-12,2023-12-15,Initial Signup
2969,101659,Pro,20,49.0,980.0,2023-12-15,,Upgrade
2970,101660,Pro,69,49.0,3381.0,2021-06-09,2021-11-14,Initial Signup
2971,101660,Enterprise,132,31.62,4173.84,2021-11-14,2022-10-18,Upgrade
2972,101660,Enterprise,106,31.62,3351.72,2022-10-18,2023-09-30,Seat Change
2973,101660,Enterprise,106,31.62,3351.72,2023-09-30,2024-06-04,Renewal
2974,101660,Enterprise,103,31.62,3256.86,2024-06-04,,Seat Change
2975,101661,Starter,3,15.0,45.0,2021-08-09,2021-12-14,Initial Signup
2976,101661,Growth,5,29.0,145.0,2021-12-14,,Upgrade
2977,101662,Pro,28,49.0,1372.0,2021-12-01,2022-02-10,Initial Signup
2978,101662,Enterprise,57,44.52,2537.64,2022-02-10,2022-07-29,Upgrade
2979,101662,Enterprise,57,44.52,2537.64,2022-07-29,2023-11-27,Renewal
2980,101662,Enterprise,50,44.52,2226.0,2023-11-27,2024-01-11,Seat Change
2981,101662,Pro,24,49.0,1176.0,2024-01-11,,Downgrade
2982,101663,Growth,7,29.0,203.0,2021-04-19,,
2983,101664,Starter,3,15.0,45.0,2024-06-17,,Initial Signup
2984,101665,Growth,19,29.0,551.0,2021-11-18,,Initial Signup
2985,101666,Growth,5,29.0,145.0,2021-09-19,2021-12-22,Initial Signup
2986,101666,Starter,5,15.0,75.0,2021-12-22,,Downgrade
2987,101667,Starter,1,15.0,15.0,2021-01-01,2021-07-22,Initial Signup
2988,101667,Starter,2,15.0,30.0,2021-07-22,2022-03-26,Seat Change
2989,101667,Growth,5,29.0,145.0,2022-03-26,,Upgrade
2990,101668,Starter,1,15.0,14.3,2023-06-25,2024-05-18,Initial Signup
2991,101668,Growth,5,29.0,145.0,2024-05-18,2024-06-25,Upgrade
2992,101668,Growth,7,29.0,203.0,2024-06-25,,Seat Change
2993,101669,Starter,1,15.0,15.0,2022-06-15,,Initial Signup
2994,101670,Starter,2,15.0,30.0,2021-10-20,2022-07-01,Initial Signup
2995,101670,Starter,3,15.0,45.0,2022-07-01,2023-01-29,Seat Change
2996,101670,Starter,2,15.0,30.0,2023-01-29,2024-08-12,Seat Change
2997,101670,Growth,5,29.0,145.0,2024-08-12,,Upgrade
2998,101671,Starter,3,15.0,45.0,2021-06-02,2024-09-30,Initial Signup
2999,101671,Growth,5,29.0,124.98,2024-09-30,,Upgrade
3000,101672,Starter,2,15.0,30.0,2022-11-22,,Initial Signup
3001,101673,Growth,19,29.0,551.0,2024-04-19,,Initial Signup
3002,101674,Pro,83,49.0,4067.0,2021-10-11,2021-10-23,Initial Signup
3003,101674,Pro,84,49.0,4116.0,2021-10-23,2022-01-05,Seat Change
3004,101674,Growth,20,29.0,580.0,2022-01-05,2022-02-05,Downgrade
3005,101674,Pro,20,49.0,980.0,2022-02-05,,Upgrade
3006,101675,Pro,75,49.0,3675.0,2021-04-27,,Initial Signup
3007,101676,Growth,18,29.0,522.0,2021-03-19,,Initial Signup
3008,101677,Starter,2,15.0,30.0,2021-01-26,2022-04-15,Initial Signup
3009,101677,Starter,2,15.0,30.0,2022-04-15,,Renewal
3010,101678,Growth,17,29.0,493.0,2022-11-24,2023-05-23,Initial Signup
3011,101678,Pro,20,49.0,918.85,2023-05-23,,Upgrade
3012,101679,Growth,6,29.0,174.0,2024-09-06,2024-12-15,Initial Signup
3013,101679,Growth,5,29.0,139.07,2024-12-15,,Seat Change
3014,101680,Starter,1,15.0,15.0,2024-11-28,,Initial Signup
3015,101681,Growth,18,29.0,522.0,2023-01-21,2023-06-10,Initial Signup
3016,101681,Pro,20,49.0,845.64,2023-06-10,2023-09-30,
3017,101681,Growth,16,29.0,464.0,2023-09-30,2024-01-16,Downgrade
3018,101681,Pro,20,49.0,864.24,2024-01-16,,Upgrade
3019,101682,Starter,3,15.0,45.0,2021-04-06,,Initial Signup
3020,101683,Growth,8,29.0,232.0,2024-09-23,,Initial Signup
3021,101684,Growth,17,29.0,493.0,2021-08-13,2024-10-26,Initial Signup
3022,101684,Growth,17,29.0,493.0,2024-10-26,,Renewal
3023,101685,Growth,8,29.0,232.0,2021-09-25,,Initial Signup
3024,101686,Starter,4,15.0,60.0,2022-09-05,2022-10-11,Initial Signup
3025,101686,Growth,5,29.0,145.0,2022-10-11,,Upgrade
3026,101687,Starter,3,15.0,45.0,2021-01-08,,Initial Signup
3027,101688,Starter,2,15.0,27.18,2023-04-10,2023-05-02,Initial Signup
3028,101688,Starter,3,15.0,45.0,2023-05-02,,Seat Change
3029,101689,Starter,1,15.0,15.0,2024-12-13,,Initial Signup
3030,101690,Growth,7,29.0,203.0,2023-01-18,2024-02-22,Initial Signup
3031,101690,Pro,20,49.0,980.0,2024-02-22,,Upgrade
3032,101691,Starter,2,15.0,30.0,2023-01-07,,Initial Signup
3033,101692,Starter,1,15.0,14.53,2021-10-20,2022-04-23,Initial Signup
3034,101692,Starter,2,15.0,30.0,2022-04-23,,Seat Change
3035,101693,Starter,2,15.0,30.0,2021-02-01,,Initial Signup
3036,101694,Starter,1,15.0,15.0,2023-02-10,2023-06-19,Initial Signup
3037,101694,Growth,5,29.0,145.0,2023-06-19,,Upgrade
3038,101695,Starter,3,15.0,45.0,2022-05-19,2022-10-02,Initial Signup
3039,101695,Growth,5,29.0,145.0,2022-10-02,,Upgrade
3040,101696,Growth,6,29.0,174.0,2023-11-08,,Initial Signup
3041,101697,Starter,1,15.0,15.0,2021-03-13,2022-06-10,Initial Signup
3042,101697,Starter,2,15.0,30.0,2022-06-10,2023-05-04,Seat Change
3043,101697,Growth,5,29.0,145.0,2023-05-04,,Upgrade
3044,101698,Starter,1,15.0,13.61,2021-08-17,2021-12-27,Initial Signup
3045,101698,Starter,2,15.0,30.0,2021-12-27,,Seat Change
3046,101699,Pro,24,49.0,1176.0,2021-09-07,2022-04-06,Initial Signup
3047,101699,Pro,24,49.0,1176.0,2022-04-06,2023-02-23,Renewal
3048,101699,Enterprise,50,39.81,1990.5,2023-02-23,2023-03-11,Upgrade
3049,101699,Enterprise,64,39.81,2547.84,2023-03-11,2024-12-21,Seat Change
3050,101699,Enterprise,73,39.81,2906.13,2024-12-21,,Seat Change
3051,101700,Starter,4,15.0,60.0,2022-09-28,2023-01-21,Initial Signup
3052,101700,Growth,5,29.0,145.0,2023-01-21,,Upgrade
3053,101701,Starter,3,15.0,39.36,2023-01-24,,Initial Signup
3054,101702,Pro,72,49.0,3528.0,2024-06-28,2024-08-13,Initial Signup
3055,101702,Growth,20,29.0,580.0,2024-08-13,,Downgrade
3056,101703,Starter,1,15.0,15.0,2021-08-14,2022-02-04,Initial Signup
3057,101703,Growth,5,29.0,145.0,2022-02-04,,Upgrade
3058,101704,Growth,11,29.0,319.0,2021-12-10,2023-11-29,Initial Signup
3059,101704,Starter,5,15.0,75.0,2023-11-29,,Downgrade
3060,101705,Starter,1,15.0,15.0,2021-01-28,,Initial Signup
3061,101706,Starter,2,15.0,30.0,2021-07-21,2024-11-07,Initial Signup
3062,101706,Starter,3,15.0,45.0,2024-11-07,,Seat Change
3063,101707,Growth,5,29.0,145.0,2021-09-23,2021-11-06,
3064,101707,Pro,20,49.0,980.0,2021-11-06,2022-10-13,Upgrade
3065,101707,Enterprise,50,27.13,1356.5,2022-10-13,2022-10-26,Upgrade
3066,101707,Enterprise,60,27.13,1627.8,2022-10-26,,Seat Change
3067,101708,Starter,1,15.0,15.0,2022-04-06,,Initial Signup
3068,101709,Growth,6,29.0,174.0,2021-12-25,,Initial Signup
3069,101710,Starter,4,15.0,60.0,2021-09-15,,Initial Signup
3070,101711,Growth,15,29.0,435.0,2022-06-22,,Initial Signup
3071,101712,Growth,6,29.0,174.0,2023-05-24,,Initial Signup
3072,101713,Growth,19,29.0,551.0,2021-06-03,,Initial Signup
3073,101714,Growth,9,29.0,261.0,2021-09-03,,Initial Signup
3074,101715,Enterprise,413,33.5,13835.5,2022-09-02,,Initial Signup
3075,101716,Growth,10,29.0,290.0,2023-01-19,,Initial Signup
3076,101717,Growth,9,29.0,261.0,2023-04-26,2023-05-18,Initial Signup
3077,101717,Growth,10,29.0,290.0,2023-05-18,2023-06-02,Seat Change
3078,101717,Growth,8,29.0,232.0,2023-06-02,,Seat Change
3079,101718,Growth,14,29.0,406.0,2021-05-01,,Initial Signup
3080,101719,Growth,5,29.0,145.0,2022-02-04,2023-06-16,Initial Signup
3081,101719,Pro,20,49.0,980.0,2023-06-16,,Upgrade
3082,101720,Pro,39,49.0,1911.0,2023-10-14,,Initial Signup
3083,101721,Growth,5,29.0,145.0,2021-10-11,,Initial Signup
3084,101722,Starter,1,15.0,15.0,2021-11-03,2022-07-22,Initial Signup
3085,101722,Starter,2,15.0,30.0,2022-07-22,2022-12-03,Seat Change
3086,101722,Growth,5,29.0,145.0,2022-12-03,,Upgrade
3087,101723,Growth,11,29.0,319.0,2024-10-18,,Initial Signup
3088,101724,Starter,3,15.0,42.72,2021-03-26,2021-04-14,Initial Signup
3089,101724,Growth,5,29.0,145.0,2021-04-14,2021-06-04,Upgrade
3090,101724,Growth,7,29.0,203.0,2021-06-04,,Seat Change
3091,101725,Starter,4,15.0,60.0,2022-09-06,2024-06-25,Initial Signup
3092,101725,Starter,3,15.0,45.0,2024-06-25,,Seat Change
3093,101726,Starter,1,15.0,15.0,2023-06-01,,Initial Signup
3094,101727,Growth,15,29.0,435.0,2021-04-07,,Initial Signup
3095,101728,Starter,2,15.0,30.0,2022-10-06,,Initial Signup
3096,101729,Pro,53,49.0,2597.0,2021-12-14,,Initial Signup
3097,101730,Starter,2,15.0,30.0,2023-07-04,,Initial Signup
3098,101731,Starter,2,15.0,30.0,2023-11-11,,Initial Signup
3099,101732,Pro,29,49.0,1421.0,2023-08-04,,Initial Signup
3100,101733,Growth,9,29.0,261.0,2021-02-19,,Initial Signup
3101,101734,Starter,1,15.0,15.0,2022-12-14,2024-11-18,Initial Signup
3102,101734,Starter,2,15.0,30.0,2024-11-18,,Seat Change
3103,101735,Enterprise,54,27.94,1508.76,2023-12-03,2024-04-06,Initial Signup
3104,101735,Enterprise,54,27.94,1508.76,2024-04-06,2024-07-03,Renewal
3105,101735,Enterprise,54,27.94,1508.76,2024-07-03,,Renewal
3106,101736,Growth,6,29.0,174.0,2022-06-02,2022-10-14,Initial Signup
3107,101736,Growth,5,29.0,145.0,2022-10-14,,Seat Change
3108,101737,Pro,95,49.0,4655.0,2022-05-14,2024-03-05,Initial Signup
3109,101737,Pro,90,49.0,4410.0,2024-03-05,2024-05-17,Seat Change
3110,101737,Growth,20,29.0,580.0,2024-05-17,,Downgrade
3111,101738,Growth,15,29.0,435.0,2021-01-17,2022-03-26,Initial Signup
3112,101738,Growth,15,29.0,435.0,2022-03-26,2022-06-03,Renewal
3113,101738,Pro,20,49.0,980.0,2022-06-03,2024-06-27,Upgrade
3114,101738,Pro,21,49.0,1029.0,2024-06-27,,Seat Change
3115,101739,Growth,8,29.0,232.0,2023-07-05,2024-04-16,Initial Signup
3116,101739,Growth,8,29.0,232.0,2024-04-16,2024-12-18,Renewal
3117,101739,Starter,5,15.0,75.0,2024-12-18,,Downgrade
3118,101740,Pro,20,49.0,980.0,2021-01-10,2021-09-08,Initial Signup
3119,101740,Pro,20,49.0,980.0,2021-09-08,,Renewal
3120,101741,Starter,2,15.0,30.0,2021-08-17,,Initial Signup
3121,101742,Starter,1,15.0,15.0,2024-01-14,,Initial Signup
3122,101743,Growth,5,29.0,145.0,2024-04-04,,Initial Signup
3123,101744,Starter,2,15.0,30.0,2024-11-11,,Initial Signup
3124,101745,Starter,3,15.0,45.0,2021-12-06,,Initial Signup
3125,101746,Growth,6,29.0,174.0,2021-05-26,2022-08-16,Initial Signup
3126,101746,Growth,5,29.0,145.0,2022-08-16,,Seat Change
3127,101747,Pro,29,49.0,1421.0,2021-12-23,2023-10-10,Initial Signup
3128,101747,Pro,29,49.0,1421.0,2023-10-10,2023-12-30,Renewal
3129,101747,Enterprise,66,31.81,2099.46,2023-12-30,,Upgrade
3130,101748,Starter,1,15.0,15.0,2021-03-09,,Initial Signup
3131,101749,Growth,7,29.0,203.0,2023-08-07,,Initial Signup
3132,101750,Starter,3,15.0,45.0,2022-03-04,2023-01-23,Initial Signup
3133,101750,Growth,5,29.0,145.0,2023-01-23,2023-06-24,Upgrade
3134,101750,Growth,5,29.0,139.09,2023-06-24,,Renewal
3135,101751,Growth,5,29.0,145.0,2021-10-21,2024-07-29,Initial Signup
3136,101751,Growth,6,29.0,174.0,2024-07-29,,Seat Change
3137,101752,Starter,1,15.0,15.0,2021-02-26,2021-03-08,Initial Signup
3138,101752,Growth,5,29.0,145.0,2021-03-08,,Upgrade
3139,101753,Starter,2,15.0,30.0,2021-10-08,,Initial Signup
3140,101754,Pro,51,49.0,2499.0,2023-08-18,,Initial Signup
3141,101755,Pro,20,49.0,980.0,2022-09-07,2023-06-03,Initial Signup
3142,101755,Enterprise,50,36.78,1839.0,2023-06-03,2024-07-21,Upgrade
3143,101755,Enterprise,74,36.78,2721.72,2024-07-21,,Seat Change
3144,101756,Growth,10,29.0,290.0,2021-02-26,,Initial Signup
3145,101757,Starter,2,15.0,30.0,2021-04-09,,Initial Signup
3146,101758,Starter,2,15.0,25.79,2021-10-03,2022-04-17,Initial Signup
3147,101758,Growth,5,29.0,145.0,2022-04-17,,Upgrade
3148,101759,Pro,33,49.0,1617.0,2021-03-25,2022-01-22,Initial Signup
3149,101759,Pro,37,49.0,1813.0,2022-01-22,2023-05-03,Seat Change
3150,101759,Enterprise,63,34.73,2187.99,2023-05-03,2024-10-27,Upgrade
3151,101759,Enterprise,83,34.73,2702.82,2024-10-27,,Seat Change
3152,101760,Growth,11,29.0,319.0,2024-02-27,2024-10-04,Initial Signup
3153,101760,Starter,5,15.0,75.0,2024-10-04,,Downgrade
3154,101761,Starter,1,15.0,15.0,2022-07-12,,Initial Signup
3155,101762,Growth,10,29.0,258.81,2021-03-26,,Initial Signup
3156,101763,Growth,12,29.0,348.0,2023-01-07,,Initial Signup
3157,101764,Growth,5,29.0,145.0,2021-09-08,,Initial Signup
3158,101765,Growth,17,29.0,493.0,2021-06-16,2021-08-04,Initial Signup
3159,101765,Starter,5,15.0,75.0,2021-08-04,2021-09-02,Downgrade
3160,101765,Starter,4,15.0,60.0,2021-09-02,,Seat Change
3161,101766,Pro,36,49.0,1764.0,2022-03-17,,Initial Signup
3162,101767,Growth,9,29.0,261.0,2021-01-11,2021-05-21,Initial Signup
3163,101767,Growth,10,29.0,290.0,2021-05-21,,Seat Change
3164,101768,Starter,2,15.0,30.0,2021-12-23,,Initial Signup
3165,101769,Starter,2,15.0,28.76,2023-06-23,2024-12-02,Initial Signup
3166,101769,Growth,5,29.0,145.0,2024-12-02,,Upgrade
3167,101770,Starter,3,15.0,45.0,2024-01-04,,Initial Signup
3168,101771,Starter,1,15.0,15.0,2021-09-28,,Initial Signup
3169,101772,Starter,1,15.0,12.92,2022-07-05,2024-04-24,Initial Signup
3170,101772,Starter,2,15.0,26.54,2024-04-24,,Seat Change
3171,101773,Growth,6,29.0,154.07,2021-06-15,2022-01-23,Initial Signup
3172,101773,Pro,20,49.0,980.0,2022-01-23,2022-03-21,Upgrade
3173,101773,Pro,23,49.0,1127.0,2022-03-21,,Seat Change
3174,101774,Starter,2,15.0,28.29,2022-03-12,,Initial Signup
3175,101775,Starter,2,15.0,30.0,2021-07-13,2022-12-29,Initial Signup
3176,101775,Starter,3,15.0,45.0,2022-12-29,,Seat Change
3177,101776,Pro,21,49.0,938.4,2022-03-04,,Initial Signup
3178,101777,Pro,21,49.0,990.09,2021-05-10,,Initial Signup
3179,101778,Growth,17,29.0,493.0,2024-03-01,,Initial Signup
3180,101779,Growth,5,29.0,145.0,2023-09-28,,Initial Signup
3181,101780,Starter,4,15.0,60.0,2021-09-05,2022-01-09,Initial Signup
3182,101780,Starter,5,15.0,75.0,2022-01-09,,Seat Change
3183,101781,Pro,46,49.0,2001.93,2023-01-14,2023-11-10,Initial Signup
3184,101781,Pro,46,49.0,2254.0,2023-11-10,,Renewal
3185,101782,Growth,5,29.0,145.0,2021-03-07,,Initial Signup
3186,101783,Growth,7,29.0,203.0,2022-11-05,,Initial Signup
3187,101784,Starter,2,15.0,30.0,2021-07-11,,Initial Signup
3188,101785,Starter,1,15.0,15.0,2021-04-28,,Initial Signup
3189,101786,Starter,3,15.0,45.0,2022-08-14,,Initial Signup
3190,101787,Growth,5,29.0,145.0,2021-12-27,2023-08-09,Initial Signup
3191,101787,Starter,5,15.0,75.0,2023-08-09,,Downgrade
3192,101788,Starter,4,15.0,60.0,2022-02-24,,Initial Signup
3193,101789,Growth,10,29.0,290.0,2022-01-13,,Initial Signup
3194,101790,Growth,7,29.0,203.0,2021-02-26,2023-07-22,Initial Signup
3195,101790,Starter,5,15.0,75.0,2023-07-22,,Downgrade
3196,101791,Pro,92,49.0,4508.0,2021-02-10,,Initial Signup
3197,101792,Enterprise,54,43.53,2350.62,2022-05-15,2022-10-29,Initial Signup
3198,101792,Enterprise,55,43.53,2394.15,2022-10-29,,Seat Change
3199,101793,Starter,2,15.0,30.0,2022-06-20,,Initial Signup
3200,101794,Starter,5,15.0,75.0,2021-01-17,,Initial Signup
3201,101795,Starter,1,15.0,15.0,2021-09-24,,Initial Signup
3202,101796,Growth,13,29.0,377.0,2022-05-05,,Initial Signup
3203,101797,Growth,14,29.0,406.0,2022-07-14,,Initial Signup
3204,101798,Starter,3,15.0,45.0,2023-05-19,,Initial Signup
3205,101799,Starter,1,15.0,15.0,2021-11-10,,Initial Signup
3206,101800,Growth,11,29.0,319.0,2022-02-25,,Initial Signup
3207,101801,Starter,2,15.0,30.0,2022-04-09,2022-07-10,Initial Signup
3208,101801,Starter,3,15.0,45.0,2022-07-10,,Seat Change
3209,101802,Starter,3,15.0,45.0,2021-08-09,2024-05-04,Initial Signup
3210,101802,Growth,5,29.0,145.0,2024-05-04,,Upgrade
3211,101803,Growth,5,29.0,145.0,2021-02-10,,Initial Signup
3212,101804,Starter,3,15.0,45.0,2021-01-19,2022-06-20,Initial Signup
3213,101804,Starter,2,15.0,30.0,2022-06-20,2023-08-30,Seat Change
3214,101804,Starter,3,15.0,45.0,2023-08-30,,Seat Change
3215,101805,Growth,11,29.0,319.0,2023-05-04,,Initial Signup
3216,101806,Pro,63,49.0,3087.0,2021-05-05,2024-01-25,Initial Signup
3217,101806,Pro,63,49.0,3087.0,2024-01-25,,Renewal
3218,101807,Growth,7,29.0,203.0,2022-06-22,,Initial Signup
3219,101808,Starter,5,15.0,75.0,2022-04-06,2022-09-20,Initial Signup
3220,101808,Starter,5,15.0,75.0,2022-09-20,2023-08-22,Renewal
3221,101808,Growth,5,29.0,145.0,2023-08-22,2023-09-07,Upgrade
3222,101808,Growth,7,29.0,203.0,2023-09-07,2023-10-24,Seat Change
3223,101808,Pro,20,49.0,980.0,2023-10-24,,Upgrade
3224,101809,Growth,12,29.0,297.41,2021-10-03,2021-10-20,Initial Signup
3225,101809,Growth,12,29.0,348.0,2021-10-20,2022-01-16,Renewal
3226,101809,Growth,9,29.0,261.0,2022-01-16,2023-11-21,Seat Change
3227,101809,Growth,7,29.0,203.0,2023-11-21,2024-03-18,Seat Change
3228,101809,Starter,5,15.0,71.08,2024-03-18,,Downgrade
3229,101810,Growth,6,29.0,174.0,2023-05-08,,Initial Signup
3230,101811,Starter,1,15.0,15.0,2022-09-12,,Initial Signup
3231,101812,Pro,87,49.0,4263.0,2021-01-01,,Initial Signup
3232,101813,Starter,2,15.0,30.0,2023-01-24,2023-04-22,Initial Signup
3233,101813,Growth,5,29.0,145.0,2023-04-22,2024-09-02,Upgrade
3234,101813,Growth,5,29.0,145.0,2024-09-02,2024-11-24,Renewal
3235,101813,Pro,20,49.0,980.0,2024-11-24,,Upgrade
3236,101814,Growth,17,29.0,493.0,2022-01-04,,Initial Signup
3237,101815,Growth,5,29.0,145.0,2021-09-12,,Initial Signup
3238,101816,Pro,21,49.0,1029.0,2022-10-06,2023-08-26,Initial Signup
3239,101816,Pro,21,49.0,1029.0,2023-08-26,2024-01-16,Renewal
3240,101816,Enterprise,50,40.09,2004.5,2024-01-16,2024-06-14,Upgrade
3241,101816,Enterprise,50,40.09,2004.5,2024-06-14,2024-12-03,Renewal
3242,101816,Enterprise,75,40.09,3006.75,2024-12-03,,Seat Change
3243,101817,Growth,6,29.0,174.0,2022-09-09,,Initial Signup
3244,101818,Starter,2,15.0,30.0,2021-08-02,,Initial Signup
3245,101819,Growth,14,29.0,406.0,2024-10-27,2024-12-04,Initial Signup
3246,101819,Pro,20,49.0,980.0,2024-12-04,,Upgrade
3247,101820,Starter,2,15.0,30.0,2022-07-27,2023-03-04,Initial Signup
3248,101820,Starter,3,15.0,45.0,2023-03-04,2023-03-24,Seat Change
3249,101820,Growth,5,29.0,145.0,2023-03-24,2024-12-27,Upgrade
3250,101820,Growth,5,29.0,145.0,2024-12-27,,Renewal
3251,101821,Starter,1,15.0,15.0,2022-05-04,,Initial Signup
3252,101822,Growth,5,29.0,145.0,2021-02-06,,Initial Signup
3253,101823,Starter,5,15.0,75.0,2021-07-25,,Initial Signup
3254,101824,Growth,7,29.0,203.0,2021-11-12,,Initial Signup
3255,101825,Growth,9,29.0,261.0,2022-06-02,2022-08-10,Initial Signup
3256,101825,Growth,9,29.0,261.0,2022-08-10,2022-10-22,Renewal
3257,101825,Growth,9,29.0,261.0,2022-10-22,2022-11-02,Renewal
3258,101825,Starter,5,15.0,75.0,2022-11-02,,Downgrade
3259,101826,Starter,2,15.0,30.0,2022-01-04,,Initial Signup
3260,101827,Growth,8,29.0,232.0,2022-12-12,,Initial Signup
3261,101828,Growth,5,29.0,128.45,2021-07-16,2024-06-24,Initial Signup
3262,101828,Growth,7,29.0,203.0,2024-06-24,,Seat Change
3263,101829,Growth,20,29.0,580.0,2022-09-18,,Initial Signup
3264,101830,Growth,7,29.0,203.0,2023-04-05,,Initial Signup
3265,101831,Starter,1,15.0,15.0,2022-12-11,,Initial Signup
3266,101832,Growth,8,29.0,232.0,2022-12-08,2023-10-14,Initial Signup
3267,101832,Pro,20,49.0,980.0,2023-10-14,2024-10-11,Upgrade
3268,101832,Growth,18,29.0,522.0,2024-10-11,2024-11-05,Downgrade
3269,101832,Pro,20,49.0,980.0,2024-11-05,,Upgrade
3270,101833,Growth,7,29.0,203.0,2023-09-15,,Initial Signup
3271,101834,Pro,86,49.0,4214.0,2021-02-10,2022-03-16,Initial Signup
3272,101834,Pro,99,49.0,4851.0,2022-03-16,,Seat Change
3273,101835,Growth,14,29.0,406.0,2022-09-06,2023-02-19,Initial Signup
3274,101835,Growth,14,29.0,406.0,2023-02-19,,Renewal
3275,101836,Growth,9,29.0,261.0,2024-07-23,,Initial Signup
3276,101837,Starter,5,15.0,75.0,2022-04-16,,Initial Signup
3277,101838,Starter,2,15.0,30.0,2021-06-14,2023-05-16,Initial Signup
3278,101838,Starter,3,15.0,45.0,2023-05-16,,Seat Change
3279,101839,Growth,8,29.0,208.78,2024-12-04,,Initial Signup
3280,101840,Starter,3,15.0,45.0,2021-05-02,,Initial Signup
3281,101841,Starter,1,15.0,15.0,2021-09-23,2021-11-29,Initial Signup
3282,101841,Starter,2,15.0,30.0,2021-11-29,,Seat Change
3283,101842,Growth,5,29.0,125.16,2021-05-28,,Initial Signup
3284,101843,Starter,1,15.0,15.0,2021-12-17,2024-03-18,Initial Signup
3285,101843,Starter,1,15.0,15.0,2024-03-18,,Renewal
3286,101844,Starter,1,15.0,15.0,2021-10-02,,Initial Signup
3287,101845,Growth,5,29.0,145.0,2021-12-14,2021-12-29,Initial Signup
3288,101845,Growth,5,29.0,145.0,2021-12-29,,Renewal
3289,101846,Starter,1,15.0,15.0,2024-01-08,,Initial Signup
3290,101847,Starter,1,15.0,15.0,2021-12-02,2022-01-07,Initial Signup
3291,101847,Starter,1,15.0,15.0,2022-01-07,,Renewal
3292,101848,Pro,22,49.0,1078.0,2022-01-04,2022-01-16,Initial Signup
3293,101848,Enterprise,50,38.09,1904.5,2022-01-16,,Upgrade
3294,101849,Starter,1,15.0,15.0,2023-09-14,2024-05-10,Initial Signup
3295,101849,Growth,5,29.0,145.0,2024-05-10,2024-06-22,Upgrade
3296,101849,Pro,20,49.0,980.0,2024-06-22,,Upgrade
3297,101850,Growth,10,29.0,290.0,2023-04-12,2024-11-13,Initial Signup
3298,101850,Growth,10,29.0,290.0,2024-11-13,,
3299,101851,Starter,2,15.0,30.0,2021-06-16,,Initial Signup
3300,101852,Starter,1,15.0,15.0,2021-01-20,2023-11-27,Initial Signup
3301,101852,Starter,2,15.0,30.0,2023-11-27,,Seat Change
3302,101853,Growth,15,29.0,435.0,2022-06-08,,Initial Signup
3303,101854,Starter,5,15.0,72.5,2023-06-09,2023-12-02,Initial Signup
3304,101854,Starter,4,15.0,60.0,2023-12-02,2024-06-18,Seat Change
3305,101854,Starter,3,15.0,45.0,2024-06-18,2024-11-21,Seat Change
3306,101854,Starter,4,15.0,60.0,2024-11-21,,Seat Change
3307,101855,Starter,3,15.0,40.82,2022-03-19,,Initial Signup
3308,101856,Starter,2,15.0,30.0,2021-05-06,,Initial Signup
3309,101857,Starter,1,15.0,15.0,2022-11-03,,Initial Signup
3310,101858,Starter,4,15.0,60.0,2022-08-24,2024-02-03,Initial Signup
3311,101858,Growth,5,29.0,145.0,2024-02-03,,Upgrade
3312,101859,Starter,2,15.0,30.0,2022-03-06,2022-03-27,Initial Signup
3313,101859,Growth,5,29.0,145.0,2022-03-27,2022-04-17,Upgrade
3314,101859,Starter,5,15.0,75.0,2022-04-17,2022-04-19,Downgrade
3315,101859,Starter,5,15.0,75.0,2022-04-19,2022-06-14,Renewal
3316,101859,Growth,5,29.0,145.0,2022-06-14,,Upgrade
3317,101860,Starter,3,15.0,45.0,2023-08-04,,Initial Signup
3318,101861,Pro,35,49.0,1715.0,2023-01-21,2023-04-30,Initial Signup
3319,101861,Pro,40,49.0,1960.0,2023-04-30,2023-05-25,Seat Change
3320,101861,Growth,20,29.0,580.0,2023-05-25,,Downgrade
3321,101862,Starter,1,15.0,15.0,2022-08-15,,Initial Signup
3322,101863,Growth,5,29.0,145.0,2022-08-05,2023-06-09,Initial Signup
3323,101863,Growth,5,29.0,145.0,2023-06-09,,Renewal
3324,101864,Growth,5,29.0,145.0,2022-08-24,,Initial Signup
3325,101865,Pro,20,49.0,980.0,2022-01-07,,Initial Signup
3326,101866,Starter,3,15.0,45.0,2021-12-19,2022-01-09,Initial Signup
3327,101866,Starter,4,15.0,60.0,2022-01-09,2022-02-18,Seat Change
3328,101866,Starter,5,15.0,75.0,2022-02-18,,Seat Change
3329,101867,Starter,1,15.0,15.0,2022-10-19,,Initial Signup
3330,101868,Growth,18,29.0,522.0,2022-05-24,2022-12-30,Initial Signup
3331,101868,Growth,20,29.0,580.0,2022-12-30,2024-07-06,Seat Change
3332,101868,Pro,20,49.0,980.0,2024-07-06,,Upgrade
3333,101869,Pro,76,49.0,3724.0,2021-12-21,,Initial Signup
3334,101870,Growth,11,29.0,319.0,2021-03-20,,Initial Signup
3335,101871,Starter,1,15.0,15.0,2022-09-02,2022-11-23,Initial Signup
3336,101871,Starter,1,15.0,15.0,2022-11-23,2024-02-02,Renewal
3337,101871,Growth,5,29.0,145.0,2024-02-02,2024-03-01,Upgrade
3338,101871,Pro,20,49.0,980.0,2024-03-01,,Upgrade
3339,101872,Starter,1,15.0,15.0,2022-07-27,,Initial Signup
3340,101873,Starter,4,15.0,60.0,2021-09-04,,Initial Signup
3341,101874,Starter,3,15.0,45.0,2021-09-08,,Initial Signup
3342,101875,Starter,1,15.0,15.0,2021-06-13,,Initial Signup
3343,101876,Starter,2,15.0,30.0,2024-06-09,2024-06-12,Initial Signup
3344,101876,Starter,2,15.0,30.0,2024-06-12,2024-09-03,Renewal
3345,101876,Growth,5,29.0,145.0,2024-09-03,2024-09-22,Upgrade
3346,101876,Growth,7,29.0,203.0,2024-09-22,,Seat Change
3347,101877,Starter,1,15.0,15.0,2023-07-17,,Initial Signup
3348,101878,Starter,4,15.0,60.0,2022-03-02,,Initial Signup
3349,101879,Starter,1,15.0,15.0,2021-10-13,2022-10-02,Initial Signup
3350,101879,Starter,2,15.0,25.61,2022-10-02,,Seat Change
3351,101880,Starter,1,15.0,15.0,2022-11-10,,Initial Signup
3352,101881,Growth,6,29.0,174.0,2022-02-19,,Initial Signup
3353,101882,Pro,37,49.0,1681.7,2024-09-15,,Initial Signup
3354,101883,Starter,1,15.0,15.0,2021-02-22,2023-04-30,Initial Signup
3355,101883,Starter,2,15.0,30.0,2023-04-30,,Seat Change
3356,101884,Growth,18,29.0,522.0,2021-01-05,2021-04-11,Initial Signup
3357,101884,Pro,20,49.0,980.0,2021-04-11,2022-02-08,Upgrade
3358,101884,Pro,29,49.0,1421.0,2022-02-08,,Seat Change
3359,101885,Growth,10,29.0,290.0,2022-03-27,,Initial Signup
3360,101886,Starter,1,15.0,15.0,2021-05-11,2024-07-23,Initial Signup
3361,101886,Starter,1,15.0,15.0,2024-07-23,,Renewal
3362,101887,Pro,64,49.0,3136.0,2022-05-10,,Initial Signup
3363,101888,Starter,2,15.0,26.92,2023-01-16,,Initial Signup
3364,101889,Starter,4,15.0,60.0,2021-04-05,,Initial Signup
3365,101890,Growth,5,29.0,145.0,2021-11-23,,Initial Signup
3366,101891,Growth,12,29.0,317.21,2022-09-08,2022-10-19,Initial Signup
3367,101891,Growth,12,29.0,348.0,2022-10-19,2023-01-22,Renewal
3368,101891,Growth,14,29.0,406.0,2023-01-22,,Seat Change
3369,101892,Growth,7,29.0,203.0,2023-05-26,2023-12-08,Initial Signup
3370,101892,Pro,20,49.0,980.0,2023-12-08,2023-12-10,Upgrade
3371,101892,Enterprise,50,40.13,2006.5,2023-12-10,,Upgrade
3372,101893,Growth,5,29.0,145.0,2021-12-05,2021-12-22,Initial Signup
3373,101893,Growth,6,29.0,174.0,2021-12-22,,Seat Change
3374,101894,Starter,2,15.0,30.0,2021-05-25,,Initial Signup
3375,101895,Starter,2,15.0,30.0,2022-04-12,2022-06-23,Initial Signup
3376,101895,Growth,5,29.0,145.0,2022-06-23,,Upgrade
3377,101896,Growth,8,29.0,232.0,2021-11-18,,Initial Signup
3378,101897,Starter,1,15.0,15.0,2022-12-25,2023-08-22,Initial Signup
3379,101897,Growth,5,29.0,145.0,2023-08-22,,Upgrade
3380,101898,Starter,5,15.0,64.55,2022-03-04,2023-01-03,Initial Signup
3381,101898,Starter,4,15.0,60.0,2023-01-03,,Seat Change
3382,101899,Starter,5,15.0,75.0,2021-07-10,,Initial Signup
3383,101900,Growth,19,29.0,551.0,2022-12-27,,Initial Signup
3384,101901,Starter,3,15.0,45.0,2022-01-05,,Initial Signup
3385,101902,Pro,43,49.0,2107.0,2021-05-03,,Initial Signup
3386,101903,Enterprise,51,30.26,1543.26,2022-03-15,2024-05-25,Initial Signup
3387,101903,Enterprise,66,30.26,1997.16,2024-05-25,2024-06-25,Seat Change
3388,101903,Enterprise,67,30.26,2027.42,2024-06-25,,Seat Change
3389,101904,Starter,3,15.0,45.0,2024-04-01,,Initial Signup
3390,101905,Pro,30,49.0,1470.0,2022-09-28,,Initial Signup
3391,101906,Starter,2,15.0,30.0,2021-08-26,2022-06-15,Initial Signup
3392,101906,Starter,3,15.0,45.0,2022-06-15,,Seat Change
3393,101907,Starter,3,15.0,45.0,2022-10-06,,Initial Signup
3394,101908,Growth,11,29.0,288.23,2021-07-05,2022-03-02,Initial Signup
3395,101908,Growth,9,29.0,261.0,2022-03-02,2022-04-24,Seat Change
3396,101908,Growth,11,29.0,319.0,2022-04-24,,Seat Change
3397,101909,Starter,4,15.0,60.0,2022-02-22,,Initial Signup
3398,101910,Starter,3,15.0,45.0,2022-01-15,2022-06-15,Initial Signup
3399,101910,Starter,3,15.0,45.0,2022-06-15,,Renewal
3400,101911,Starter,2,15.0,30.0,2021-06-24,2021-08-17,Initial Signup
3401,101911,Starter,1,15.0,15.0,2021-08-17,2021-08-18,Seat Change
3402,101911,Growth,5,29.0,145.0,2021-08-18,2021-09-22,Upgrade
3403,101911,Starter,5,15.0,75.0,2021-09-22,,Downgrade
3404,101912,Starter,1,15.0,15.0,2021-09-28,2022-02-25,Initial Signup
3405,101912,Starter,1,15.0,15.0,2022-02-25,,Renewal
3406,101913,Starter,1,15.0,15.0,2024-03-12,2024-06-30,Initial Signup
3407,101913,Starter,1,15.0,15.0,2024-06-30,,Renewal
3408,101914,Starter,4,15.0,60.0,2021-06-08,,Initial Signup
3409,101915,Pro,66,49.0,3234.0,2023-02-18,,Initial Signup
3410,101916,Starter,1,15.0,15.0,2022-08-18,,Initial Signup
3411,101917,Starter,4,15.0,60.0,2022-02-13,,Initial Signup
3412,101918,Starter,2,15.0,30.0,2021-04-09,2021-09-09,Initial Signup
3413,101918,Starter,3,15.0,45.0,2021-09-09,2022-05-20,Seat Change
3414,101918,Starter,2,15.0,30.0,2022-05-20,,Seat Change
3415,101919,Starter,2,15.0,30.0,2021-05-08,,Initial Signup
3416,101920,Growth,11,29.0,308.07,2021-05-15,2021-11-25,Initial Signup
3417,101920,Starter,5,15.0,75.0,2021-11-25,,Downgrade
3418,101921,Starter,1,15.0,15.0,2022-04-12,2023-11-14,Initial Signup
3419,101921,Growth,5,29.0,145.0,2023-11-14,,Upgrade
3420,101922,Growth,5,29.0,145.0,2024-08-13,2024-11-19,Initial Signup
3421,101922,Growth,5,29.0,145.0,2024-11-19,,Renewal
3422,101923,Starter,4,15.0,60.0,2023-09-03,,Initial Signup
3423,101924,Starter,4,15.0,60.0,2021-01-25,,Initial Signup
3424,101925,Growth,10,29.0,290.0,2021-07-20,,Initial Signup
3425,101926,Growth,7,29.0,203.0,2021-04-26,2022-01-03,Initial Signup
3426,101926,Growth,7,29.0,203.0,2022-01-03,2024-12-18,Renewal
3427,101926,Growth,8,29.0,232.0,2024-12-18,,Seat Change
3428,101927,Pro,34,49.0,1666.0,2024-09-24,,Initial Signup
3429,101928,Growth,6,29.0,174.0,2021-06-18,2022-02-14,Initial Signup
3430,101928,Pro,20,49.0,980.0,2022-02-14,2023-08-19,Upgrade
3431,101928,Pro,27,49.0,1323.0,2023-08-19,,Seat Change
3432,101929,Growth,8,29.0,232.0,2021-05-09,,Initial Signup
3433,101930,Pro,21,49.0,1029.0,2022-06-19,,Initial Signup
3434,101931,Growth,6,29.0,174.0,2022-03-16,,Initial Signup
3435,101932,Pro,21,49.0,1029.0,2021-06-26,2021-08-04,Initial Signup
3436,101932,Pro,20,49.0,980.0,2021-08-04,2022-04-23,
3437,101932,Enterprise,52,30.66,1594.32,2022-04-23,,Upgrade
3438,101933,Starter,2,15.0,30.0,2022-08-07,2024-09-18,Initial Signup
3439,101933,Growth,5,29.0,145.0,2024-09-18,,Upgrade
3440,101934,Starter,2,15.0,28.06,2021-03-01,2022-01-05,Initial Signup
3441,101934,Starter,3,15.0,45.0,2022-01-05,2022-03-18,Seat Change
3442,101934,Growth,5,29.0,145.0,2022-03-18,,Upgrade
3443,101935,Starter,3,15.0,45.0,2021-01-04,,Initial Signup
3444,101936,Starter,2,15.0,28.66,2021-02-05,2021-11-18,Initial Signup
3445,101936,Starter,2,15.0,30.0,2021-11-18,,Renewal
3446,101937,Starter,2,15.0,30.0,2021-09-19,2023-02-14,Initial Signup
3447,101937,Growth,5,29.0,145.0,2023-02-14,2023-12-17,Upgrade
3448,101937,Pro,20,49.0,980.0,2023-12-17,2024-03-23,Upgrade
3449,101937,Pro,20,49.0,980.0,2024-03-23,2024-09-28,Renewal
3450,101937,Enterprise,61,26.85,1637.85,2024-09-28,,Upgrade
3451,101938,Starter,1,15.0,15.0,2024-09-05,2024-09-10,Initial Signup
3452,101938,Growth,5,29.0,145.0,2024-09-10,,Upgrade
3453,101939,Starter,2,15.0,30.0,2022-02-04,,Initial Signup
3454,101940,Growth,6,29.0,174.0,2022-12-12,2023-03-22,Initial Signup
3455,101940,Growth,6,29.0,174.0,2023-03-22,,Renewal
3456,101941,Growth,6,29.0,174.0,2021-08-22,2023-05-21,Initial Signup
3457,101941,Growth,6,29.0,174.0,2023-05-21,,Renewal
3458,101942,Growth,5,29.0,145.0,2022-10-12,2023-05-02,Initial Signup
3459,101942,Growth,7,29.0,203.0,2023-05-02,,Seat Change
3460,101943,Starter,2,15.0,30.0,2024-07-08,,Initial Signup
3461,101944,Starter,1,15.0,15.0,2021-09-08,,Initial Signup
3462,101945,Starter,1,15.0,14.33,2024-12-23,,Initial Signup
3463,101946,Growth,5,29.0,145.0,2022-06-13,,Initial Signup
3464,101947,Starter,1,15.0,13.32,2022-11-11,,Initial Signup
3465,101948,Growth,14,29.0,406.0,2021-07-22,2021-10-20,Initial Signup
3466,101948,Growth,11,29.0,319.0,2021-10-20,,Seat Change
3467,101949,Starter,1,15.0,15.0,2022-07-11,,Initial Signup
3468,101950,Starter,2,15.0,30.0,2022-01-10,2023-08-08,Initial Signup
3469,101950,Starter,3,15.0,45.0,2023-08-08,,Seat Change
3470,101951,Growth,5,29.0,145.0,2024-05-22,,Initial Signup
3471,101952,Starter,1,15.0,15.0,2023-11-10,,Initial Signup
3472,101953,Growth,9,29.0,261.0,2021-10-15,,Initial Signup
3473,101954,Growth,15,29.0,435.0,2024-04-19,2024-08-13,Initial Signup
3474,101954,Pro,20,49.0,980.0,2024-08-13,,Upgrade
3475,101955,Starter,3,15.0,45.0,2023-09-06,,Initial Signup
3476,101956,Enterprise,650,40.44,26286.0,2022-04-04,,Initial Signup
3477,101957,Growth,9,29.0,261.0,2021-02-24,,Initial Signup
3478,101958,Pro,48,49.0,2352.0,2021-04-09,,Initial Signup
3479,101959,Starter,2,15.0,30.0,2021-02-10,,Initial Signup
3480,101960,Growth,6,29.0,174.0,2021-03-17,,Initial Signup
3481,101961,Starter,2,15.0,30.0,2024-09-03,2024-09-21,Initial Signup
3482,101961,Starter,2,15.0,30.0,2024-09-21,2024-10-21,Renewal
3483,101961,Growth,5,29.0,128.82,2024-10-21,,Upgrade
3484,101962,Starter,1,15.0,15.0,2021-06-02,,Initial Signup
3485,101963,Growth,7,29.0,203.0,2022-09-12,2022-11-27,Initial Signup
3486,101963,Pro,20,49.0,847.27,2022-11-27,2023-04-19,Upgrade
3487,101963,Enterprise,62,29.1,1659.02,2023-04-19,2024-03-30,Upgrade
3488,101963,Enterprise,64,,2150.76,2024-03-30,,Seat Change
3489,101964,Enterprise,53,21.16,1121.48,2022-06-28,2022-11-05,Initial Signup
3490,101964,Enterprise,55,21.16,1163.8,2022-11-05,,Seat Change
3491,101965,Enterprise,514,31.99,16442.86,2022-06-17,,Initial Signup
3492,101966,Growth,18,29.0,522.0,2021-05-17,2024-03-08,Initial Signup
3493,101966,Starter,5,15.0,75.0,2024-03-08,,Downgrade
3494,101967,Pro,24,49.0,1176.0,2022-04-18,,Initial Signup
3495,101968,Pro,70,49.0,3430.0,2022-06-25,2023-03-29,
3496,101968,Enterprise,123,37.0,4551.0,2023-03-29,,Upgrade
3497,101969,Starter,4,15.0,60.0,2022-03-24,2023-09-15,Initial Signup
3498,101969,Starter,3,15.0,45.0,2023-09-15,2024-08-27,Seat Change
3499,101969,Starter,2,15.0,30.0,2024-08-27,,Seat Change
3500,101970,Starter,2,15.0,30.0,2021-05-01,2024-08-19,Initial Signup
3501,101970,Growth,5,29.0,145.0,2024-08-19,,Upgrade
3502,101971,Starter,1,15.0,13.18,2022-10-16,,Initial Signup
3503,101972,Starter,2,15.0,30.0,2021-02-16,,Initial Signup
3504,101973,Growth,7,29.0,203.0,2022-04-07,2022-10-02,Initial Signup
3505,101973,Growth,8,29.0,232.0,2022-10-02,,Seat Change
3506,101974,Growth,5,29.0,145.0,2021-11-28,,Initial Signup
3507,101975,Growth,13,29.0,377.0,2021-06-08,,Initial Signup
3508,101976,Growth,12,29.0,348.0,2023-03-24,,Initial Signup
3509,101977,Starter,1,15.0,15.0,2021-05-03,,Initial Signup
3510,101978,Starter,1,15.0,14.02,2024-02-17,,Initial Signup
3511,101979,Starter,2,15.0,28.11,2023-09-21,,Initial Signup
3512,101980,Pro,86,49.0,4214.0,2021-09-15,,
3513,101981,Pro,22,49.0,1078.0,2021-08-03,2021-08-28,Initial Signup
3514,101981,Pro,22,49.0,1078.0,2021-08-28,,Renewal
3515,101982,Starter,2,15.0,30.0,2021-04-04,,Initial Signup
3516,101983,Starter,3,15.0,45.0,2023-12-17,,Initial Signup
3517,101984,Starter,2,15.0,26.87,2022-06-25,2022-09-21,Initial Signup
3518,101984,Growth,5,29.0,145.0,2022-09-21,,Upgrade
3519,101985,Starter,2,15.0,30.0,2021-01-17,,Initial Signup
3520,101986,Starter,5,15.0,75.0,2022-01-03,,Initial Signup
3521,101987,Starter,2,15.0,30.0,2021-02-22,2021-07-16,Initial Signup
3522,101987,Starter,1,15.0,15.0,2021-07-16,2022-03-09,Seat Change
3523,101987,Starter,2,15.0,30.0,2022-03-09,2022-06-06,Seat Change
3524,101987,Starter,3,15.0,45.0,2022-06-06,,Seat Change
3525,101988,Pro,85,49.0,3885.31,2022-04-13,2023-07-05,Initial Signup
3526,101988,Enterprise,215,31.9,6858.5,2023-07-05,,
3527,101989,Growth,9,29.0,261.0,2022-01-03,,Initial Signup
3528,101990,Growth,6,29.0,174.0,2021-02-11,,Initial Signup
3529,101991,Growth,11,29.0,319.0,2023-04-06,,Initial Signup
3530,101992,Starter,5,15.0,68.8,2021-07-28,,Initial Signup
3531,101993,Growth,8,29.0,232.0,2022-02-26,,Initial Signup
3532,101994,Starter,2,15.0,30.0,2022-07-03,2024-10-11,Initial Signup
3533,101994,Growth,5,29.0,145.0,2024-10-11,,Upgrade
3534,101995,Growth,5,29.0,145.0,2024-06-17,,Initial Signup
3535,101996,Starter,1,15.0,15.0,2021-12-01,2022-07-13,Initial Signup
3536,101996,Starter,2,15.0,30.0,2022-07-13,2022-12-29,Seat Change
3537,101996,Starter,2,15.0,30.0,2022-12-29,,Renewal
3538,101997,Growth,16,29.0,464.0,2023-12-13,,Initial Signup
3539,101998,Growth,13,29.0,377.0,2021-09-05,,Initial Signup
3540,101999,Starter,2,15.0,27.84,2023-07-21,,Initial Signup
3541,102000,Growth,5,29.0,130.99,2021-06-03,,Initial Signup
3542,102001,Starter,1,15.0,15.0,2022-09-26,,Initial Signup
3543,102002,Starter,3,15.0,45.0,2021-02-07,,Initial Signup
3544,102003,Starter,4,15.0,60.0,2024-10-08,2024-11-08,Initial Signup
3545,102003,Growth,5,29.0,145.0,2024-11-08,2024-12-23,Upgrade
3546,102003,Pro,20,49.0,980.0,2024-12-23,2024-12-25,Upgrade
3547,102003,Growth,20,29.0,580.0,2024-12-25,,Downgrade
3548,102004,Growth,5,29.0,131.74,2024-05-25,2024-06-11,Initial Signup
3549,102004,Growth,5,29.0,145.0,2024-06-11,,Renewal
3550,102005,Growth,5,29.0,132.01,2021-11-26,2023-08-14,Initial Signup
3551,102005,Starter,5,15.0,75.0,2023-08-14,,Downgrade
3552,102006,Growth,9,29.0,261.0,2022-01-03,,Initial Signup
3553,102007,Growth,5,29.0,145.0,2022-05-04,2023-12-25,Initial Signup
3554,102007,Growth,5,29.0,145.0,2023-12-25,,Renewal
3555,102008,Pro,65,49.0,2772.47,2021-07-24,2023-07-09,Initial Signup
3556,102008,Enterprise,236,25.23,5954.28,2023-07-09,,Upgrade
3557,102009,Pro,29,49.0,1421.0,2022-08-28,,Initial Signup
3558,102010,Growth,5,29.0,145.0,2022-09-14,,Initial Signup
3559,102011,Growth,7,29.0,203.0,2022-01-05,2023-01-03,Initial Signup
3560,102011,Growth,8,29.0,232.0,2023-01-03,2023-07-09,Seat Change
3561,102011,Starter,5,15.0,75.0,2023-07-09,,Downgrade
3562,102012,Enterprise,461,43.64,20118.04,2021-04-05,,Initial Signup
3563,102013,Growth,15,29.0,435.0,2023-12-08,2024-09-11,Initial Signup
3564,102013,Starter,5,15.0,75.0,2024-09-11,2024-11-25,Downgrade
3565,102013,Growth,5,29.0,145.0,2024-11-25,,Upgrade
3566,102014,Starter,1,15.0,15.0,2021-03-20,,Initial Signup
3567,102015,Growth,8,29.0,232.0,2022-06-03,,Initial Signup
3568,102016,Starter,3,15.0,45.0,2021-03-18,,Initial Signup
3569,102017,Pro,20,49.0,980.0,2021-04-23,,Initial Signup
3570,102018,Growth,13,29.0,377.0,2021-01-05,2022-09-24,Initial Signup
3571,102018,Growth,14,29.0,406.0,2022-09-24,2023-11-19,Seat Change
3572,102018,Pro,20,49.0,980.0,2023-11-19,,Upgrade
3573,102019,Starter,2,15.0,26.76,2021-09-28,,Initial Signup
3574,102020,Growth,6,29.0,174.0,2022-07-28,,Initial Signup
3575,102021,Starter,1,15.0,15.0,2022-01-09,,Initial Signup
3576,102022,Growth,5,29.0,145.0,2022-08-04,,Initial Signup
3577,102023,Starter,1,15.0,15.0,2022-08-10,2024-05-27,Initial Signup
3578,102023,Starter,1,15.0,15.0,2024-05-27,,Renewal
3579,102024,Growth,8,29.0,232.0,2021-04-08,2024-02-12,Initial Signup
3580,102024,Pro,20,49.0,980.0,2024-02-12,,Upgrade
3581,102025,Growth,7,29.0,203.0,2021-02-08,2023-09-13,Initial Signup
3582,102025,Growth,6,29.0,174.0,2023-09-13,,Seat Change
3583,102026,Pro,65,49.0,3185.0,2022-06-26,,Initial Signup
3584,102027,Starter,1,15.0,15.0,2022-07-05,2022-07-25,Initial Signup
3585,102027,Growth,5,29.0,145.0,2022-07-25,2022-08-10,Upgrade
3586,102027,Growth,7,29.0,203.0,2022-08-10,,Seat Change
3587,102028,Starter,5,15.0,75.0,2022-03-09,,Initial Signup
3588,102029,Starter,1,15.0,15.0,2021-06-23,2022-01-05,Initial Signup
3589,102029,Starter,1,15.0,13.56,2022-01-05,2022-02-27,Renewal
3590,102029,Growth,5,29.0,145.0,2022-02-27,2023-01-20,Upgrade
3591,102029,Starter,5,15.0,75.0,2023-01-20,2024-03-13,Downgrade
3592,102029,Growth,5,29.0,145.0,2024-03-13,,Upgrade
3593,102030,Starter,3,15.0,45.0,2023-03-02,,Initial Signup
3594,102031,Growth,6,29.0,155.41,2021-02-02,2021-05-30,Initial Signup
3595,102031,Growth,6,29.0,174.0,2021-05-30,,Renewal
3596,102032,Starter,5,15.0,75.0,2022-06-09,,Initial Signup
3597,102033,Growth,5,29.0,145.0,2021-03-28,2021-04-23,Initial Signup
3598,102033,Growth,6,29.0,174.0,2021-04-23,2021-05-01,Seat Change
3599,102033,Starter,5,15.0,75.0,2021-05-01,2022-02-09,Downgrade
3600,102033,Growth,5,29.0,145.0,2022-02-09,,Upgrade
3601,102034,Growth,5,29.0,145.0,2022-07-24,2022-08-04,Initial Signup
3602,102034,Growth,5,29.0,145.0,2022-08-04,2022-11-19,Renewal
3603,102034,Starter,5,15.0,70.24,2022-11-19,,Downgrade
3604,102035,Growth,8,29.0,198.19,2021-10-26,2022-08-03,
3605,102035,Growth,6,29.0,174.0,2022-08-03,2023-06-06,Seat Change
3606,102035,Starter,5,15.0,75.0,2023-06-06,,Downgrade
3607,102036,Starter,2,15.0,30.0,2022-10-25,,Initial Signup
3608,102037,Growth,5,29.0,145.0,2021-02-04,2022-03-22,Initial Signup
3609,102037,Starter,5,15.0,75.0,2022-03-22,,Downgrade
3610,102038,Starter,1,15.0,15.0,2022-03-12,,Initial Signup
3611,102039,Enterprise,705,31.06,21897.3,2021-04-15,,Initial Signup
3612,102040,Growth,5,29.0,145.0,2022-08-05,,Initial Signup
3613,102041,Starter,4,15.0,60.0,2021-03-28,,Initial Signup
3614,102042,Pro,100,49.0,4900.0,2021-02-17,,
3615,102043,Growth,5,29.0,145.0,2022-10-24,2023-05-13,Initial Signup
3616,102043,Pro,20,49.0,980.0,2023-05-13,2024-07-12,Upgrade
3617,102043,Growth,20,29.0,580.0,2024-07-12,,Downgrade
3618,102044,Growth,8,29.0,232.0,2021-02-08,,Initial Signup
3619,102045,Starter,1,15.0,15.0,2021-06-21,,Initial Signup
3620,102046,Starter,4,15.0,60.0,2023-04-03,,Initial Signup
3621,102047,Growth,13,29.0,377.0,2023-03-01,2023-03-27,
3622,102047,Growth,13,29.0,377.0,2023-03-27,,Renewal
3623,102048,Growth,5,29.0,145.0,2023-07-18,,Initial Signup
3624,102049,Starter,3,15.0,45.0,2021-08-02,,Initial Signup
3625,102050,Pro,64,49.0,3136.0,2022-02-08,2022-10-08,
3626,102050,Pro,64,49.0,3136.0,2022-10-08,2024-01-07,Renewal
3627,102050,Growth,20,29.0,580.0,2024-01-07,,Downgrade
3628,102051,Pro,25,49.0,1225.0,2022-12-23,2023-03-24,Initial Signup
3629,102051,Pro,23,49.0,1044.27,2023-03-24,2023-10-20,Seat Change
3630,102051,Enterprise,50,33.44,1672.0,2023-10-20,2024-06-11,Upgrade
3631,102051,Enterprise,56,,1919.61,2024-06-11,,Seat Change
3632,102052,Starter,2,15.0,26.68,2021-04-14,,Initial Signup
3633,102053,Pro,56,49.0,2744.0,2022-10-11,2022-10-14,Initial Signup
3634,102053,Growth,20,29.0,580.0,2022-10-14,,Downgrade
3635,102054,Starter,2,15.0,30.0,2021-03-09,2021-06-04,Initial Signup
3636,102054,Growth,5,29.0,145.0,2021-06-04,2023-12-07,Upgrade
3637,102054,Pro,20,49.0,980.0,2023-12-07,,Upgrade
3638,102055,Starter,1,15.0,15.0,2023-12-19,2024-07-28,
3639,102055,Starter,1,15.0,15.0,2024-07-28,2024-09-05,Renewal
3640,102055,Growth,5,29.0,145.0,2024-09-05,2024-09-24,Upgrade
3641,102055,Pro,20,49.0,980.0,2024-09-24,,Upgrade
3642,102056,Starter,4,15.0,60.0,2022-06-27,,Initial Signup
3643,102057,Pro,40,49.0,1960.0,2021-12-21,2023-06-01,Initial Signup
3644,102057,Pro,35,49.0,1715.0,2023-06-01,,Seat Change
3645,102058,Growth,7,29.0,203.0,2021-12-11,,Initial Signup
3646,102059,Growth,7,29.0,203.0,2021-05-12,2024-10-27,Initial Signup
3647,102059,Pro,20,49.0,980.0,2024-10-27,,Upgrade
3648,102060,Growth,13,29.0,377.0,2021-09-03,2021-11-26,Initial Signup
3649,102060,Pro,20,49.0,980.0,2021-11-26,,Upgrade
3650,102061,Growth,11,29.0,319.0,2022-10-05,2022-11-09,Initial Signup
3651,102061,Growth,11,29.0,319.0,2022-11-09,,Renewal
3652,102062,Starter,3,15.0,45.0,2022-02-08,,Initial Signup
3653,102063,Starter,5,15.0,70.21,2022-02-11,,Initial Signup
3654,102064,Growth,5,29.0,145.0,2021-05-28,,Initial Signup
3655,102065,Growth,6,29.0,174.0,2022-09-25,2023-09-24,Initial Signup
3656,102065,Growth,5,29.0,145.0,2023-09-24,,Seat Change
3657,102066,Starter,2,15.0,30.0,2021-10-04,,Initial Signup
3658,102067,Growth,5,29.0,145.0,2021-05-10,2022-08-14,Initial Signup
3659,102067,Starter,5,15.0,75.0,2022-08-14,,Downgrade
3660,102068,Starter,4,15.0,60.0,2024-03-02,,Initial Signup
3661,102069,Growth,15,29.0,435.0,2022-01-02,2024-09-07,Initial Signup
3662,102069,Growth,19,29.0,485.66,2024-09-07,,Seat Change
3663,102070,Starter,1,15.0,15.0,2022-02-11,,Initial Signup
3664,102071,Pro,35,49.0,1661.92,2024-09-27,,Initial Signup
3665,102072,Growth,6,29.0,174.0,2021-09-06,2021-11-05,Initial Signup
3666,102072,Growth,5,29.0,145.0,2021-11-05,,Seat Change
3667,102073,Starter,1,15.0,15.0,2024-03-20,,Initial Signup
3668,102074,Growth,6,29.0,174.0,2022-09-11,,Initial Signup
3669,102075,Starter,2,15.0,30.0,2022-06-16,2022-06-19,Initial Signup
3670,102075,Growth,5,29.0,145.0,2022-06-19,,Upgrade
3671,102076,Starter,1,15.0,15.0,2021-06-25,2021-07-26,Initial Signup
3672,102076,Starter,2,15.0,30.0,2021-07-26,,Seat Change
3673,102077,Pro,70,49.0,3430.0,2021-02-24,,Initial Signup
3674,102078,Growth,11,29.0,319.0,2021-11-24,2022-05-09,Initial Signup
3675,102078,Pro,20,49.0,980.0,2022-05-09,2022-10-27,Upgrade
3676,102078,Pro,20,49.0,980.0,2022-10-27,,Renewal
3677,102079,Growth,17,29.0,493.0,2021-01-12,2021-01-16,Initial Signup
3678,102079,Growth,20,29.0,512.84,2021-01-16,2021-02-02,Seat Change
3679,102079,Pro,20,49.0,850.81,2021-02-02,2021-03-23,Upgrade
3680,102079,Enterprise,50,28.9,1445.0,2021-03-23,2021-04-04,Upgrade
3681,102079,Enterprise,74,28.9,2138.6,2021-04-04,,Seat Change
3682,102080,Growth,5,29.0,145.0,2021-02-02,2021-04-04,Initial Signup
3683,102080,Growth,5,29.0,145.0,2021-04-04,,Renewal
3684,102081,Starter,2,15.0,30.0,2022-05-28,,Initial Signup
3685,102082,Starter,1,15.0,15.0,2022-10-28,2024-02-16,Initial Signup
3686,102082,Starter,2,15.0,30.0,2024-02-16,2024-02-17,Seat Change
3687,102082,Growth,5,29.0,145.0,2024-02-17,2024-04-16,Upgrade
3688,102082,Starter,5,15.0,75.0,2024-04-16,,Downgrade
3689,102083,Starter,4,15.0,60.0,2021-04-25,2023-11-20,Initial Signup
3690,102083,Starter,3,15.0,45.0,2023-11-20,2023-12-09,Seat Change
3691,102083,Starter,3,15.0,45.0,2023-12-09,,Renewal
3692,102084,Starter,1,15.0,15.0,2022-11-14,2023-09-28,Initial Signup
3693,102084,Starter,1,15.0,15.0,2023-09-28,2023-10-13,Renewal
3694,102084,Growth,5,29.0,145.0,2023-10-13,2024-04-06,Upgrade
3695,102084,Pro,20,49.0,980.0,2024-04-06,2024-11-11,Upgrade
3696,102084,Enterprise,55,25.01,1375.55,2024-11-11,,Upgrade
3697,102085,Growth,17,29.0,493.0,2024-04-08,2024-07-21,Initial Signup
3698,102085,Growth,17,29.0,493.0,2024-07-21,2024-08-28,Renewal
3699,102085,Growth,20,29.0,580.0,2024-08-28,,Seat Change
3700,102086,Pro,21,49.0,1029.0,2022-11-05,,Initial Signup
3701,102087,Starter,2,15.0,26.91,2023-01-11,,Initial Signup
3702,102088,Starter,2,15.0,30.0,2022-09-10,2023-08-08,Initial Signup
3703,102088,Starter,1,15.0,15.0,2023-08-08,,Seat Change
3704,102089,Starter,2,15.0,30.0,2021-06-08,2021-08-02,Initial Signup
3705,102089,Starter,3,15.0,45.0,2021-08-02,,Seat Change
3706,102090,Starter,1,15.0,13.24,2021-09-27,,Initial Signup
3707,102091,Growth,6,29.0,174.0,2024-04-19,2024-06-18,Initial Signup
3708,102091,Growth,7,29.0,203.0,2024-06-18,2024-07-23,Seat Change
3709,102091,Pro,20,49.0,980.0,2024-07-23,2024-10-29,Upgrade
3710,102091,Pro,23,49.0,1127.0,2024-10-29,,Seat Change
3711,102092,Starter,2,15.0,30.0,2022-08-07,,Initial Signup
3712,102093,Growth,5,29.0,145.0,2023-01-18,,Initial Signup
3713,102094,Growth,13,29.0,377.0,2024-07-20,2024-12-13,Initial Signup
3714,102094,Growth,13,29.0,377.0,2024-12-13,,Renewal
3715,102095,Enterprise,400,,10681.19,2021-06-15,,Initial Signup
3716,102096,Starter,2,15.0,30.0,2021-08-27,2022-01-02,Initial Signup
3717,102096,Starter,3,15.0,45.0,2022-01-02,,Seat Change
3718,102097,Pro,61,49.0,2989.0,2022-07-28,2023-11-10,Initial Signup
3719,102097,Enterprise,116,34.07,3952.12,2023-11-10,2024-05-30,Upgrade
3720,102097,Enterprise,128,34.07,4360.96,2024-05-30,2024-06-16,Seat Change
3721,102097,Enterprise,140,34.07,4769.8,2024-06-16,,Seat Change
3722,102098,Growth,9,29.0,261.0,2021-01-13,2022-08-16,Initial Signup
3723,102098,Growth,10,29.0,290.0,2022-08-16,2023-08-30,Seat Change
3724,102098,Pro,20,49.0,980.0,2023-08-30,2024-04-23,Upgrade
3725,102098,Enterprise,66,21.46,1416.36,2024-04-23,,Upgrade
3726,102099,Growth,6,29.0,174.0,2022-03-14,,Initial Signup
3727,102100,Starter,2,15.0,30.0,2023-03-07,2023-04-29,Initial Signup
3728,102100,Growth,5,29.0,128.09,2023-04-29,,Upgrade
3729,102101,Starter,1,15.0,14.45,2022-05-22,,Initial Signup
3730,102102,Starter,1,15.0,15.0,2021-08-27,,Initial Signup
3731,102103,Growth,6,29.0,174.0,2022-10-19,,Initial Signup
3732,102104,Growth,5,29.0,145.0,2021-04-06,2022-09-10,Initial Signup
3733,102104,Pro,20,49.0,980.0,2022-09-10,2023-05-26,Upgrade
3734,102104,Pro,20,49.0,980.0,2023-05-26,2023-10-21,Renewal
3735,102104,Pro,21,49.0,1029.0,2023-10-21,,Seat Change
3736,102105,Starter,2,15.0,30.0,2023-10-15,2024-08-11,Initial Signup
3737,102105,Growth,5,29.0,145.0,2024-08-11,2024-09-27,Upgrade
3738,102105,Growth,5,29.0,145.0,2024-09-27,,Renewal
3739,102106,Growth,17,29.0,493.0,2021-03-23,,Initial Signup
3740,102107,Growth,5,29.0,138.67,2023-08-02,,Initial Signup
3741,102108,Starter,2,15.0,30.0,2021-12-17,2022-01-04,Initial Signup
3742,102108,Growth,5,29.0,145.0,2022-01-04,,Upgrade
3743,102109,Growth,20,29.0,580.0,2021-11-19,2022-02-14,Initial Signup
3744,102109,Starter,5,15.0,75.0,2022-02-14,2022-03-03,Downgrade
3745,102109,Starter,5,15.0,75.0,2022-03-03,2022-03-08,Renewal
3746,102109,Growth,5,29.0,145.0,2022-03-08,,Upgrade
3747,102110,Starter,1,15.0,15.0,2022-01-16,,Initial Signup
3748,102111,Pro,47,49.0,2303.0,2021-05-18,,Initial Signup
3749,102112,Pro,20,49.0,980.0,2021-11-26,,Initial Signup
3750,102113,Growth,12,29.0,348.0,2023-06-04,2024-10-14,Initial Signup
3751,102113,Growth,10,29.0,290.0,2024-10-14,,Seat Change
3752,102114,Growth,5,29.0,145.0,2023-02-16,,Initial Signup
3753,102115,Pro,51,49.0,2499.0,2021-04-23,,Initial Signup
3754,102116,Growth,15,29.0,435.0,2022-08-24,,Initial Signup
3755,102117,Growth,6,29.0,174.0,2023-07-14,2024-07-22,Initial Signup
3756,102117,Starter,5,15.0,75.0,2024-07-22,,Downgrade
3757,102118,Growth,5,29.0,145.0,2023-04-28,,Initial Signup
3758,102119,Starter,5,15.0,68.51,2021-11-10,,Initial Signup
3759,102120,Starter,1,15.0,15.0,2021-01-13,2021-01-16,Initial Signup
3760,102120,Starter,2,15.0,30.0,2021-01-16,,Seat Change
3761,102121,Growth,10,29.0,290.0,2024-01-24,,Initial Signup
3762,102122,Growth,16,29.0,425.7,2021-10-13,,
3763,102123,Enterprise,304,22.45,5846.42,2021-09-10,2022-12-15,Initial Signup
3764,102123,Enterprise,398,22.45,8935.1,2022-12-15,,Seat Change
3765,102124,Starter,1,15.0,15.0,2022-12-16,,Initial Signup
3766,102125,Starter,1,15.0,15.0,2021-07-18,2022-06-04,Initial Signup
3767,102125,Starter,2,15.0,30.0,2022-06-04,,Seat Change
3768,102126,Growth,16,29.0,464.0,2023-05-28,,Initial Signup
3769,102127,Starter,1,15.0,15.0,2021-02-18,,Initial Signup
3770,102128,Growth,5,29.0,145.0,2022-11-06,2024-08-12,Initial Signup
3771,102128,Pro,20,49.0,980.0,2024-08-12,,Upgrade
3772,102129,Growth,6,29.0,174.0,2024-07-02,,Initial Signup
3773,102130,Growth,7,29.0,203.0,2024-12-28,,Initial Signup
3774,102131,Starter,2,15.0,27.66,2023-12-12,,Initial Signup
3775,102132,Growth,6,29.0,174.0,2023-08-06,2024-01-08,Initial Signup
3776,102132,Growth,7,29.0,178.99,2024-01-08,,Seat Change
3777,102133,Pro,37,49.0,1813.0,2021-07-07,2022-12-31,Initial Signup
3778,102133,Pro,40,49.0,1960.0,2022-12-31,2023-03-19,Seat Change
3779,102133,Pro,40,49.0,1960.0,2023-03-19,,Renewal
3780,102134,Starter,1,15.0,13.5,2024-07-03,,Initial Signup
3781,102135,Starter,2,15.0,30.0,2024-01-06,,Initial Signup
3782,102136,Growth,16,29.0,464.0,2022-02-22,2022-03-20,Initial Signup
3783,102136,Growth,15,29.0,435.0,2022-03-20,,Seat Change
3784,102137,Starter,1,15.0,15.0,2021-10-19,2024-03-21,Initial Signup
3785,102137,Growth,5,29.0,145.0,2024-03-21,,Upgrade
3786,102138,Starter,1,15.0,15.0,2021-03-17,2022-04-26,Initial Signup
3787,102138,Growth,5,29.0,123.41,2022-04-26,2024-09-06,Upgrade
3788,102138,Growth,6,29.0,174.0,2024-09-06,,Seat Change
3789,102139,Pro,21,49.0,1029.0,2022-04-01,2022-04-29,Initial Signup
3790,102139,Pro,21,49.0,1029.0,2022-04-29,2022-09-17,Renewal
3791,102139,Pro,21,49.0,996.76,2022-09-17,,Renewal
3792,102140,Growth,16,29.0,464.0,2022-09-19,2023-08-24,Initial Signup
3793,102140,Pro,20,49.0,980.0,2023-08-24,,Upgrade
3794,102141,Starter,1,15.0,15.0,2021-10-28,,Initial Signup
3795,102142,Starter,2,15.0,30.0,2021-10-26,,Initial Signup
3796,102143,Growth,8,29.0,232.0,2022-04-12,,Initial Signup
3797,102144,Starter,3,15.0,45.0,2021-01-17,,Initial Signup
3798,102145,Growth,7,29.0,203.0,2024-06-09,,Initial Signup
3799,102146,Starter,2,15.0,30.0,2021-07-25,2022-01-27,Initial Signup
3800,102146,Growth,5,29.0,145.0,2022-01-27,2022-02-07,Upgrade
3801,102146,Growth,7,29.0,203.0,2022-02-07,2022-05-13,Seat Change
3802,102146,Starter,5,15.0,75.0,2022-05-13,,Downgrade
3803,102147,Growth,6,29.0,174.0,2021-04-26,,Initial Signup
3804,102148,Growth,9,29.0,251.8,2021-01-07,,Initial Signup
3805,102149,Starter,2,15.0,30.0,2023-07-14,,Initial Signup
3806,102150,Growth,5,29.0,145.0,2023-08-07,2024-11-03,Initial Signup
3807,102150,Pro,20,49.0,980.0,2024-11-03,,Upgrade
3808,102151,Starter,1,15.0,15.0,2021-03-18,2021-11-30,Initial Signup
3809,102151,Growth,5,29.0,145.0,2021-11-30,2022-10-25,Upgrade
3810,102151,Growth,7,29.0,203.0,2022-10-25,,Seat Change
3811,102152,Growth,5,29.0,145.0,2021-04-09,2024-05-06,Initial Signup
3812,102152,Growth,5,29.0,145.0,2024-05-06,,Renewal
3813,102153,Starter,1,15.0,15.0,2021-11-20,,Initial Signup
3814,102154,Pro,41,49.0,2009.0,2021-05-28,2021-07-21,Initial Signup
3815,102154,Pro,46,49.0,1926.0,2021-07-21,,Seat Change
3816,102155,Starter,2,15.0,30.0,2022-11-25,,Initial Signup
3817,102156,Starter,2,15.0,29.08,2021-02-06,,Initial Signup
3818,102157,Starter,5,15.0,75.0,2022-02-04,2022-03-08,Initial Signup
3819,102157,Starter,4,15.0,60.0,2022-03-08,2024-01-18,Seat Change
3820,102157,Starter,4,15.0,60.0,2024-01-18,2024-03-25,Renewal
3821,102157,Starter,3,15.0,45.0,2024-03-25,2024-04-01,
3822,102157,Growth,5,29.0,145.0,2024-04-01,,Upgrade
3823,102158,Growth,13,29.0,377.0,2021-10-23,2023-10-15,Initial Signup
3824,102158,Growth,13,29.0,377.0,2023-10-15,2024-10-30,Renewal
3825,102158,Growth,14,29.0,406.0,2024-10-30,,Seat Change
3826,102159,Starter,1,15.0,15.0,2021-12-03,2022-04-03,Initial Signup
3827,102159,Starter,2,15.0,30.0,2022-04-03,,Seat Change
3828,102160,Starter,3,15.0,45.0,2021-11-12,,Initial Signup
3829,102161,Starter,1,15.0,15.0,2021-04-28,,
3830,102162,Growth,5,29.0,145.0,2021-06-13,2024-09-08,Initial Signup
3831,102162,Starter,5,15.0,75.0,2024-09-08,,Downgrade
3832,102163,Starter,4,15.0,60.0,2021-02-01,2023-08-10,Initial Signup
3833,102163,Starter,5,15.0,75.0,2023-08-10,,
3834,102164,Starter,4,15.0,60.0,2021-03-28,,Initial Signup
3835,102165,Starter,3,15.0,45.0,2024-09-20,,Initial Signup
3836,102166,Growth,7,29.0,203.0,2021-07-10,,Initial Signup
3837,102167,Pro,25,49.0,1225.0,2021-08-18,,Initial Signup
3838,102168,Pro,20,49.0,980.0,2021-03-18,,Initial Signup
3839,102169,Growth,5,29.0,145.0,2022-12-16,,Initial Signup
3840,102170,Pro,41,49.0,2009.0,2023-12-27,,Initial Signup
3841,102171,Growth,9,29.0,261.0,2023-01-23,2023-06-03,Initial Signup
3842,102171,Growth,9,29.0,261.0,2023-06-03,,Renewal
3843,102172,Pro,20,49.0,980.0,2022-05-08,,Initial Signup
3844,102173,Growth,11,29.0,282.75,2023-03-28,,Initial Signup
3845,102174,Starter,3,15.0,45.0,2021-10-27,2021-10-30,Initial Signup
3846,102174,Starter,4,15.0,60.0,2021-10-30,2022-01-01,Seat Change
3847,102174,Starter,5,15.0,68.84,2022-01-01,2022-03-20,Seat Change
3848,102174,Growth,5,29.0,145.0,2022-03-20,2022-06-23,Upgrade
3849,102174,Pro,20,49.0,980.0,2022-06-23,,Upgrade
3850,102175,Enterprise,138,22.07,3045.66,2023-07-02,,Initial Signup
3851,102176,Growth,5,29.0,145.0,2023-02-09,,Initial Signup
3852,102177,Pro,24,49.0,1176.0,2021-01-18,,Initial Signup
3853,102178,Pro,99,49.0,4851.0,2021-12-25,2022-01-21,Initial Signup
3854,102178,Pro,100,49.0,4900.0,2022-01-21,2022-10-28,Seat Change
3855,102178,Growth,20,29.0,580.0,2022-10-28,,Downgrade
3856,102179,Starter,1,15.0,15.0,2021-07-21,2021-08-08,Initial Signup
3857,102179,Starter,2,15.0,30.0,2021-08-08,,Seat Change
3858,102180,Enterprise,585,25.78,15081.3,2021-02-17,2021-04-04,Initial Signup
3859,102180,Pro,100,49.0,4900.0,2021-04-04,,Downgrade
3860,102181,Growth,5,29.0,125.2,2023-06-09,2024-04-12,Initial Signup
3861,102181,Growth,6,29.0,174.0,2024-04-12,2024-11-02,Seat Change
3862,102181,Pro,20,49.0,980.0,2024-11-02,,Upgrade
3863,102182,Pro,62,49.0,3038.0,2021-01-03,2021-01-25,Initial Signup
3864,102182,Enterprise,163,33.27,5423.01,2021-01-25,,Upgrade
3865,102183,Pro,44,49.0,2156.0,2022-10-26,2024-12-07,Initial Signup
3866,102183,Pro,44,49.0,1882.44,2024-12-07,,Renewal
3867,102184,Enterprise,239,44.91,10733.49,2024-11-15,,Initial Signup
3868,102185,Starter,2,15.0,27.67,2021-12-13,2022-05-03,Initial Signup
3869,102185,Starter,3,15.0,45.0,2022-05-03,,Seat Change
3870,102186,Growth,11,29.0,319.0,2021-09-28,2021-11-14,Initial Signup
3871,102186,Starter,5,15.0,75.0,2021-11-14,2021-11-24,Downgrade
3872,102186,Starter,4,15.0,60.0,2021-11-24,,Seat Change
3873,102187,Growth,8,29.0,232.0,2022-05-05,,Initial Signup
3874,102188,Starter,1,15.0,15.0,2023-03-08,2024-10-01,Initial Signup
3875,102188,Starter,2,15.0,30.0,2024-10-01,,Seat Change
3876,102189,Pro,20,49.0,980.0,2021-06-24,,Initial Signup
3877,102190,Growth,18,29.0,522.0,2021-06-08,2022-03-01,Initial Signup
3878,102190,Growth,18,29.0,522.0,2022-03-01,,Renewal
3879,102191,Starter,3,15.0,45.0,2022-05-27,,Initial Signup
3880,102192,Starter,2,15.0,30.0,2024-03-25,2024-10-10,Initial Signup
3881,102192,Starter,2,15.0,30.0,2024-10-10,,Renewal
3882,102193,Growth,7,29.0,203.0,2021-08-03,2021-08-15,Initial Signup
3883,102193,Growth,8,29.0,232.0,2021-08-15,2021-11-02,Seat Change
3884,102193,Growth,8,29.0,232.0,2021-11-02,2022-03-07,Renewal
3885,102193,Growth,8,29.0,232.0,2022-03-07,,Renewal
3886,102194,Growth,12,29.0,348.0,2021-09-13,2022-08-10,Initial Signup
3887,102194,Growth,15,29.0,435.0,2022-08-10,2022-11-10,Seat Change
3888,102194,Pro,20,49.0,980.0,2022-11-10,,Upgrade
3889,102195,Starter,2,15.0,30.0,2024-11-22,,Initial Signup
3890,102196,Starter,3,15.0,45.0,2021-05-14,,Initial Signup
3891,102197,Growth,10,29.0,290.0,2021-02-07,,Initial Signup
3892,102198,Growth,6,29.0,174.0,2022-04-02,,Initial Signup
3893,102199,Growth,8,29.0,232.0,2021-01-01,,Initial Signup
3894,102200,Starter,2,15.0,30.0,2021-05-05,2023-10-10,Initial Signup
3895,102200,Starter,2,15.0,30.0,2023-10-10,,Renewal
3896,102201,Starter,4,15.0,60.0,2022-06-08,2023-06-09,Initial Signup
3897,102201,Growth,5,29.0,145.0,2023-06-09,,Upgrade
3898,102202,Growth,17,29.0,493.0,2022-07-09,2022-07-10,Initial Signup
3899,102202,Growth,17,29.0,493.0,2022-07-10,2022-11-25,Renewal
3900,102202,Growth,15,29.0,435.0,2022-11-25,,Seat Change
3901,102203,Starter,1,15.0,15.0,2022-01-24,,Initial Signup
3902,102204,Growth,16,29.0,436.03,2021-10-15,2022-12-14,Initial Signup
3903,102204,Pro,20,49.0,980.0,2022-12-14,,
3904,102205,Growth,5,29.0,145.0,2022-04-04,,Initial Signup
3905,102206,Starter,3,15.0,45.0,2022-07-03,2022-11-05,Initial Signup
3906,102206,Starter,4,15.0,60.0,2022-11-05,2023-05-22,Seat Change
3907,102206,Starter,5,15.0,75.0,2023-05-22,2024-10-27,Seat Change
3908,102206,Growth,5,29.0,145.0,2024-10-27,,Upgrade
3909,102207,Pro,25,49.0,1225.0,2023-03-04,,Initial Signup
3910,102208,Starter,2,15.0,30.0,2023-02-09,2023-05-07,Initial Signup
3911,102208,Growth,5,29.0,145.0,2023-05-07,2024-01-16,Upgrade
3912,102208,Pro,20,49.0,887.43,2024-01-16,,Upgrade
3913,102209,Pro,93,49.0,4557.0,2022-08-21,2022-08-25,Initial Signup
3914,102209,Enterprise,308,27.37,8429.96,2022-08-25,,Upgrade
3915,102210,Starter,2,15.0,30.0,2023-10-02,2024-10-01,Initial Signup
3916,102210,Starter,2,15.0,30.0,2024-10-01,,Renewal
3917,102211,Pro,29,49.0,1421.0,2023-05-12,2023-06-25,Initial Signup
3918,102211,Pro,29,49.0,1421.0,2023-06-25,,Renewal
3919,102212,Growth,6,29.0,174.0,2021-04-13,2021-04-22,Initial Signup
3920,102212,Growth,6,29.0,174.0,2021-04-22,,Renewal
3921,102213,Starter,2,15.0,30.0,2024-05-05,2024-05-06,Initial Signup
3922,102213,Starter,3,15.0,45.0,2024-05-06,,Seat Change
3923,102214,Growth,14,29.0,406.0,2023-10-02,,Initial Signup
3924,102215,Starter,1,15.0,15.0,2021-08-07,,Initial Signup
3925,102216,Starter,3,15.0,45.0,2021-01-05,,Initial Signup
3926,102217,Growth,6,29.0,174.0,2022-05-23,2023-01-01,Initial Signup
3927,102217,Pro,20,49.0,980.0,2023-01-01,2023-06-17,Upgrade
3928,102217,Pro,20,49.0,980.0,2023-06-17,2023-06-18,Renewal
3929,102217,Pro,20,49.0,980.0,2023-06-18,2024-09-17,Renewal
3930,102217,Pro,20,49.0,980.0,2024-09-17,,Renewal
3931,102218,Growth,5,29.0,139.33,2021-11-26,2024-05-02,Initial Signup
3932,102218,Starter,5,15.0,67.38,2024-05-02,,Downgrade
3933,102219,Starter,3,15.0,42.15,2022-11-18,2023-07-10,Initial Signup
3934,102219,Starter,2,15.0,26.71,2023-07-10,2024-03-24,Seat Change
3935,102219,Growth,5,29.0,145.0,2024-03-24,2024-11-13,Upgrade
3936,102219,Growth,7,29.0,203.0,2024-11-13,2024-11-18,Seat Change
3937,102219,Growth,8,29.0,232.0,2024-11-18,,Seat Change
3938,102220,Growth,20,29.0,580.0,2022-01-22,2022-01-27,Initial Signup
3939,102220,Starter,5,15.0,75.0,2022-01-27,2022-05-31,Downgrade
3940,102220,Growth,5,29.0,136.25,2022-05-31,,Upgrade
3941,102221,Starter,1,15.0,13.32,2021-02-22,2022-04-25,Initial Signup
3942,102221,Starter,2,15.0,30.0,2022-04-25,2022-06-05,Seat Change
3943,102221,Starter,2,15.0,30.0,2022-06-05,2024-12-08,Renewal
3944,102221,Starter,1,15.0,15.0,2024-12-08,,Seat Change
3945,102222,Enterprise,504,40.22,20270.88,2021-06-25,,Initial Signup
3946,102223,Starter,2,15.0,30.0,2023-09-03,,Initial Signup
3947,102224,Growth,17,29.0,493.0,2021-01-28,,Initial Signup
3948,102225,Starter,1,15.0,15.0,2022-11-13,2024-02-23,Initial Signup
3949,102225,Starter,2,15.0,30.0,2024-02-23,,Seat Change
3950,102226,Starter,1,15.0,15.0,2021-07-16,2023-11-11,Initial Signup
3951,102226,Starter,2,15.0,30.0,2023-11-11,2024-12-17,Seat Change
3952,102226,Growth,5,29.0,145.0,2024-12-17,,Upgrade
3953,102227,Starter,1,15.0,14.33,2021-11-23,,Initial Signup
3954,102228,Starter,1,15.0,15.0,2022-02-14,,
3955,102229,Starter,2,15.0,30.0,2021-06-08,2023-02-05,Initial Signup
3956,102229,Growth,5,29.0,145.0,2023-02-05,,Upgrade
3957,102230,Growth,6,29.0,174.0,2022-07-01,,Initial Signup
3958,102231,Growth,15,29.0,435.0,2022-09-05,,Initial Signup
3959,102232,Pro,85,49.0,4165.0,2021-02-03,2021-09-16,Initial Signup
3960,102232,Growth,20,29.0,580.0,2021-09-16,2023-05-22,Downgrade
3961,102232,Growth,15,29.0,435.0,2023-05-22,2024-11-16,Seat Change
3962,102232,Growth,12,29.0,348.0,2024-11-16,,Seat Change
3963,102233,Starter,1,15.0,15.0,2021-09-11,2021-10-09,Initial Signup
3964,102233,Growth,5,29.0,128.99,2021-10-09,2023-08-05,Upgrade
3965,102233,Growth,6,29.0,174.0,2023-08-05,2024-05-17,Seat Change
3966,102233,Starter,5,15.0,75.0,2024-05-17,,Downgrade
3967,102234,Starter,2,15.0,30.0,2022-11-22,,Initial Signup
3968,102235,Starter,4,15.0,60.0,2022-10-10,2023-06-23,Initial Signup
3969,102235,Starter,3,15.0,45.0,2023-06-23,,Seat Change
3970,102236,Pro,23,49.0,1127.0,2022-02-17,,Initial Signup
3971,102237,Pro,38,49.0,1862.0,2023-01-06,,Initial Signup
3972,102238,Starter,2,15.0,30.0,2021-03-17,,Initial Signup
3973,102239,Enterprise,593,39.48,23411.64,2021-03-27,,Initial Signup
3974,102240,Growth,5,29.0,145.0,2022-07-09,,Initial Signup
3975,102241,Pro,90,49.0,4410.0,2022-09-14,2024-02-11,Initial Signup
3976,102241,Pro,79,49.0,3871.0,2024-02-11,2024-04-26,Seat Change
3977,102241,Growth,20,29.0,580.0,2024-04-26,2024-06-25,Downgrade
3978,102241,Pro,20,49.0,980.0,2024-06-25,,Upgrade
3979,102242,Pro,89,49.0,4361.0,2023-04-27,2024-07-15,Initial Signup
3980,102242,Growth,20,29.0,519.58,2024-07-15,,Downgrade
3981,102243,Starter,1,15.0,15.0,2021-05-18,,Initial Signup
3982,102244,Growth,18,29.0,522.0,2022-01-12,2022-03-28,Initial Signup
3983,102244,Growth,17,29.0,493.0,2022-03-28,,Seat Change
3984,102245,Starter,1,15.0,15.0,2022-08-04,2024-07-25,Initial Signup
3985,102245,Starter,2,15.0,30.0,2024-07-25,,Seat Change
3986,102246,Starter,4,15.0,60.0,2021-06-27,2023-04-26,Initial Signup
3987,102246,Starter,3,15.0,45.0,2023-04-26,,Seat Change
3988,102247,Starter,1,15.0,15.0,2022-01-18,,Initial Signup
3989,102248,Pro,57,49.0,2793.0,2022-06-02,,Initial Signup
3990,102249,Starter,1,15.0,15.0,2021-06-16,2021-07-24,Initial Signup
3991,102249,Starter,2,15.0,30.0,2021-07-24,,Seat Change
3992,102250,Growth,8,29.0,232.0,2021-09-28,2021-10-12,Initial Signup
3993,102250,Growth,8,29.0,232.0,2021-10-12,2021-11-24,Renewal
3994,102250,Pro,20,49.0,980.0,2021-11-24,,Upgrade
3995,102251,Starter,2,15.0,30.0,2021-06-27,,Initial Signup
3996,102252,Starter,3,15.0,45.0,2023-11-06,,Initial Signup
3997,102253,Growth,5,29.0,145.0,2021-06-12,,Initial Signup
3998,102254,Starter,1,15.0,15.0,2021-03-28,,Initial Signup
3999,102255,Starter,2,15.0,30.0,2021-01-22,,Initial Signup
4000,102256,Starter,1,15.0,15.0,2021-01-16,,Initial Signup
4001,102257,Growth,15,29.0,409.0,2021-05-09,,Initial Signup
4002,102258,Growth,6,29.0,174.0,2022-05-22,,Initial Signup
4003,102259,Starter,1,15.0,15.0,2021-01-17,2021-01-18,Initial Signup
4004,102259,Starter,2,15.0,30.0,2021-01-18,2021-08-02,
4005,102259,Starter,2,15.0,30.0,2021-08-02,,Renewal
4006,102260,Starter,2,15.0,30.0,2021-07-15,2023-02-09,Initial Signup
4007,102260,Starter,2,15.0,30.0,2023-02-09,,Renewal
4008,102261,Growth,6,29.0,174.0,2021-02-26,,Initial Signup
4009,102262,Growth,11,29.0,319.0,2021-10-11,,Initial Signup
4010,102263,Pro,98,49.0,4266.82,2021-01-18,2023-01-23,Initial Signup
4011,102263,Pro,98,49.0,4802.0,2023-01-23,2024-06-16,Renewal
4012,102263,Enterprise,142,40.82,5796.44,2024-06-16,,Upgrade
4013,102264,Starter,2,15.0,30.0,2022-05-02,,Initial Signup
4014,102265,Starter,3,15.0,45.0,2022-09-20,2022-09-24,Initial Signup
4015,102265,Growth,5,29.0,145.0,2022-09-24,,Upgrade
4016,102266,Starter,4,15.0,60.0,2022-11-16,,Initial Signup
4017,102267,Growth,6,29.0,160.11,2021-06-25,,
4018,102268,Growth,5,29.0,145.0,2023-08-10,,Initial Signup
4019,102269,Starter,5,15.0,75.0,2022-09-26,,Initial Signup
4020,102270,Starter,2,15.0,30.0,2021-02-17,,Initial Signup
4021,102271,Starter,1,15.0,15.0,2021-11-06,,Initial Signup
4022,102272,Starter,1,15.0,15.0,2022-12-05,2024-06-10,Initial Signup
4023,102272,Starter,2,15.0,30.0,2024-06-10,,Seat Change
4024,102273,Growth,15,29.0,435.0,2021-08-06,2022-10-11,Initial Signup
4025,102273,Growth,14,29.0,392.73,2022-10-11,,
4026,102274,Growth,6,29.0,174.0,2021-10-09,2023-06-20,Initial Signup
4027,102274,Pro,20,49.0,908.25,2023-06-20,,Upgrade
4028,102275,Starter,3,15.0,45.0,2022-06-16,2022-06-27,Initial Signup
4029,102275,Growth,5,29.0,145.0,2022-06-27,2022-12-19,Upgrade
4030,102275,Pro,20,49.0,980.0,2022-12-19,,Upgrade
4031,102276,Starter,2,15.0,30.0,2021-02-25,,Initial Signup
4032,102277,Starter,1,15.0,15.0,2024-07-28,2024-08-15,Initial Signup
4033,102277,Starter,2,15.0,30.0,2024-08-15,,Seat Change
4034,102278,Starter,4,15.0,60.0,2021-05-19,2023-05-09,Initial Signup
4035,102278,Starter,5,15.0,75.0,2023-05-09,,Seat Change
4036,102279,Growth,11,29.0,319.0,2021-01-14,2021-01-25,Initial Signup
4037,102279,Growth,12,29.0,348.0,2021-01-25,2021-05-27,Seat Change
4038,102279,Pro,20,49.0,980.0,2021-05-27,2021-07-17,Upgrade
4039,102279,Pro,20,49.0,980.0,2021-07-17,2024-05-06,Renewal
4040,102279,Enterprise,50,39.2,1960.0,2024-05-06,,Upgrade
4041,102280,Starter,3,15.0,45.0,2021-01-18,,Initial Signup
4042,102281,Starter,1,15.0,15.0,2021-10-10,2023-11-24,Initial Signup
4043,102281,Starter,1,15.0,15.0,2023-11-24,2024-01-09,Renewal
4044,102281,Growth,5,29.0,145.0,2024-01-09,2024-04-19,Upgrade
4045,102281,Growth,5,29.0,145.0,2024-04-19,2024-05-20,Renewal
4046,102281,Growth,5,29.0,145.0,2024-05-20,,Renewal
4047,102282,Growth,7,29.0,203.0,2023-09-07,2024-09-16,Initial Signup
4048,102282,Growth,7,29.0,203.0,2024-09-16,,Renewal
4049,102283,Growth,13,29.0,377.0,2023-04-16,2023-07-23,Initial Signup
4050,102283,Growth,14,29.0,406.0,2023-07-23,2024-06-07,Seat Change
4051,102283,Pro,20,49.0,942.72,2024-06-07,,Upgrade
4052,102284,Growth,7,29.0,203.0,2023-11-24,2024-05-09,Initial Signup
4053,102284,Growth,7,29.0,203.0,2024-05-09,2024-05-24,Renewal
4054,102284,Growth,7,29.0,203.0,2024-05-24,,Renewal
4055,102285,Growth,15,29.0,435.0,2022-02-02,,Initial Signup
4056,102286,Starter,2,15.0,30.0,2021-11-04,,Initial Signup
4057,102287,Growth,9,29.0,261.0,2021-10-05,,Initial Signup
4058,102288,Growth,8,29.0,232.0,2021-01-06,,Initial Signup
4059,102289,Growth,9,29.0,261.0,2023-11-05,2024-01-05,Initial Signup
4060,102289,Growth,9,29.0,261.0,2024-01-05,2024-07-14,Renewal
4061,102289,Starter,5,15.0,75.0,2024-07-14,,Downgrade
4062,102290,Starter,2,15.0,30.0,2021-12-04,2022-01-01,Initial Signup
4063,102290,Growth,5,29.0,145.0,2022-01-01,2024-08-29,Upgrade
4064,102290,Starter,5,15.0,75.0,2024-08-29,,Downgrade
4065,102291,Starter,1,15.0,15.0,2021-11-01,2023-07-11,Initial Signup
4066,102291,Starter,1,15.0,15.0,2023-07-11,,Renewal
4067,102292,Starter,3,15.0,43.46,2022-01-10,,Initial Signup
4068,102293,Starter,1,15.0,15.0,2023-02-21,2023-07-02,Initial Signup
4069,102293,Growth,5,29.0,145.0,2023-07-02,,Upgrade
4070,102294,Pro,27,49.0,1323.0,2021-06-05,2022-04-02,Initial Signup
4071,102294,Pro,25,49.0,1225.0,2022-04-02,2023-08-15,Seat Change
4072,102294,Growth,20,29.0,580.0,2023-08-15,,Downgrade
4073,102295,Growth,6,29.0,174.0,2022-10-10,,Initial Signup
4074,102296,Growth,6,29.0,157.1,2022-10-28,,Initial Signup
4075,102297,Growth,16,29.0,421.8,2023-06-05,2023-06-14,Initial Signup
4076,102297,Starter,5,15.0,75.0,2023-06-14,,Downgrade
4077,102298,Pro,34,49.0,1666.0,2021-01-28,2022-01-06,Initial Signup
4078,102298,Pro,33,49.0,1617.0,2022-01-06,,Seat Change
4079,102299,Pro,30,49.0,1470.0,2021-04-15,,Initial Signup
4080,102300,Pro,72,49.0,3528.0,2021-12-21,2022-08-30,Initial Signup
4081,102300,Pro,72,49.0,3528.0,2022-08-30,2022-12-03,Renewal
4082,102300,Pro,58,49.0,2635.68,2022-12-03,2023-06-12,Seat Change
4083,102300,Enterprise,124,33.4,4141.6,2023-06-12,2023-06-22,
4084,102300,Pro,58,49.0,2842.0,2023-06-22,,Downgrade
4085,102301,Growth,5,29.0,145.0,2023-06-10,2023-12-09,Initial Signup
4086,102301,Growth,5,29.0,145.0,2023-12-09,2024-02-19,Renewal
4087,102301,Pro,20,49.0,980.0,2024-02-19,,Upgrade
4088,102302,Starter,1,15.0,15.0,2024-07-10,,Initial Signup
4089,102303,Growth,6,29.0,174.0,2022-05-12,,Initial Signup
4090,102304,Growth,18,29.0,522.0,2021-06-04,2023-05-16,Initial Signup
4091,102304,Pro,20,49.0,980.0,2023-05-16,,Upgrade
4092,102305,Starter,1,15.0,15.0,2021-05-09,,Initial Signup
4093,102306,Pro,62,49.0,3038.0,2022-07-26,,Initial Signup
4094,102307,Growth,11,29.0,319.0,2021-05-01,2022-02-08,Initial Signup
4095,102307,Pro,20,49.0,980.0,2022-02-08,,Upgrade
4096,102308,Starter,5,15.0,75.0,2022-03-17,,Initial Signup
4097,102309,Starter,3,15.0,45.0,2023-05-20,,Initial Signup
4098,102310,Starter,1,15.0,15.0,2021-10-04,2022-04-11,Initial Signup
4099,102310,Starter,1,15.0,15.0,2022-04-11,,Renewal
4100,102311,Pro,47,49.0,2303.0,2021-09-04,2022-01-02,Initial Signup
4101,102311,Pro,47,49.0,2303.0,2022-01-02,2022-03-25,Renewal
4102,102311,Growth,20,29.0,580.0,2022-03-25,,Downgrade
4103,102312,Growth,20,29.0,580.0,2021-01-16,,Initial Signup
4104,102313,Growth,18,29.0,522.0,2021-07-07,2022-11-05,Initial Signup
4105,102313,Growth,18,29.0,522.0,2022-11-05,2023-04-13,Renewal
4106,102313,Growth,14,29.0,406.0,2023-04-13,2024-01-05,Seat Change
4107,102313,Starter,5,15.0,75.0,2024-01-05,,Downgrade
4108,102314,Starter,1,15.0,13.27,2022-09-28,,Initial Signup
4109,102315,Starter,2,15.0,30.0,2021-09-06,2023-09-23,Initial Signup
4110,102315,Starter,3,15.0,45.0,2023-09-23,,Seat Change
4111,102316,Growth,8,29.0,203.85,2021-04-04,,Initial Signup
4112,102317,Growth,5,29.0,145.0,2021-03-10,,Initial Signup
4113,102318,Growth,5,29.0,145.0,2021-03-10,,Initial Signup
4114,102319,Growth,5,29.0,145.0,2022-07-05,2022-10-17,Initial Signup
4115,102319,Growth,5,29.0,145.0,2022-10-17,,Renewal
4116,102320,Starter,5,15.0,75.0,2022-05-19,,Initial Signup
4117,102321,Starter,2,15.0,30.0,2022-01-10,,Initial Signup
4118,102322,Pro,47,49.0,2303.0,2022-01-15,,Initial Signup
4119,102323,Growth,6,29.0,174.0,2021-04-07,2021-07-16,Initial Signup
4120,102323,Growth,6,29.0,174.0,2021-07-16,2021-07-19,Renewal
4121,102323,Growth,7,29.0,203.0,2021-07-19,2021-12-08,Seat Change
4122,102323,Pro,20,49.0,980.0,2021-12-08,,Upgrade
4123,102324,Starter,1,15.0,13.5,2022-01-03,,Initial Signup
4124,102325,Growth,5,29.0,145.0,2021-02-02,2024-01-19,Initial Signup
4125,102325,Growth,7,29.0,194.17,2024-01-19,2024-11-11,Seat Change
4126,102325,Growth,6,29.0,174.0,2024-11-11,,Seat Change
4127,102326,Starter,1,15.0,15.0,2024-01-02,2024-03-31,Initial Signup
4128,102326,Growth,5,29.0,145.0,2024-03-31,,Upgrade
4129,102327,Growth,8,29.0,232.0,2021-02-25,2021-04-17,Initial Signup
4130,102327,Growth,8,29.0,232.0,2021-04-17,,Renewal
4131,102328,Starter,2,15.0,30.0,2021-11-08,,Initial Signup
4132,102329,Starter,1,15.0,13.64,2021-01-09,,Initial Signup
4133,102330,Pro,34,49.0,1666.0,2023-01-17,,Initial Signup
4134,102331,Growth,11,29.0,319.0,2021-04-03,,Initial Signup
4135,102332,Pro,24,49.0,1176.0,2023-12-17,,Initial Signup
4136,102333,Starter,1,15.0,15.0,2021-01-15,2023-02-21,Initial Signup
4137,102333,Starter,2,15.0,30.0,2023-02-21,,Seat Change
4138,102334,Growth,5,29.0,145.0,2023-04-23,,Initial Signup
4139,102335,Starter,2,15.0,30.0,2022-07-04,2024-03-06,Initial Signup
4140,102335,Growth,5,29.0,145.0,2024-03-06,,Upgrade
4141,102336,Growth,15,29.0,435.0,2021-06-01,2023-11-10,Initial Signup
4142,102336,Pro,20,49.0,899.26,2023-11-10,2024-10-27,Upgrade
4143,102336,Pro,26,49.0,1274.0,2024-10-27,,Seat Change
4144,102337,Growth,6,29.0,174.0,2021-05-22,,Initial Signup
4145,102338,Pro,46,49.0,2254.0,2021-09-11,2021-09-30,Initial Signup
4146,102338,Pro,35,49.0,1715.0,2021-09-30,,Seat Change
4147,102339,Growth,10,29.0,290.0,2023-05-02,,Initial Signup
4148,102340,Starter,2,15.0,30.0,2023-07-16,2024-08-06,Initial Signup
4149,102340,Growth,5,29.0,145.0,2024-08-06,,Upgrade
4150,102341,Starter,3,15.0,45.0,2021-05-14,,Initial Signup
4151,102342,Starter,1,15.0,14.2,2021-09-27,,Initial Signup
4152,102343,Starter,3,15.0,45.0,2021-06-27,,Initial Signup
4153,102344,Growth,6,29.0,174.0,2021-03-16,2021-07-04,Initial Signup
4154,102344,Pro,20,49.0,980.0,2021-07-04,2021-11-28,Upgrade
4155,102344,Pro,22,49.0,1078.0,2021-11-28,,Seat Change
4156,102345,Growth,5,29.0,145.0,2022-07-05,,Initial Signup
4157,102346,Starter,1,15.0,15.0,2021-09-21,,Initial Signup
4158,102347,Growth,6,29.0,174.0,2021-06-06,2023-02-02,Initial Signup
4159,102347,Pro,20,49.0,980.0,2023-02-02,2024-06-23,Upgrade
4160,102347,Pro,27,49.0,1323.0,2024-06-23,,Seat Change
4161,102348,Starter,3,15.0,45.0,2023-08-24,,Initial Signup
4162,102349,Starter,3,15.0,45.0,2022-11-17,,Initial Signup
4163,102350,Growth,5,29.0,145.0,2022-12-10,2023-03-28,Initial Signup
4164,102350,Growth,6,29.0,174.0,2023-03-28,,Seat Change
4165,102351,Starter,1,15.0,15.0,2021-01-28,,Initial Signup
4166,102352,Growth,11,29.0,319.0,2023-12-15,,Initial Signup
4167,102353,Starter,2,15.0,30.0,2022-04-11,2022-12-14,Initial Signup
4168,102353,Starter,2,15.0,30.0,2022-12-14,2023-05-21,Renewal
4169,102353,Starter,3,15.0,45.0,2023-05-21,2023-12-18,Seat Change
4170,102353,Starter,3,15.0,45.0,2023-12-18,,Renewal
4171,102354,Growth,5,29.0,145.0,2022-01-06,,Initial Signup
4172,102355,Starter,1,15.0,15.0,2021-01-19,2021-05-31,Initial Signup
4173,102355,Growth,5,29.0,145.0,2021-05-31,2021-12-19,Upgrade
4174,102355,Starter,5,15.0,67.14,2021-12-19,2023-07-19,Downgrade
4175,102355,Growth,5,29.0,145.0,2023-07-19,2024-03-15,Upgrade
4176,102355,Pro,20,49.0,980.0,2024-03-15,,Upgrade
4177,102356,Starter,3,15.0,42.09,2023-10-08,,Initial Signup
4178,102357,Starter,2,15.0,30.0,2022-02-05,2023-10-27,Initial Signup
4179,102357,Starter,3,15.0,45.0,2023-10-27,2023-12-03,Seat Change
4180,102357,Starter,4,15.0,60.0,2023-12-03,2024-02-28,Seat Change
4181,102357,Starter,4,15.0,60.0,2024-02-28,,Renewal
4182,102358,Starter,1,15.0,13.1,2023-04-04,2023-10-11,Initial Signup
4183,102358,Growth,5,29.0,145.0,2023-10-11,,Upgrade
4184,102359,Growth,8,29.0,232.0,2022-07-18,2022-07-29,Initial Signup
4185,102359,Growth,7,29.0,203.0,2022-07-29,2022-08-13,Seat Change
4186,102359,Pro,20,49.0,980.0,2022-08-13,,
4187,102360,Pro,27,49.0,1323.0,2023-02-26,2023-04-03,Initial Signup
4188,102360,Growth,20,29.0,580.0,2023-04-03,2023-04-18,Downgrade
4189,102360,Pro,20,49.0,980.0,2023-04-18,,Upgrade
4190,102361,Growth,7,29.0,203.0,2022-09-08,2023-05-28,Initial Signup
4191,102361,Pro,20,49.0,980.0,2023-05-28,2024-02-16,Upgrade
4192,102361,Pro,28,49.0,1372.0,2024-02-16,,Seat Change
4193,102362,Starter,1,15.0,15.0,2023-12-07,2024-02-20,Initial Signup
4194,102362,Starter,1,15.0,15.0,2024-02-20,2024-07-20,Renewal
4195,102362,Starter,2,15.0,30.0,2024-07-20,,Seat Change
4196,102363,Growth,6,29.0,174.0,2021-06-18,2021-10-19,Initial Signup
4197,102363,Pro,20,49.0,980.0,2021-10-19,,Upgrade
4198,102364,Growth,5,29.0,145.0,2021-05-05,,Initial Signup
4199,102365,Growth,10,29.0,255.22,2022-10-03,2023-11-23,Initial Signup
4200,102365,Pro,20,49.0,980.0,2023-11-23,2024-06-24,Upgrade
4201,102365,Pro,20,49.0,980.0,2024-06-24,,Renewal
4202,102366,Starter,3,15.0,45.0,2022-01-18,,Initial Signup
4203,102367,Pro,60,49.0,2940.0,2022-05-15,2022-11-09,Initial Signup
4204,102367,Growth,20,29.0,580.0,2022-11-09,2023-09-05,Downgrade
4205,102367,Growth,20,29.0,580.0,2023-09-05,2024-11-28,Renewal
4206,102367,Pro,20,49.0,980.0,2024-11-28,,Upgrade
4207,102368,Growth,6,29.0,174.0,2022-10-01,,Initial Signup
4208,102369,Growth,19,29.0,551.0,2022-02-07,,Initial Signup
4209,102370,Growth,5,29.0,132.41,2023-01-06,,Initial Signup
4210,102371,Starter,1,15.0,13.87,2021-08-20,2021-10-19,Initial Signup
4211,102371,Starter,2,15.0,30.0,2021-10-19,2022-05-23,Seat Change
4212,102371,Growth,5,29.0,145.0,2022-05-23,,Upgrade
4213,102372,Starter,1,15.0,15.0,2023-07-19,,Initial Signup
4214,102373,Starter,2,15.0,30.0,2021-03-21,,Initial Signup
4215,102374,Growth,8,29.0,232.0,2022-06-03,2023-09-19,Initial Signup
4216,102374,Pro,20,49.0,980.0,2023-09-19,,Upgrade
4217,102375,Pro,26,49.0,1093.73,2023-10-24,,Initial Signup
4218,102376,Growth,7,29.0,203.0,2021-07-06,,Initial Signup
4219,102377,Growth,13,29.0,377.0,2021-08-28,2021-09-16,Initial Signup
4220,102377,Growth,13,29.0,377.0,2021-09-16,2022-01-27,Renewal
4221,102377,Pro,20,49.0,980.0,2022-01-27,,Upgrade
4222,102378,Growth,7,29.0,203.0,2021-08-25,2021-12-18,Initial Signup
4223,102378,Pro,20,49.0,980.0,2021-12-18,2022-07-08,
4224,102378,Enterprise,51,32.79,1672.29,2022-07-08,,Upgrade
4225,102379,Starter,2,15.0,30.0,2022-03-13,2022-03-22,Initial Signup
4226,102379,Starter,2,15.0,30.0,2022-03-22,2022-04-14,Renewal
4227,102379,Growth,5,29.0,145.0,2022-04-14,2022-06-15,Upgrade
4228,102379,Growth,7,29.0,203.0,2022-06-15,,Seat Change
4229,102380,Growth,15,29.0,435.0,2021-10-22,2022-06-12,Initial Signup
4230,102380,Pro,20,49.0,950.54,2022-06-12,,Upgrade
4231,102381,Starter,1,15.0,15.0,2021-03-19,,
4232,102382,Starter,2,15.0,30.0,2023-10-22,,Initial Signup
4233,102383,Growth,11,29.0,319.0,2021-05-01,2021-09-20,Initial Signup
4234,102383,Pro,20,49.0,980.0,2021-09-20,,Upgrade
4235,102384,Growth,6,29.0,174.0,2022-02-03,,Initial Signup
4236,102385,Pro,22,49.0,1078.0,2022-05-26,,Initial Signup
4237,102386,Growth,14,29.0,406.0,2021-01-22,,Initial Signup
4238,102387,Starter,1,15.0,15.0,2021-03-18,,
4239,102388,Enterprise,256,23.52,6021.12,2024-08-09,2024-09-24,Initial Signup
4240,102388,Enterprise,194,23.52,4562.88,2024-09-24,2024-11-27,Seat Change
4241,102388,Enterprise,147,23.52,3457.44,2024-11-27,2024-12-09,Seat Change
4242,102388,Enterprise,148,23.52,3238.69,2024-12-09,,Seat Change
4243,102389,Starter,2,15.0,30.0,2022-08-12,2022-12-06,Initial Signup
4244,102389,Growth,5,29.0,145.0,2022-12-06,,Upgrade
4245,102390,Growth,16,29.0,464.0,2021-01-12,,Initial Signup
4246,102391,Starter,1,15.0,15.0,2023-02-13,2024-05-23,Initial Signup
4247,102391,Starter,2,15.0,26.54,2024-05-23,2024-08-01,Seat Change
4248,102391,Starter,1,15.0,15.0,2024-08-01,,Seat Change
4249,102392,Growth,11,29.0,319.0,2022-01-18,,Initial Signup
4250,102393,Pro,24,49.0,1176.0,2021-02-22,,Initial Signup
4251,102394,Starter,1,15.0,15.0,2022-08-11,2022-09-26,Initial Signup
4252,102394,Starter,2,15.0,30.0,2022-09-26,,Seat Change
4253,102395,Growth,6,29.0,174.0,2021-12-24,,Initial Signup
4254,102396,Growth,6,29.0,174.0,2021-05-03,,Initial Signup
4255,102397,Starter,3,15.0,45.0,2023-09-23,,Initial Signup
4256,102398,Pro,20,49.0,980.0,2021-07-19,,Initial Signup
4257,102399,Pro,47,49.0,2303.0,2021-07-15,2023-09-20,Initial Signup
4258,102399,Pro,59,49.0,2891.0,2023-09-20,,Seat Change
4259,102400,Growth,16,29.0,464.0,2021-07-11,2024-05-15,Initial Signup
4260,102400,Pro,20,49.0,980.0,2024-05-15,,Upgrade
4261,102401,Growth,14,29.0,406.0,2022-12-11,,Initial Signup
4262,102402,Starter,1,15.0,15.0,2022-09-11,,Initial Signup
4263,102403,Growth,5,29.0,145.0,2023-11-27,2024-06-27,Initial Signup
4264,102403,Pro,20,49.0,980.0,2024-06-27,,Upgrade
4265,102404,Growth,16,29.0,464.0,2021-06-01,,Initial Signup
4266,102405,Starter,5,15.0,75.0,2023-01-18,2024-07-20,Initial Signup
4267,102405,Growth,5,29.0,145.0,2024-07-20,,Upgrade
4268,102406,Pro,21,49.0,918.0,2022-04-28,2022-08-02,Initial Signup
4269,102406,Enterprise,50,31.52,1576.0,2022-08-02,2022-08-18,Upgrade
4270,102406,Pro,20,49.0,980.0,2022-08-18,2022-09-16,Downgrade
4271,102406,Enterprise,69,24.91,1718.79,2022-09-16,,Upgrade
4272,102407,Growth,11,29.0,319.0,2021-08-16,,Initial Signup
4273,102408,Starter,4,15.0,56.21,2021-01-18,2021-06-01,Initial Signup
4274,102408,Starter,3,15.0,45.0,2021-06-01,,Seat Change
4275,102409,Starter,3,15.0,45.0,2023-04-17,2023-05-27,
4276,102409,Starter,3,15.0,42.43,2023-05-27,2024-03-18,Renewal
4277,102409,Growth,5,29.0,145.0,2024-03-18,2024-03-23,Upgrade
4278,102409,Pro,20,49.0,980.0,2024-03-23,,Upgrade
4279,102410,Starter,1,15.0,15.0,2021-06-15,2024-11-22,Initial Signup
4280,102410,Growth,5,29.0,145.0,2024-11-22,,Upgrade
4281,102411,Starter,1,15.0,15.0,2022-06-18,,Initial Signup
4282,102412,Growth,7,29.0,196.54,2022-02-26,,Initial Signup
4283,102413,Starter,1,15.0,15.0,2021-01-20,2022-10-29,Initial Signup
4284,102413,Starter,2,15.0,30.0,2022-10-29,,Seat Change
4285,102414,Growth,11,29.0,319.0,2024-12-24,,Initial Signup
4286,102415,Starter,2,15.0,30.0,2023-04-16,,Initial Signup
4287,102416,Starter,2,15.0,30.0,2021-12-22,2022-08-30,Initial Signup
4288,102416,Starter,1,15.0,15.0,2022-08-30,,Seat Change
4289,102417,Starter,2,15.0,30.0,2022-08-25,,Initial Signup
4290,102418,Growth,7,29.0,203.0,2021-12-06,2021-12-26,Initial Signup
4291,102418,Pro,20,49.0,980.0,2021-12-26,2022-10-28,Upgrade
4292,102418,Enterprise,50,44.93,2246.5,2022-10-28,2023-12-22,Upgrade
4293,102418,Enterprise,71,44.93,3190.03,2023-12-22,2024-12-27,Seat Change
4294,102418,Enterprise,75,44.93,3369.75,2024-12-27,,Seat Change
4295,102419,Growth,9,29.0,261.0,2022-11-25,2022-12-03,Initial Signup
4296,102419,Growth,9,29.0,261.0,2022-12-03,2023-01-22,Renewal
4297,102419,Growth,9,29.0,261.0,2023-01-22,2024-06-17,Renewal
4298,102419,Growth,9,29.0,261.0,2024-06-17,,Renewal
4299,102420,Growth,5,29.0,145.0,2021-04-20,2021-06-30,Initial Signup
4300,102420,Pro,20,49.0,980.0,2021-06-30,,Upgrade
4301,102421,Growth,7,29.0,203.0,2021-11-13,2023-09-25,Initial Signup
4302,102421,Growth,7,29.0,203.0,2023-09-25,2024-11-16,Renewal
4303,102421,Pro,20,49.0,980.0,2024-11-16,,Upgrade
4304,102422,Growth,15,29.0,435.0,2021-09-22,2023-01-24,Initial Signup
4305,102422,Growth,19,29.0,551.0,2023-01-24,2023-07-18,Seat Change
4306,102422,Growth,19,29.0,551.0,2023-07-18,,Renewal
4307,102423,Pro,45,49.0,2205.0,2021-11-05,2022-04-02,Initial Signup
4308,102423,Enterprise,122,28.49,3475.78,2022-04-02,2022-07-06,Upgrade
4309,102423,Enterprise,137,28.49,3903.13,2022-07-06,2024-03-01,Seat Change
4310,102423,Enterprise,118,28.49,3361.82,2024-03-01,2024-12-27,Seat Change
4311,102423,Enterprise,122,28.49,3475.78,2024-12-27,,Seat Change
4312,102424,Growth,12,29.0,348.0,2021-11-20,2024-06-05,Initial Signup
4313,102424,Growth,15,29.0,435.0,2024-06-05,,Seat Change
4314,102425,Pro,22,49.0,1078.0,2021-04-17,2021-06-18,Initial Signup
4315,102425,Growth,20,29.0,580.0,2021-06-18,,Downgrade
4316,102426,Starter,4,15.0,60.0,2024-09-25,,Initial Signup
4317,102427,Starter,2,15.0,30.0,2021-01-18,2021-07-29,Initial Signup
4318,102427,Growth,5,29.0,145.0,2021-07-29,2021-10-26,Upgrade
4319,102427,Pro,20,49.0,980.0,2021-10-26,2022-02-19,Upgrade
4320,102427,Enterprise,50,43.6,2180.0,2022-02-19,2022-04-29,Upgrade
4321,102427,Enterprise,71,43.6,3095.6,2022-04-29,,Seat Change
4322,102428,Growth,5,29.0,125.14,2021-01-15,2021-02-10,Initial Signup
4323,102428,Growth,6,29.0,174.0,2021-02-10,,Seat Change
4324,102429,Starter,2,15.0,30.0,2021-09-15,2021-09-17,Initial Signup
4325,102429,Starter,2,15.0,30.0,2021-09-17,2021-09-28,Renewal
4326,102429,Growth,5,29.0,145.0,2021-09-28,2021-10-15,
4327,102429,Starter,5,15.0,75.0,2021-10-15,,Downgrade
4328,102430,Starter,1,15.0,13.72,2022-06-16,2024-06-08,Initial Signup
4329,102430,Starter,1,15.0,15.0,2024-06-08,,Renewal
4330,102431,Growth,5,29.0,145.0,2021-05-25,2022-07-19,Initial Signup
4331,102431,Growth,6,29.0,174.0,2022-07-19,,Seat Change
4332,102432,Growth,8,29.0,232.0,2022-02-22,,Initial Signup
4333,102433,Growth,9,29.0,261.0,2022-10-03,,Initial Signup
4334,102434,Growth,12,29.0,348.0,2021-03-15,,Initial Signup
4335,102435,Growth,5,29.0,145.0,2024-10-09,,Initial Signup
4336,102436,Growth,5,29.0,145.0,2021-09-05,2021-09-10,Initial Signup
4337,102436,Pro,20,49.0,980.0,2021-09-10,,Upgrade
4338,102437,Enterprise,716,25.72,18415.52,2022-07-25,2024-02-01,Initial Signup
4339,102437,Enterprise,807,25.72,20756.04,2024-02-01,2024-07-11,Seat Change
4340,102437,Enterprise,807,25.72,20756.04,2024-07-11,,Renewal
4341,102438,Starter,2,15.0,30.0,2021-03-25,,Initial Signup
4342,102439,Starter,4,15.0,60.0,2022-10-27,,Initial Signup
4343,102440,Starter,2,15.0,30.0,2023-06-12,2024-03-21,Initial Signup
4344,102440,Starter,3,15.0,45.0,2024-03-21,,Seat Change
4345,102441,Pro,21,49.0,1029.0,2021-03-12,,
4346,102442,Growth,6,29.0,174.0,2021-03-22,,Initial Signup
4347,102443,Starter,1,15.0,15.0,2021-07-06,2021-08-18,Initial Signup
4348,102443,Starter,2,15.0,27.31,2021-08-18,2022-09-13,Seat Change
4349,102443,Growth,5,29.0,145.0,2022-09-13,,Upgrade
4350,102444,Pro,20,49.0,980.0,2021-01-02,,Initial Signup
4351,102445,Growth,10,29.0,290.0,2024-10-12,,Initial Signup
4352,102446,Starter,1,15.0,15.0,2022-05-18,,Initial Signup
4353,102447,Starter,3,15.0,45.0,2022-05-13,2023-06-30,Initial Signup
4354,102447,Starter,3,15.0,45.0,2023-06-30,,Renewal
4355,102448,Starter,3,15.0,45.0,2024-06-06,2024-09-28,Initial Signup
4356,102448,Starter,2,15.0,30.0,2024-09-28,,Seat Change
4357,102449,Starter,4,15.0,60.0,2023-05-15,,Initial Signup
4358,102450,Starter,2,15.0,30.0,2023-03-27,,Initial Signup
4359,102451,Growth,5,29.0,145.0,2021-09-08,2021-10-08,Initial Signup
4360,102451,Growth,6,29.0,174.0,2021-10-08,2022-03-22,Seat Change
4361,102451,Pro,20,49.0,980.0,2022-03-22,2022-08-04,Upgrade
4362,102451,Enterprise,50,37.59,1879.5,2022-08-04,2024-07-07,Upgrade
4363,102451,Enterprise,75,37.59,2819.25,2024-07-07,,Seat Change
4364,102452,Growth,6,29.0,174.0,2021-09-12,2024-07-12,Initial Signup
4365,102452,Growth,7,29.0,203.0,2024-07-12,,Seat Change
4366,102453,Pro,21,49.0,1029.0,2021-07-09,,Initial Signup
4367,102454,Growth,17,29.0,493.0,2021-09-09,2023-02-12,Initial Signup
4368,102454,Pro,20,49.0,980.0,2023-02-12,,Upgrade
4369,102455,Growth,14,29.0,406.0,2021-09-19,2022-01-27,Initial Signup
4370,102455,Pro,20,49.0,980.0,2022-01-27,,Upgrade
4371,102456,Starter,5,15.0,75.0,2021-04-11,2023-08-26,Initial Signup
4372,102456,Growth,5,29.0,145.0,2023-08-26,,Upgrade
4373,102457,Starter,4,15.0,60.0,2021-09-18,2022-01-13,Initial Signup
4374,102457,Growth,5,29.0,145.0,2022-01-13,2023-03-29,Upgrade
4375,102457,Growth,5,29.0,145.0,2023-03-29,2024-05-10,Renewal
4376,102457,Pro,20,49.0,980.0,2024-05-10,,Upgrade
4377,102458,Starter,2,15.0,30.0,2021-11-01,,Initial Signup
4378,102459,Enterprise,443,37.96,16816.28,2021-08-19,2021-09-10,Initial Signup
4379,102459,Enterprise,443,37.96,16816.28,2021-09-10,,Renewal
4380,102460,Starter,2,15.0,30.0,2021-04-03,,Initial Signup
4381,102461,Growth,17,29.0,493.0,2021-09-11,2024-05-31,Initial Signup
4382,102461,Growth,19,29.0,551.0,2024-05-31,2024-09-21,Seat Change
4383,102461,Pro,20,49.0,980.0,2024-09-21,,Upgrade
4384,102462,Growth,19,29.0,551.0,2021-12-25,,Initial Signup
4385,102463,Growth,7,29.0,203.0,2022-10-10,2022-11-25,Initial Signup
4386,102463,Growth,7,29.0,174.29,2022-11-25,,Renewal
4387,102464,Growth,16,29.0,464.0,2022-10-20,2023-09-17,Initial Signup
4388,102464,Growth,16,29.0,464.0,2023-09-17,2023-10-29,Renewal
4389,102464,Growth,18,29.0,522.0,2023-10-29,2024-06-15,Seat Change
4390,102464,Starter,5,15.0,75.0,2024-06-15,,Downgrade
4391,102465,Growth,19,29.0,551.0,2021-05-10,,Initial Signup
4392,102466,Starter,4,15.0,60.0,2021-01-26,,Initial Signup
4393,102467,Growth,16,29.0,464.0,2021-08-27,2021-09-07,Initial Signup
4394,102467,Pro,20,49.0,980.0,2021-09-07,2024-06-08,Upgrade
4395,102467,Growth,20,29.0,580.0,2024-06-08,2024-06-14,Downgrade
4396,102467,Growth,15,29.0,435.0,2024-06-14,,Seat Change
4397,102468,Starter,1,15.0,15.0,2021-04-26,,Initial Signup
4398,102469,Pro,23,49.0,1127.0,2021-10-12,,Initial Signup
4399,102470,Starter,4,15.0,60.0,2024-09-09,2024-09-27,Initial Signup
4400,102470,Starter,5,15.0,65.82,2024-09-27,2024-10-11,Seat Change
4401,102470,Starter,4,15.0,60.0,2024-10-11,2024-11-05,Seat Change
4402,102470,Starter,4,15.0,60.0,2024-11-05,,Renewal
4403,102471,Enterprise,50,28.81,1440.5,2021-05-17,2021-06-17,Initial Signup
4404,102471,Enterprise,50,28.81,1440.5,2021-06-17,,Renewal
4405,102472,Starter,3,15.0,45.0,2021-08-23,,Initial Signup
4406,102473,Starter,4,15.0,60.0,2022-10-15,2024-01-23,Initial Signup
4407,102473,Starter,5,15.0,75.0,2024-01-23,,Seat Change
4408,102474,Enterprise,96,21.46,2060.16,2022-01-21,2022-07-26,Initial Signup
4409,102474,Enterprise,89,21.46,1699.79,2022-07-26,2024-12-12,Seat Change
4410,102474,Pro,26,49.0,1274.0,2024-12-12,,Downgrade
4411,102475,Growth,17,29.0,493.0,2021-01-25,,Initial Signup
4412,102476,Pro,83,49.0,4067.0,2021-04-22,2022-10-07,Initial Signup
4413,102476,Pro,94,49.0,4606.0,2022-10-07,2023-09-15,Seat Change
4414,102476,Pro,77,49.0,3773.0,2023-09-15,,Seat Change
4415,102477,Pro,21,49.0,1029.0,2024-02-11,2024-04-09,Initial Signup
4416,102477,Growth,17,29.0,439.97,2024-04-09,,Downgrade
4417,102478,Pro,21,49.0,1029.0,2021-03-07,2024-03-05,Initial Signup
4418,102478,Enterprise,50,40.7,2035.0,2024-03-05,2024-07-30,Upgrade
4419,102478,Enterprise,53,40.7,2157.1,2024-07-30,,Seat Change
4420,102479,Starter,2,15.0,30.0,2022-06-13,2022-10-21,Initial Signup
4421,102479,Starter,2,15.0,28.09,2022-10-21,,Renewal
4422,102480,Starter,3,15.0,45.0,2023-02-17,2023-05-03,Initial Signup
4423,102480,Starter,4,15.0,60.0,2023-05-03,2023-08-04,Seat Change
4424,102480,Growth,5,29.0,137.33,2023-08-04,,Upgrade
4425,102481,Starter,3,15.0,45.0,2021-07-24,,Initial Signup
4426,102482,Starter,3,15.0,39.25,2022-10-09,2022-10-13,Initial Signup
4427,102482,Growth,5,29.0,145.0,2022-10-13,2023-12-24,Upgrade
4428,102482,Starter,5,15.0,75.0,2023-12-24,,Downgrade
4429,102483,Starter,1,15.0,15.0,2021-04-05,2022-01-22,Initial Signup
4430,102483,Growth,5,29.0,145.0,2022-01-22,2024-06-29,Upgrade
4431,102483,Pro,20,49.0,980.0,2024-06-29,,Upgrade
4432,102484,Starter,5,15.0,75.0,2021-07-09,2021-09-11,Initial Signup
4433,102484,Starter,5,15.0,70.21,2021-09-11,2021-09-13,Renewal
4434,102484,Growth,5,29.0,145.0,2021-09-13,,
4435,102485,Starter,1,15.0,15.0,2021-08-17,,Initial Signup
4436,102486,Pro,79,49.0,3871.0,2024-12-07,,Initial Signup
4437,102487,Starter,2,15.0,30.0,2021-06-12,,Initial Signup
4438,102488,Starter,1,15.0,15.0,2021-03-08,,Initial Signup
4439,102489,Growth,13,29.0,377.0,2024-01-28,2024-07-15,Initial Signup
4440,102489,Pro,20,49.0,980.0,2024-07-15,,Upgrade
4441,102490,Growth,7,29.0,203.0,2021-04-15,2024-08-16,Initial Signup
4442,102490,Pro,20,49.0,980.0,2024-08-16,,Upgrade
4443,102491,Growth,19,29.0,551.0,2023-09-21,,Initial Signup
4444,102492,Growth,17,29.0,493.0,2022-07-15,2022-09-22,Initial Signup
4445,102492,Pro,20,49.0,980.0,2022-09-22,,Upgrade
4446,102493,Starter,4,15.0,60.0,2022-04-01,2022-08-30,Initial Signup
4447,102493,Starter,4,15.0,60.0,2022-08-30,2023-09-26,
4448,102493,Starter,5,15.0,75.0,2023-09-26,,Seat Change
4449,102494,Starter,1,15.0,15.0,2022-11-08,,Initial Signup
4450,102495,Enterprise,164,21.64,3548.96,2022-10-24,2023-01-07,Initial Signup
4451,102495,Enterprise,195,21.64,4219.8,2023-01-07,2024-02-23,Seat Change
4452,102495,Enterprise,195,21.64,4219.8,2024-02-23,2024-02-29,Renewal
4453,102495,Pro,45,49.0,1928.1,2024-02-29,,Downgrade
4454,102496,Growth,7,29.0,203.0,2021-03-15,2023-03-11,
4455,102496,Starter,5,15.0,72.34,2023-03-11,,Downgrade
4456,102497,Growth,14,29.0,406.0,2024-12-20,,Initial Signup
4457,102498,Growth,6,29.0,150.83,2024-03-22,2024-06-14,Initial Signup
4458,102498,Starter,5,15.0,75.0,2024-06-14,2024-07-12,Downgrade
4459,102498,Growth,5,29.0,145.0,2024-07-12,2024-11-13,Upgrade
4460,102498,Starter,5,15.0,75.0,2024-11-13,2024-12-26,Downgrade
4461,102498,Starter,4,15.0,60.0,2024-12-26,,Seat Change
4462,102499,Starter,2,15.0,30.0,2023-10-16,,Initial Signup
4463,102500,Starter,2,15.0,30.0,2022-06-17,2023-10-05,Initial Signup
4464,102500,Starter,3,15.0,45.0,2023-10-05,,Seat Change
4465,102501,Growth,12,29.0,348.0,2022-01-07,2022-06-30,Initial Signup
4466,102501,Starter,5,15.0,75.0,2022-06-30,,Downgrade
4467,102502,Enterprise,732,36.06,26395.92,2022-02-07,2023-02-04,Initial Signup
4468,102502,Enterprise,684,36.06,24665.04,2023-02-04,2023-06-17,Seat Change
4469,102502,Enterprise,594,36.06,21419.64,2023-06-17,2024-09-04,Seat Change
4470,102502,Enterprise,707,36.06,25494.42,2024-09-04,,Seat Change
4471,102503,Starter,1,15.0,15.0,2021-01-05,2021-08-13,Initial Signup
4472,102503,Starter,2,15.0,30.0,2021-08-13,2024-01-02,Seat Change
4473,102503,Starter,2,15.0,30.0,2024-01-02,,Renewal
4474,102504,Growth,13,29.0,377.0,2021-12-09,2023-02-18,Initial Signup
4475,102504,Starter,5,15.0,75.0,2023-02-18,,Downgrade
4476,102505,Starter,2,15.0,30.0,2022-06-18,2023-05-19,Initial Signup
4477,102505,Starter,1,15.0,15.0,2023-05-19,2024-08-07,Seat Change
4478,102505,Growth,5,29.0,145.0,2024-08-07,2024-09-02,Upgrade
4479,102505,Pro,20,49.0,980.0,2024-09-02,,Upgrade
4480,102506,Starter,2,15.0,30.0,2022-07-26,2022-10-24,Initial Signup
4481,102506,Starter,3,15.0,45.0,2022-10-24,,Seat Change
4482,102507,Starter,4,15.0,60.0,2021-08-13,2022-09-15,Initial Signup
4483,102507,Starter,5,15.0,75.0,2022-09-15,2024-03-11,Seat Change
4484,102507,Starter,5,15.0,75.0,2024-03-11,,Renewal
4485,102508,Growth,14,29.0,352.19,2021-12-17,,Initial Signup
4486,102509,Starter,1,15.0,15.0,2022-06-25,,Initial Signup
4487,102510,Growth,10,29.0,290.0,2021-11-19,2023-11-24,Initial Signup
4488,102510,Growth,10,29.0,268.47,2023-11-24,,Renewal
4489,102511,Starter,2,15.0,30.0,2024-06-08,2024-10-16,Initial Signup
4490,102511,Growth,5,29.0,145.0,2024-10-16,,Upgrade
4491,102512,Growth,5,29.0,145.0,2022-09-08,,Initial Signup
4492,102513,Growth,18,29.0,522.0,2021-01-18,2021-02-01,Initial Signup
4493,102513,Growth,20,29.0,549.86,2021-02-01,,Seat Change
4494,102514,Starter,4,15.0,60.0,2021-01-09,2022-10-24,Initial Signup
4495,102514,Starter,5,15.0,75.0,2022-10-24,,Seat Change
4496,102515,Pro,87,49.0,4263.0,2022-09-07,2024-08-03,Initial Signup
4497,102515,Enterprise,195,39.3,7663.5,2024-08-03,,Upgrade
4498,102516,Pro,48,49.0,2352.0,2021-10-17,2021-11-09,Initial Signup
4499,102516,Enterprise,139,23.84,3313.76,2021-11-09,,Upgrade
4500,102517,Starter,1,15.0,15.0,2023-06-18,2023-07-13,Initial Signup
4501,102517,Starter,2,15.0,30.0,2023-07-13,,Seat Change
4502,102518,Starter,2,15.0,30.0,2021-05-08,2022-08-14,Initial Signup
4503,102518,Starter,1,15.0,15.0,2022-08-14,,Seat Change
4504,102519,Starter,3,15.0,45.0,2021-01-02,2021-09-09,Initial Signup
4505,102519,Starter,4,15.0,60.0,2021-09-09,2024-10-25,Seat Change
4506,102519,Growth,5,29.0,145.0,2024-10-25,,Upgrade
4507,102520,Growth,13,29.0,377.0,2021-10-22,,Initial Signup
4508,102521,Starter,1,15.0,15.0,2022-11-11,2023-12-26,Initial Signup
4509,102521,Growth,5,29.0,145.0,2023-12-26,2024-04-04,
4510,102521,Growth,7,29.0,203.0,2024-04-04,,Seat Change
4511,102522,Growth,17,29.0,493.0,2024-08-18,2024-08-26,Initial Signup
4512,102522,Pro,20,49.0,980.0,2024-08-26,2024-10-04,Upgrade
4513,102522,Enterprise,50,43.54,2177.0,2024-10-04,,Upgrade
4514,102523,Growth,6,29.0,174.0,2023-09-05,2024-02-02,Initial Signup
4515,102523,Growth,5,29.0,145.0,2024-02-02,2024-09-28,Seat Change
4516,102523,Growth,5,29.0,145.0,2024-09-28,,Renewal
4517,102524,Enterprise,618,36.76,22717.68,2021-12-09,2021-12-20,Initial Signup
4518,102524,Enterprise,536,36.76,19703.36,2021-12-20,,Seat Change
4519,102525,Starter,1,15.0,15.0,2023-03-17,2024-01-12,Initial Signup
4520,102525,Growth,5,29.0,145.0,2024-01-12,,Upgrade
4521,102526,Starter,2,15.0,30.0,2021-02-04,2022-06-10,Initial Signup
4522,102526,Starter,2,15.0,30.0,2022-06-10,,Renewal
4523,102527,Growth,11,29.0,319.0,2022-04-09,,Initial Signup
4524,102528,Starter,1,15.0,15.0,2023-12-21,2024-02-25,Initial Signup
4525,102528,Starter,1,15.0,15.0,2024-02-25,,Renewal
4526,102529,Growth,15,29.0,435.0,2021-10-22,2021-12-24,Initial Signup
4527,102529,Pro,20,49.0,914.96,2021-12-24,2024-09-05,Upgrade
4528,102529,Growth,16,29.0,464.0,2024-09-05,,Downgrade
4529,102530,Growth,5,29.0,138.17,2024-06-10,2024-08-08,Initial Signup
4530,102530,Starter,5,15.0,75.0,2024-08-08,2024-09-03,Downgrade
4531,102530,Growth,5,29.0,145.0,2024-09-03,2024-11-30,Upgrade
4532,102530,Growth,7,29.0,203.0,2024-11-30,,Seat Change
4533,102531,Starter,4,15.0,60.0,2021-06-04,,Initial Signup
4534,102532,Growth,7,29.0,203.0,2021-03-01,2024-08-03,Initial Signup
4535,102532,Growth,8,29.0,232.0,2024-08-03,,Seat Change
4536,102533,Growth,18,29.0,522.0,2022-01-16,,Initial Signup
4537,102534,Pro,20,49.0,980.0,2023-11-20,2024-03-12,Initial Signup
4538,102534,Enterprise,50,35.67,1783.5,2024-03-12,2024-04-21,Upgrade
4539,102534,Enterprise,72,35.67,2568.24,2024-04-21,,Seat Change
4540,102535,Starter,1,15.0,15.0,2021-08-17,2021-09-06,Initial Signup
4541,102535,Starter,1,15.0,15.0,2021-09-06,2021-11-05,Renewal
4542,102535,Growth,5,29.0,145.0,2021-11-05,,Upgrade
4543,102536,Enterprise,919,20.11,18481.09,2023-02-12,2023-04-08,Initial Signup
4544,102536,Enterprise,975,20.11,19607.25,2023-04-08,,Seat Change
4545,102537,Starter,5,15.0,75.0,2021-04-01,2023-01-01,Initial Signup
4546,102537,Growth,5,29.0,145.0,2023-01-01,2024-09-10,Upgrade
4547,102537,Growth,7,29.0,203.0,2024-09-10,,Seat Change
4548,102538,Starter,5,15.0,75.0,2022-11-07,,Initial Signup
4549,102539,Growth,12,29.0,296.22,2022-03-02,,Initial Signup
4550,102540,Starter,1,15.0,15.0,2021-05-13,2021-11-03,Initial Signup
4551,102540,Starter,2,15.0,30.0,2021-11-03,,Seat Change
4552,102541,Starter,1,15.0,15.0,2022-10-09,2024-10-09,Initial Signup
4553,102541,Starter,2,15.0,30.0,2024-10-09,,Seat Change
4554,102542,Growth,5,29.0,145.0,2022-10-02,2024-05-13,Initial Signup
4555,102542,Pro,20,49.0,980.0,2024-05-13,,Upgrade
4556,102543,Growth,6,29.0,174.0,2022-01-18,,Initial Signup
4557,102544,Starter,1,15.0,15.0,2021-06-11,,
4558,102545,Starter,1,15.0,15.0,2021-04-27,2023-04-28,Initial Signup
4559,102545,Starter,2,15.0,26.84,2023-04-28,,Seat Change
4560,102546,Growth,6,29.0,174.0,2024-06-12,,Initial Signup
4561,102547,Starter,4,15.0,55.74,2022-07-03,,Initial Signup
4562,102548,Starter,1,15.0,15.0,2023-03-20,,Initial Signup
4563,102549,Growth,8,29.0,232.0,2022-09-20,2023-10-29,Initial Signup
4564,102549,Pro,20,49.0,980.0,2023-10-29,,Upgrade
4565,102550,Starter,5,15.0,75.0,2023-05-27,2023-08-23,Initial Signup
4566,102550,Starter,5,15.0,75.0,2023-08-23,2023-10-17,Renewal
4567,102550,Growth,5,29.0,145.0,2023-10-17,,Upgrade
4568,102551,Pro,23,49.0,1127.0,2021-04-20,2024-02-03,Initial Signup
4569,102551,Pro,23,49.0,1043.49,2024-02-03,,Renewal
4570,102552,Enterprise,269,29.12,7833.28,2021-12-11,2022-02-20,Initial Signup
4571,102552,Enterprise,269,29.12,7833.28,2022-02-20,,Renewal
4572,102553,Growth,15,29.0,435.0,2022-08-19,,Initial Signup
4573,102554,Pro,74,49.0,3626.0,2021-03-23,,Initial Signup
4574,102555,Pro,49,49.0,2401.0,2021-04-15,2023-02-02,Initial Signup
4575,102555,Pro,62,49.0,3038.0,2023-02-02,2024-06-08,Seat Change
4576,102555,Pro,77,49.0,3773.0,2024-06-08,,Seat Change
4577,102556,Starter,1,15.0,15.0,2022-06-23,,Initial Signup
4578,102557,Starter,1,15.0,15.0,2023-08-28,2024-04-09,Initial Signup
4579,102557,Growth,5,29.0,145.0,2024-04-09,2024-09-22,Upgrade
4580,102557,Growth,7,29.0,203.0,2024-09-22,2024-10-06,Seat Change
4581,102557,Growth,8,29.0,232.0,2024-10-06,,Seat Change
4582,102558,Starter,1,15.0,15.0,2022-07-22,,Initial Signup
4583,102559,Starter,3,15.0,45.0,2021-01-15,,Initial Signup
4584,102560,Pro,44,49.0,2156.0,2024-08-14,2024-09-25,Initial Signup
4585,102560,Enterprise,98,35.82,3510.36,2024-09-25,2024-11-13,Upgrade
4586,102560,Enterprise,77,35.82,2758.14,2024-11-13,,Seat Change
4587,102561,Growth,10,29.0,290.0,2021-04-24,,Initial Signup
4588,102562,Starter,2,15.0,30.0,2021-06-25,,Initial Signup
4589,102563,Starter,1,15.0,15.0,2024-09-08,2024-09-19,Initial Signup
4590,102563,Starter,2,15.0,30.0,2024-09-19,2024-10-24,Seat Change
4591,102563,Starter,1,15.0,15.0,2024-10-24,2024-11-15,Seat Change
4592,102563,Growth,5,29.0,145.0,2024-11-15,2024-11-27,Upgrade
4593,102563,Growth,5,29.0,145.0,2024-11-27,,Renewal
4594,102564,Growth,9,29.0,261.0,2022-12-01,,Initial Signup
4595,102565,Growth,13,29.0,377.0,2024-02-23,2024-04-11,Initial Signup
4596,102565,Pro,20,49.0,980.0,2024-04-11,,Upgrade
4597,102566,Starter,5,15.0,75.0,2023-03-07,,Initial Signup
4598,102567,Growth,20,29.0,580.0,2022-07-28,2024-08-15,Initial Signup
4599,102567,Growth,15,29.0,421.71,2024-08-15,,Seat Change
4600,102568,Starter,1,15.0,15.0,2021-07-02,,Initial Signup
4601,102569,Starter,3,15.0,45.0,2021-08-26,2023-01-25,Initial Signup
4602,102569,Starter,3,15.0,45.0,2023-01-25,,Renewal
4603,102570,Starter,1,15.0,13.32,2024-04-19,2024-08-11,Initial Signup
4604,102570,Growth,5,29.0,145.0,2024-08-11,2024-08-23,Upgrade
4605,102570,Pro,20,49.0,980.0,2024-08-23,2024-08-26,Upgrade
4606,102570,Pro,24,49.0,1176.0,2024-08-26,2024-09-24,Seat Change
4607,102570,Enterprise,50,42.05,2102.5,2024-09-24,,Upgrade
4608,102571,Growth,5,29.0,145.0,2023-07-09,,Initial Signup
4609,102572,Growth,9,29.0,238.41,2021-09-01,2021-10-12,Initial Signup
4610,102572,Starter,5,15.0,65.03,2021-10-12,2022-05-18,Downgrade
4611,102572,Growth,5,29.0,145.0,2022-05-18,2024-02-05,Upgrade
4612,102572,Growth,5,29.0,128.12,2024-02-05,,Renewal
4613,102573,Starter,1,15.0,15.0,2021-09-24,2021-10-30,Initial Signup
4614,102573,Starter,2,15.0,30.0,2021-10-30,2022-05-29,Seat Change
4615,102573,Starter,1,15.0,15.0,2022-05-29,,Seat Change
4616,102574,Starter,5,15.0,75.0,2021-08-04,2024-11-23,Initial Signup
4617,102574,Starter,5,15.0,71.85,2024-11-23,,Renewal
4618,102575,Growth,7,29.0,203.0,2021-08-03,2023-03-04,Initial Signup
4619,102575,Pro,20,49.0,980.0,2023-03-04,,Upgrade
4620,102576,Starter,1,15.0,15.0,2023-07-23,2024-05-11,Initial Signup
4621,102576,Growth,5,29.0,145.0,2024-05-11,,Upgrade
4622,102577,Growth,10,29.0,290.0,2021-01-19,2024-11-05,Initial Signup
4623,102577,Pro,20,49.0,980.0,2024-11-05,,Upgrade
4624,102578,Growth,5,29.0,145.0,2021-11-04,,Initial Signup
4625,102579,Growth,5,29.0,145.0,2024-03-10,,Initial Signup
4626,102580,Starter,1,15.0,15.0,2022-02-19,,Initial Signup
4627,102581,Growth,6,29.0,174.0,2021-11-19,2023-06-03,Initial Signup
4628,102581,Growth,6,29.0,174.0,2023-06-03,2024-08-12,
4629,102581,Growth,6,29.0,174.0,2024-08-12,,Renewal
4630,102582,Starter,3,15.0,39.19,2021-08-11,,Initial Signup
4631,102583,Starter,1,15.0,15.0,2021-02-12,2022-01-23,Initial Signup
4632,102583,Starter,2,15.0,30.0,2022-01-23,,Seat Change
4633,102584,Starter,2,15.0,30.0,2021-06-03,,Initial Signup
4634,102585,Starter,2,15.0,30.0,2021-02-01,2021-12-16,Initial Signup
4635,102585,Starter,3,15.0,45.0,2021-12-16,,Seat Change
4636,102586,Pro,29,49.0,1421.0,2021-03-28,,Initial Signup
4637,102587,Starter,2,15.0,30.0,2021-04-07,2024-06-12,Initial Signup
4638,102587,Starter,3,15.0,45.0,2024-06-12,,Seat Change
4639,102588,Growth,14,29.0,406.0,2021-08-26,2021-10-27,Initial Signup
4640,102588,Growth,14,29.0,406.0,2021-10-27,2022-05-18,Renewal
4641,102588,Pro,20,49.0,980.0,2022-05-18,,Upgrade
4642,102589,Growth,19,29.0,551.0,2021-01-02,2024-09-05,Initial Signup
4643,102589,Starter,5,15.0,75.0,2024-09-05,,Downgrade
4644,102590,Growth,6,29.0,174.0,2024-04-28,2024-06-08,Initial Signup
4645,102590,Pro,20,49.0,980.0,2024-06-08,2024-11-03,Upgrade
4646,102590,Pro,26,49.0,1181.0,2024-11-03,,Seat Change
4647,102591,Starter,3,15.0,45.0,2021-03-12,,Initial Signup
4648,102592,Starter,5,15.0,75.0,2021-10-23,2024-04-17,Initial Signup
4649,102592,Growth,5,29.0,145.0,2024-04-17,2024-07-06,Upgrade
4650,102592,Starter,4,15.0,60.0,2024-07-06,,Downgrade
4651,102593,Growth,5,29.0,145.0,2023-09-24,2024-01-03,Initial Signup
4652,102593,Growth,7,29.0,203.0,2024-01-03,,Seat Change
4653,102594,Starter,3,15.0,45.0,2021-03-10,,Initial Signup
4654,102595,Starter,1,15.0,15.0,2021-12-21,2022-05-20,Initial Signup
4655,102595,Starter,2,15.0,30.0,2022-05-20,2022-06-27,Seat Change
4656,102595,Starter,1,15.0,15.0,2022-06-27,2023-05-01,Seat Change
4657,102595,Starter,2,15.0,30.0,2023-05-01,2023-09-08,Seat Change
4658,102595,Starter,1,15.0,15.0,2023-09-08,,Seat Change
4659,102596,Growth,5,29.0,145.0,2023-06-10,2024-04-16,Initial Signup
4660,102596,Pro,20,49.0,980.0,2024-04-16,2024-12-16,Upgrade
4661,102596,Pro,29,49.0,1421.0,2024-12-16,,Seat Change
4662,102597,Starter,2,15.0,25.99,2022-03-23,,Initial Signup
4663,102598,Growth,5,29.0,145.0,2021-05-27,2021-07-04,Initial Signup
4664,102598,Growth,6,29.0,163.28,2021-07-04,2021-07-27,Seat Change
4665,102598,Pro,20,49.0,980.0,2021-07-27,2021-07-28,Upgrade
4666,102598,Enterprise,50,44.41,2220.5,2021-07-28,2022-02-26,Upgrade
4667,102598,Enterprise,59,44.41,2620.19,2022-02-26,,Seat Change
4668,102599,Growth,5,29.0,145.0,2022-11-23,,Initial Signup
4669,102600,Pro,44,49.0,2156.0,2022-08-21,,Initial Signup
4670,102601,Growth,5,29.0,145.0,2021-09-11,,Initial Signup
4671,102602,Starter,3,15.0,45.0,2021-01-04,,Initial Signup
4672,102603,Pro,20,49.0,905.89,2021-01-15,,Initial Signup
4673,102604,Starter,4,15.0,60.0,2023-04-04,,Initial Signup
4674,102605,Growth,7,29.0,203.0,2021-08-15,,Initial Signup
4675,102606,Growth,5,29.0,145.0,2021-04-25,2021-07-06,Initial Signup
4676,102606,Growth,6,29.0,174.0,2021-07-06,,Seat Change
4677,102607,Starter,1,15.0,15.0,2022-01-04,2022-01-12,Initial Signup
4678,102607,Growth,5,29.0,145.0,2022-01-12,,Upgrade
4679,102608,Growth,5,29.0,145.0,2023-12-26,,Initial Signup
4680,102609,Starter,1,15.0,15.0,2021-01-17,,Initial Signup
4681,102610,Pro,22,49.0,1078.0,2021-02-02,2024-01-23,Initial Signup
4682,102610,Pro,22,49.0,1078.0,2024-01-23,,Renewal
4683,102611,Enterprise,56,42.31,2369.36,2021-10-21,,Initial Signup
4684,102612,Starter,1,15.0,15.0,2022-08-01,2022-08-11,Initial Signup
4685,102612,Growth,5,29.0,145.0,2022-08-11,,Upgrade
4686,102613,Starter,1,15.0,15.0,2021-12-18,2023-09-30,Initial Signup
4687,102613,Growth,5,29.0,145.0,2023-09-30,2024-09-03,Upgrade
4688,102613,Starter,5,15.0,75.0,2024-09-03,,Downgrade
4689,102614,Starter,3,15.0,45.0,2023-10-15,2024-11-07,Initial Signup
4690,102614,Starter,4,15.0,60.0,2024-11-07,,Seat Change
4691,102615,Growth,20,29.0,580.0,2021-01-21,2021-10-06,Initial Signup
4692,102615,Growth,18,29.0,522.0,2021-10-06,2021-12-02,Seat Change
4693,102615,Pro,20,49.0,876.55,2021-12-02,,Upgrade
4694,102616,Starter,1,15.0,15.0,2021-09-11,2021-11-09,Initial Signup
4695,102616,Starter,2,15.0,30.0,2021-11-09,,Seat Change
4696,102617,Pro,34,49.0,1666.0,2021-09-04,,Initial Signup
4697,102618,Growth,10,29.0,290.0,2021-09-11,2022-11-27,Initial Signup
4698,102618,Pro,20,49.0,842.39,2022-11-27,,Upgrade
4699,102619,Pro,98,49.0,4802.0,2021-12-22,,Initial Signup
4700,102620,Growth,9,29.0,261.0,2023-02-27,2024-06-15,Initial Signup
4701,102620,Pro,20,49.0,980.0,2024-06-15,,Upgrade
4702,102621,Starter,4,15.0,60.0,2021-08-06,2021-11-01,Initial Signup
4703,102621,Starter,5,15.0,75.0,2021-11-01,2021-12-20,Seat Change
4704,102621,Growth,5,29.0,145.0,2021-12-20,,
4705,102622,Growth,11,29.0,319.0,2022-11-10,2024-04-24,Initial Signup
4706,102622,Growth,13,29.0,377.0,2024-04-24,,Seat Change
4707,102623,Growth,5,29.0,145.0,2021-04-25,,Initial Signup
4708,102624,Starter,4,15.0,60.0,2022-03-09,2024-02-06,Initial Signup
4709,102624,Growth,5,29.0,145.0,2024-02-06,,Upgrade
4710,102625,Starter,3,15.0,45.0,2021-09-07,,Initial Signup
4711,102626,Pro,96,49.0,4704.0,2022-02-24,,Initial Signup
4712,102627,Growth,8,29.0,232.0,2021-03-14,2023-07-15,Initial Signup
4713,102627,Growth,8,29.0,232.0,2023-07-15,2024-03-24,Renewal
4714,102627,Pro,20,49.0,980.0,2024-03-24,2024-10-21,Upgrade
4715,102627,Pro,24,49.0,1176.0,2024-10-21,,Seat Change
4716,102628,Pro,21,49.0,1029.0,2024-05-17,2024-07-11,Initial Signup
4717,102628,Enterprise,50,43.33,2166.5,2024-07-11,2024-10-10,Upgrade
4718,102628,Enterprise,54,43.33,2339.82,2024-10-10,,Seat Change
4719,102629,Growth,5,29.0,145.0,2023-11-14,2024-02-05,Initial Signup
4720,102629,Growth,5,29.0,145.0,2024-02-05,2024-10-13,Renewal
4721,102629,Growth,6,29.0,174.0,2024-10-13,,Seat Change
4722,102630,Starter,1,15.0,15.0,2023-04-17,,Initial Signup
4723,102631,Growth,14,29.0,406.0,2023-10-08,,Initial Signup
4724,102632,Pro,20,49.0,980.0,2021-04-21,,Initial Signup
4725,102633,Starter,5,15.0,75.0,2022-01-11,2022-04-09,Initial Signup
4726,102633,Starter,4,15.0,60.0,2022-04-09,2022-06-07,Seat Change
4727,102633,Starter,4,15.0,60.0,2022-06-07,2023-04-10,Renewal
4728,102633,Growth,5,29.0,145.0,2023-04-10,,Upgrade
4729,102634,Pro,58,49.0,2842.0,2021-08-15,2024-02-16,Initial Signup
4730,102634,Pro,75,49.0,3675.0,2024-02-16,,Seat Change
4731,102635,Starter,1,15.0,15.0,2023-09-06,,Initial Signup
4732,102636,Growth,5,29.0,145.0,2021-05-01,,Initial Signup
4733,102637,Growth,7,29.0,203.0,2021-06-16,2022-06-06,Initial Signup
4734,102637,Growth,6,29.0,174.0,2022-06-06,2022-06-13,Seat Change
4735,102637,Growth,7,29.0,203.0,2022-06-13,,Seat Change
4736,102638,Starter,4,15.0,57.15,2022-09-04,,Initial Signup
4737,102639,Starter,2,15.0,30.0,2021-02-26,,Initial Signup
4738,102640,Growth,13,29.0,377.0,2022-11-27,2023-03-17,
4739,102640,Growth,14,29.0,406.0,2023-03-17,,Seat Change
4740,102641,Starter,1,15.0,15.0,2021-07-09,2021-09-01,Initial Signup
4741,102641,Growth,5,29.0,145.0,2021-09-01,2022-08-26,Upgrade
4742,102641,Growth,7,29.0,203.0,2022-08-26,2023-02-09,Seat Change
4743,102641,Growth,6,29.0,159.46,2023-02-09,,Seat Change
4744,102642,Growth,6,29.0,174.0,2022-08-09,,Initial Signup
4745,102643,Pro,53,49.0,2597.0,2023-08-15,,Initial Signup
4746,102644,Starter,3,15.0,45.0,2022-05-06,,Initial Signup
4747,102645,Starter,4,15.0,55.63,2021-06-25,2021-11-20,Initial Signup
4748,102645,Starter,5,15.0,70.95,2021-11-20,,Seat Change
4749,102646,Starter,2,15.0,30.0,2021-01-03,2023-01-25,Initial Signup
4750,102646,Starter,3,15.0,45.0,2023-01-25,2023-10-09,Seat Change
4751,102646,Starter,3,15.0,45.0,2023-10-09,2024-06-13,Renewal
4752,102646,Starter,4,15.0,60.0,2024-06-13,,Seat Change
4753,102647,Starter,1,15.0,15.0,2021-01-13,2021-03-11,Initial Signup
4754,102647,Starter,1,15.0,15.0,2021-03-11,2021-03-28,Renewal
4755,102647,Starter,2,15.0,30.0,2021-03-28,,Seat Change
4756,102648,Starter,3,15.0,45.0,2021-02-06,,Initial Signup
4757,102649,Starter,3,15.0,45.0,2022-04-24,,Initial Signup
4758,102650,Starter,2,15.0,30.0,2021-09-05,2024-04-25,Initial Signup
4759,102650,Growth,5,29.0,145.0,2024-04-25,2024-07-23,Upgrade
4760,102650,Growth,5,29.0,145.0,2024-07-23,2024-09-25,Renewal
4761,102650,Pro,20,49.0,980.0,2024-09-25,,Upgrade
4762,102651,Starter,2,15.0,30.0,2021-06-13,2022-02-11,Initial Signup
4763,102651,Starter,3,15.0,45.0,2022-02-11,,Seat Change
4764,102652,Starter,2,15.0,30.0,2021-06-24,2022-07-14,Initial Signup
4765,102652,Growth,5,29.0,145.0,2022-07-14,,Upgrade
4766,102653,Growth,5,29.0,145.0,2024-04-13,,Initial Signup
4767,102654,Starter,1,15.0,12.82,2021-03-06,,Initial Signup
4768,102655,Pro,28,49.0,1372.0,2021-08-05,,Initial Signup
4769,102656,Growth,14,29.0,406.0,2021-12-17,,Initial Signup
4770,102657,Starter,2,15.0,30.0,2021-01-04,,Initial Signup
4771,102658,Starter,4,15.0,60.0,2023-12-10,,Initial Signup
4772,102659,Growth,12,29.0,348.0,2021-03-18,,Initial Signup
4773,102660,Growth,8,29.0,232.0,2022-08-11,2022-12-13,Initial Signup
4774,102660,Pro,20,49.0,980.0,2022-12-13,,Upgrade
4775,102661,Starter,4,15.0,60.0,2022-06-24,2023-08-17,Initial Signup
4776,102661,Growth,5,29.0,145.0,2023-08-17,,Upgrade
4777,102662,Starter,2,15.0,30.0,2023-03-20,2024-03-26,Initial Signup
4778,102662,Growth,5,29.0,145.0,2024-03-26,,Upgrade
4779,102663,Pro,51,49.0,2499.0,2022-07-04,,Initial Signup
4780,102664,Growth,7,29.0,203.0,2022-12-23,,Initial Signup
4781,102665,Growth,5,29.0,145.0,2021-11-26,,Initial Signup
4782,102666,Starter,1,15.0,15.0,2021-12-06,,Initial Signup
4783,102667,Growth,10,29.0,290.0,2022-09-11,2023-04-23,Initial Signup
4784,102667,Pro,20,49.0,980.0,2023-04-23,2023-09-12,Upgrade
4785,102667,Pro,20,49.0,980.0,2023-09-12,2024-01-27,Renewal
4786,102667,Pro,26,49.0,1274.0,2024-01-27,2024-12-04,Seat Change
4787,102667,Enterprise,52,44.97,2338.44,2024-12-04,,Upgrade
4788,102668,Starter,1,15.0,15.0,2022-03-12,,Initial Signup
4789,102669,Growth,5,29.0,132.77,2022-01-12,,Initial Signup
4790,102670,Enterprise,126,40.97,5162.22,2021-05-13,,Initial Signup
4791,102671,Starter,4,15.0,60.0,2021-07-26,2024-10-21,Initial Signup
4792,102671,Starter,4,15.0,60.0,2024-10-21,,Renewal
4793,102672,Pro,21,49.0,1029.0,2021-09-19,2023-04-23,Initial Signup
4794,102672,Enterprise,70,26.55,1858.5,2023-04-23,,Upgrade
4795,102673,Pro,24,49.0,1176.0,2021-01-26,,Initial Signup
4796,102674,Growth,16,29.0,464.0,2021-10-10,,Initial Signup
4797,102675,Starter,1,15.0,15.0,2021-01-15,,Initial Signup
4798,102676,Growth,11,29.0,295.32,2022-03-03,,Initial Signup
4799,102677,Growth,8,29.0,232.0,2022-09-08,2022-11-21,Initial Signup
4800,102677,Growth,9,29.0,261.0,2022-11-21,,Seat Change
4801,102678,Starter,4,15.0,60.0,2022-03-17,,Initial Signup
4802,102679,Starter,1,15.0,15.0,2022-09-05,,Initial Signup
4803,102680,Starter,1,15.0,15.0,2021-01-27,,Initial Signup
4804,102681,Growth,10,29.0,290.0,2021-02-08,,Initial Signup
4805,102682,Growth,6,29.0,174.0,2022-09-05,2022-09-15,Initial Signup
4806,102682,Growth,7,29.0,203.0,2022-09-15,2024-03-06,Seat Change
4807,102682,Growth,7,29.0,203.0,2024-03-06,2024-12-30,Renewal
4808,102682,Growth,6,29.0,174.0,2024-12-30,,Seat Change
4809,102683,Growth,6,29.0,174.0,2023-03-22,2024-07-10,Initial Signup
4810,102683,Growth,5,29.0,145.0,2024-07-10,2024-07-15,Seat Change
4811,102683,Starter,5,15.0,75.0,2024-07-15,,Downgrade
4812,102684,Pro,22,49.0,1023.72,2022-10-03,2023-01-25,Initial Signup
4813,102684,Enterprise,68,24.33,1654.44,2023-01-25,,Upgrade
4814,102685,Growth,16,29.0,464.0,2022-08-10,2023-01-17,Initial Signup
4815,102685,Growth,18,29.0,522.0,2023-01-17,,Seat Change
4816,102686,Enterprise,258,21.02,5423.16,2022-09-06,2023-04-28,Initial Signup
4817,102686,Enterprise,242,21.02,5086.84,2023-04-28,2023-07-07,Seat Change
4818,102686,Pro,72,49.0,3528.0,2023-07-07,,Downgrade
4819,102687,Starter,1,15.0,15.0,2022-11-20,,Initial Signup
4820,102688,Starter,2,15.0,30.0,2022-10-24,2022-12-04,Initial Signup
4821,102688,Starter,3,15.0,45.0,2022-12-04,,Seat Change
4822,102689,Starter,2,15.0,30.0,2022-11-06,,Initial Signup
4823,102690,Growth,8,29.0,232.0,2021-02-12,,Initial Signup
4824,102691,Pro,24,49.0,1176.0,2021-02-14,2021-04-03,Initial Signup
4825,102691,Pro,24,49.0,1176.0,2021-04-03,2021-07-06,Renewal
4826,102691,Growth,20,29.0,580.0,2021-07-06,2022-02-04,Downgrade
4827,102691,Growth,20,29.0,580.0,2022-02-04,,Renewal
4828,102692,Starter,2,15.0,30.0,2021-09-20,,Initial Signup
4829,102693,Growth,17,29.0,493.0,2022-01-10,2024-07-07,Initial Signup
4830,102693,Starter,5,15.0,75.0,2024-07-07,,Downgrade
4831,102694,Starter,2,15.0,30.0,2022-12-15,,Initial Signup
4832,102695,Starter,2,15.0,26.92,2021-09-15,,Initial Signup
4833,102696,Starter,4,15.0,60.0,2021-07-01,,Initial Signup
4834,102697,Starter,1,15.0,15.0,2023-01-16,,Initial Signup
4835,102698,Growth,5,29.0,137.79,2021-06-16,,Initial Signup
4836,102699,Starter,3,15.0,45.0,2023-04-28,2024-01-06,Initial Signup
4837,102699,Starter,4,15.0,60.0,2024-01-06,2024-08-17,Seat Change
4838,102699,Starter,4,15.0,60.0,2024-08-17,,Renewal
4839,102700,Starter,1,15.0,15.0,2021-05-15,2021-10-20,Initial Signup
4840,102700,Starter,2,15.0,26.54,2021-10-20,,Seat Change
4841,102701,Starter,1,15.0,15.0,2021-09-26,2022-12-03,Initial Signup
4842,102701,Starter,2,15.0,30.0,2022-12-03,2023-10-22,Seat Change
4843,102701,Growth,5,29.0,145.0,2023-10-22,,Upgrade
4844,102702,Starter,3,15.0,45.0,2021-10-10,,Initial Signup
4845,102703,Starter,2,15.0,30.0,2021-08-20,,Initial Signup
4846,102704,Starter,3,15.0,45.0,2021-01-26,2021-05-13,Initial Signup
4847,102704,Growth,5,29.0,145.0,2021-05-13,,Upgrade
4848,102705,Starter,1,15.0,15.0,2021-06-05,2021-06-09,Initial Signup
4849,102705,Starter,2,15.0,30.0,2021-06-09,,Seat Change
4850,102706,Growth,6,29.0,174.0,2021-09-16,,Initial Signup
4851,102707,Starter,4,15.0,60.0,2021-08-26,2023-12-02,Initial Signup
4852,102707,Starter,5,15.0,75.0,2023-12-02,2024-02-03,Seat Change
4853,102707,Starter,5,15.0,75.0,2024-02-03,2024-09-26,Renewal
4854,102707,Growth,5,29.0,145.0,2024-09-26,,Upgrade
4855,102708,Growth,5,29.0,145.0,2023-01-16,,Initial Signup
4856,102709,Starter,2,15.0,30.0,2021-01-25,2022-11-23,Initial Signup
4857,102709,Starter,2,15.0,28.98,2022-11-23,2023-01-20,Renewal
4858,102709,Starter,2,15.0,30.0,2023-01-20,,Renewal
4859,102710,Growth,6,29.0,174.0,2021-10-12,2023-09-21,Initial Signup
4860,102710,Starter,5,15.0,75.0,2023-09-21,,Downgrade
4861,102711,Growth,5,29.0,145.0,2021-01-25,,Initial Signup
4862,102712,Growth,6,29.0,156.94,2024-01-18,2024-08-31,Initial Signup
4863,102712,Growth,7,29.0,193.44,2024-08-31,,Seat Change
4864,102713,Growth,8,29.0,232.0,2023-02-14,,Initial Signup
4865,102714,Growth,18,29.0,522.0,2024-10-07,2024-10-17,Initial Signup
4866,102714,Pro,20,49.0,980.0,2024-10-17,2024-10-30,Upgrade
4867,102714,Growth,19,29.0,551.0,2024-10-30,2024-11-29,Downgrade
4868,102714,Pro,20,49.0,980.0,2024-11-29,,Upgrade
4869,102715,Pro,71,49.0,3479.0,2023-11-05,,Initial Signup
4870,102716,Pro,48,49.0,2166.77,2021-08-09,,Initial Signup
4871,102717,Starter,2,15.0,30.0,2022-09-22,2022-10-02,Initial Signup
4872,102717,Starter,1,15.0,15.0,2022-10-02,,Seat Change
4873,102718,Starter,1,15.0,15.0,2021-08-14,,Initial Signup
4874,102719,Growth,11,29.0,299.26,2023-09-11,,Initial Signup
4875,102720,Starter,1,15.0,15.0,2021-10-14,,Initial Signup
4876,102721,Growth,5,29.0,145.0,2021-09-10,2022-03-05,Initial Signup
4877,102721,Starter,5,15.0,75.0,2022-03-05,2023-03-26,
4878,102721,Growth,5,29.0,145.0,2023-03-26,2024-10-08,Upgrade
4879,102721,Pro,20,49.0,980.0,2024-10-08,,Upgrade
4880,102722,Starter,2,15.0,30.0,2023-12-23,,Initial Signup
4881,102723,Growth,7,29.0,203.0,2023-05-11,,Initial Signup
4882,102724,Starter,4,15.0,60.0,2024-07-14,,Initial Signup
4883,102725,Starter,1,15.0,15.0,2021-02-16,2021-08-16,Initial Signup
4884,102725,Starter,1,15.0,15.0,2021-08-16,2021-09-03,Renewal
4885,102725,Starter,2,15.0,30.0,2021-09-03,,Seat Change
4886,102726,Growth,9,29.0,261.0,2021-06-19,2022-01-15,Initial Signup
4887,102726,Growth,10,29.0,290.0,2022-01-15,,Seat Change
4888,102727,Growth,5,29.0,145.0,2021-08-10,2022-02-28,Initial Signup
4889,102727,Growth,7,29.0,203.0,2022-02-28,2023-06-18,Seat Change
4890,102727,Growth,7,29.0,203.0,2023-06-18,,Renewal
4891,102728,Starter,2,15.0,26.66,2021-11-03,,Initial Signup
4892,102729,Growth,13,29.0,377.0,2021-12-20,,Initial Signup
4893,102730,Starter,1,15.0,13.02,2021-07-16,,Initial Signup
4894,102731,Starter,2,15.0,30.0,2023-02-19,2023-09-15,Initial Signup
4895,102731,Starter,1,15.0,15.0,2023-09-15,2024-12-05,Seat Change
4896,102731,Starter,1,15.0,15.0,2024-12-05,,Renewal
4897,102732,Starter,1,15.0,15.0,2021-06-16,2023-11-15,Initial Signup
4898,102732,Starter,1,15.0,15.0,2023-11-15,,Renewal
4899,102733,Growth,10,29.0,290.0,2022-09-15,,Initial Signup
4900,102734,Pro,97,49.0,4753.0,2023-07-27,,Initial Signup
4901,102735,Starter,2,15.0,30.0,2022-05-02,,Initial Signup
4902,102736,Growth,6,29.0,174.0,2021-09-03,2022-03-07,Initial Signup
4903,102736,Growth,5,29.0,145.0,2022-03-07,,Seat Change
4904,102737,Starter,1,15.0,15.0,2021-05-27,,
4905,102738,Growth,18,29.0,501.87,2021-04-25,,Initial Signup
4906,102739,Starter,2,15.0,30.0,2022-11-12,,Initial Signup
4907,102740,Growth,6,29.0,174.0,2021-12-16,,Initial Signup
4908,102741,Starter,2,15.0,30.0,2021-01-13,2022-10-27,Initial Signup
4909,102741,Growth,5,29.0,145.0,2022-10-27,2023-04-16,Upgrade
4910,102741,Growth,5,29.0,145.0,2023-04-16,2024-09-30,Renewal
4911,102741,Growth,5,29.0,145.0,2024-09-30,,Renewal
4912,102742,Growth,5,29.0,133.1,2024-10-28,,Initial Signup
4913,102743,Starter,2,15.0,30.0,2022-08-13,,Initial Signup
4914,102744,Pro,99,49.0,4851.0,2023-06-22,2024-06-29,Initial Signup
4915,102744,Enterprise,257,29.55,7594.35,2024-06-29,,Upgrade
4916,102745,Starter,4,15.0,60.0,2021-11-11,,Initial Signup
4917,102746,Growth,17,29.0,493.0,2024-05-11,2024-06-20,Initial Signup
4918,102746,Pro,20,49.0,980.0,2024-06-20,2024-10-20,Upgrade
4919,102746,Pro,24,49.0,1176.0,2024-10-20,,Seat Change
4920,102747,Growth,20,29.0,580.0,2021-05-19,2023-07-24,Initial Signup
4921,102747,Starter,5,15.0,75.0,2023-07-24,,Downgrade
4922,102748,Starter,4,15.0,60.0,2021-05-12,,Initial Signup
4923,102749,Growth,13,29.0,377.0,2023-10-01,2024-03-04,Initial Signup
4924,102749,Starter,5,15.0,75.0,2024-03-04,2024-11-16,Downgrade
4925,102749,Starter,4,15.0,60.0,2024-11-16,,Seat Change
4926,102750,Starter,1,15.0,15.0,2023-10-05,,Initial Signup
4927,102751,Starter,2,15.0,27.02,2021-12-25,2023-06-22,Initial Signup
4928,102751,Starter,2,15.0,30.0,2023-06-22,2024-09-05,Renewal
4929,102751,Starter,3,15.0,45.0,2024-09-05,,Seat Change
4930,102752,Pro,24,49.0,1176.0,2021-03-11,,Initial Signup
4931,102753,Growth,5,29.0,145.0,2021-08-03,2021-08-09,Initial Signup
4932,102753,Starter,5,15.0,75.0,2021-08-09,2021-11-08,Downgrade
4933,102753,Starter,4,15.0,60.0,2021-11-08,,Seat Change
4934,102754,Starter,2,15.0,30.0,2022-12-27,2024-03-09,Initial Signup
4935,102754,Starter,3,15.0,45.0,2024-03-09,2024-12-22,Seat Change
4936,102754,Starter,2,15.0,30.0,2024-12-22,,Seat Change
4937,102755,Growth,5,29.0,145.0,2023-06-28,2024-06-14,Initial Signup
4938,102755,Starter,5,15.0,75.0,2024-06-14,,Downgrade
4939,102756,Growth,14,29.0,406.0,2021-09-14,2022-05-30,Initial Signup
4940,102756,Starter,5,15.0,75.0,2022-05-30,,Downgrade
4941,102757,Starter,1,15.0,15.0,2021-02-18,2021-04-04,Initial Signup
4942,102757,Starter,1,15.0,15.0,2021-04-04,2022-02-16,Renewal
4943,102757,Starter,2,15.0,30.0,2022-02-16,2022-03-27,Seat Change
4944,102757,Starter,3,15.0,45.0,2022-03-27,,Seat Change
4945,102758,Pro,23,49.0,1127.0,2022-08-22,,Initial Signup
4946,102759,Growth,16,29.0,464.0,2022-11-02,,Initial Signup
4947,102760,Growth,10,29.0,290.0,2021-11-09,,Initial Signup
4948,102761,Starter,1,15.0,15.0,2022-04-16,2022-11-20,Initial Signup
4949,102761,Starter,1,15.0,15.0,2022-11-20,2024-10-06,Renewal
4950,102761,Starter,2,15.0,30.0,2024-10-06,,Seat Change
4951,102762,Pro,54,49.0,2646.0,2024-10-16,,Initial Signup
4952,102763,Starter,3,15.0,45.0,2021-06-10,2021-09-17,Initial Signup
4953,102763,Starter,2,15.0,30.0,2021-09-17,,Seat Change
4954,102764,Growth,6,29.0,174.0,2022-04-01,,Initial Signup
4955,102765,Growth,11,29.0,319.0,2022-05-27,2022-07-07,Initial Signup
4956,102765,Growth,11,29.0,319.0,2022-07-07,2023-04-11,Renewal
4957,102765,Starter,5,15.0,75.0,2023-04-11,2023-05-19,Downgrade
4958,102765,Growth,5,29.0,145.0,2023-05-19,2023-10-09,Upgrade
4959,102765,Pro,20,49.0,980.0,2023-10-09,,Upgrade
4960,102766,Starter,1,15.0,15.0,2022-02-18,2023-08-27,Initial Signup
4961,102766,Starter,1,15.0,15.0,2023-08-27,2024-09-24,Renewal
4962,102766,Growth,5,29.0,145.0,2024-09-24,,Upgrade
4963,102767,Starter,2,15.0,30.0,2023-08-22,,Initial Signup
4964,102768,Pro,29,49.0,1421.0,2022-05-13,2024-07-25,Initial Signup
4965,102768,Pro,35,49.0,1555.68,2024-07-25,,Seat Change
4966,102769,Growth,17,29.0,493.0,2022-01-15,2023-07-12,Initial Signup
4967,102769,Growth,17,29.0,421.12,2023-07-12,2023-07-14,Renewal
4968,102769,Pro,20,49.0,980.0,2023-07-14,,Upgrade
4969,102770,Growth,7,29.0,203.0,2021-03-13,,Initial Signup
4970,102771,Starter,1,15.0,15.0,2022-09-13,2023-09-05,Initial Signup
4971,102771,Growth,5,29.0,145.0,2023-09-05,2023-09-30,Upgrade
4972,102771,Growth,7,29.0,203.0,2023-09-30,,Seat Change
4973,102772,Starter,1,15.0,15.0,2021-04-19,2022-01-25,Initial Signup
4974,102772,Growth,5,29.0,145.0,2022-01-25,,Upgrade
4975,102773,Growth,15,29.0,435.0,2021-01-28,2021-11-06,Initial Signup
4976,102773,Growth,15,29.0,435.0,2021-11-06,2023-03-23,Renewal
4977,102773,Pro,20,49.0,980.0,2023-03-23,,Upgrade
4978,102774,Growth,7,29.0,203.0,2021-12-22,2022-11-20,
4979,102774,Starter,5,15.0,70.55,2022-11-20,2022-12-30,Downgrade
4980,102774,Starter,4,15.0,60.0,2022-12-30,,Seat Change
4981,102775,Growth,8,29.0,232.0,2022-04-19,,Initial Signup
4982,102776,Starter,3,15.0,45.0,2024-12-01,,Initial Signup
4983,102777,Growth,8,29.0,232.0,2022-10-15,2024-12-17,Initial Signup
4984,102777,Growth,8,29.0,232.0,2024-12-17,,Renewal
4985,102778,Growth,12,29.0,348.0,2023-06-27,2023-12-10,Initial Signup
4986,102778,Starter,5,15.0,75.0,2023-12-10,2024-03-25,Downgrade
4987,102778,Starter,4,15.0,60.0,2024-03-25,,Seat Change
4988,102779,Starter,2,15.0,30.0,2021-09-12,2022-11-17,Initial Signup
4989,102779,Starter,2,15.0,30.0,2022-11-17,,Renewal
4990,102780,Growth,9,29.0,249.2,2022-01-16,,Initial Signup
4991,102781,Pro,54,49.0,2646.0,2024-08-10,2024-11-27,Initial Signup
4992,102781,Pro,54,49.0,2646.0,2024-11-27,,Renewal
4993,102782,Growth,19,29.0,551.0,2021-10-06,2021-11-08,Initial Signup
4994,102782,Pro,20,49.0,980.0,2021-11-08,2022-11-03,Upgrade
4995,102782,Pro,21,49.0,1029.0,2022-11-03,,Seat Change
4996,102783,Growth,11,29.0,319.0,2023-03-20,2023-04-29,Initial Signup
4997,102783,Pro,20,49.0,980.0,2023-04-29,,Upgrade
4998,102784,Growth,19,29.0,551.0,2022-01-09,2022-12-16,Initial Signup
4999,102784,Pro,20,49.0,980.0,2022-12-16,2024-03-14,Upgrade
5000,102784,Growth,20,29.0,580.0,2024-03-14,2024-07-30,Downgrade
5001,102784,Growth,19,29.0,551.0,2024-07-30,2024-12-18,Seat Change
5002,102784,Growth,19,29.0,551.0,2024-12-18,,Renewal
5003,102785,Starter,2,15.0,28.67,2021-06-17,,Initial Signup
5004,102786,Growth,7,29.0,203.0,2022-04-17,2022-04-28,Initial Signup
5005,102786,Growth,8,29.0,232.0,2022-04-28,2022-08-03,Seat Change
5006,102786,Growth,9,29.0,261.0,2022-08-03,2023-04-05,Seat Change
5007,102786,Starter,5,15.0,75.0,2023-04-05,,Downgrade
5008,102787,Starter,1,15.0,15.0,2021-06-24,,
5009,102788,Pro,86,49.0,4214.0,2021-01-27,2023-05-10,Initial Signup
5010,102788,Enterprise,124,41.81,5184.44,2023-05-10,,Upgrade
5011,102789,Pro,27,49.0,1323.0,2021-06-16,2023-06-08,Initial Signup
5012,102789,Pro,25,49.0,1225.0,2023-06-08,,Seat Change
5013,102790,Starter,2,15.0,30.0,2021-05-02,,Initial Signup
5014,102791,Starter,2,15.0,30.0,2021-09-17,,Initial Signup
5015,102792,Starter,2,15.0,30.0,2023-09-25,,Initial Signup
5016,102793,Growth,15,29.0,435.0,2021-10-14,,Initial Signup
5017,102794,Growth,7,29.0,203.0,2023-06-16,2023-11-04,Initial Signup
5018,102794,Starter,5,15.0,75.0,2023-11-04,,Downgrade
5019,102795,Growth,6,29.0,174.0,2022-03-22,,Initial Signup
5020,102796,Starter,2,15.0,30.0,2021-01-13,,Initial Signup
5021,102797,Pro,74,49.0,3626.0,2021-05-12,,Initial Signup
5022,102798,Starter,2,15.0,30.0,2024-01-14,2024-05-05,Initial Signup
5023,102798,Starter,3,15.0,45.0,2024-05-05,,Seat Change
5024,102799,Growth,8,29.0,222.95,2022-05-24,2024-05-04,Initial Signup
5025,102799,Growth,9,29.0,261.0,2024-05-04,,Seat Change
5026,102800,Starter,1,15.0,15.0,2024-01-14,2024-10-12,Initial Signup
5027,102800,Starter,2,15.0,30.0,2024-10-12,,Seat Change
5028,102801,Starter,2,15.0,30.0,2021-08-10,2021-09-17,Initial Signup
5029,102801,Growth,5,29.0,145.0,2021-09-17,,Upgrade
5030,102802,Starter,5,15.0,75.0,2022-10-17,,Initial Signup
5031,102803,Growth,6,29.0,174.0,2022-12-20,2023-02-01,Initial Signup
5032,102803,Pro,20,49.0,980.0,2023-02-01,,Upgrade
5033,102804,Starter,1,15.0,15.0,2024-09-26,,Initial Signup
5034,102805,Pro,22,49.0,1078.0,2021-01-26,,Initial Signup
5035,102806,Starter,3,15.0,45.0,2024-05-22,,Initial Signup
5036,102807,Starter,2,15.0,30.0,2021-10-22,,Initial Signup
5037,102808,Growth,7,29.0,203.0,2023-05-13,,Initial Signup
5038,102809,Growth,8,29.0,232.0,2022-02-10,2023-05-24,Initial Signup
5039,102809,Growth,7,29.0,189.88,2023-05-24,,Seat Change
5040,102810,Starter,3,15.0,45.0,2022-03-16,2022-08-28,Initial Signup
5041,102810,Growth,5,29.0,145.0,2022-08-28,,Upgrade
5042,102811,Starter,1,15.0,15.0,2021-09-20,,Initial Signup
5043,102812,Starter,1,15.0,15.0,2023-05-15,2023-08-04,Initial Signup
5044,102812,Starter,2,15.0,30.0,2023-08-04,,Seat Change
5045,102813,Starter,2,15.0,30.0,2021-07-06,,Initial Signup
5046,102814,Starter,1,15.0,15.0,2021-12-01,,Initial Signup
5047,102815,Starter,2,15.0,30.0,2022-03-02,2024-12-05,Initial Signup
5048,102815,Starter,3,15.0,41.13,2024-12-05,,Seat Change
5049,102816,Starter,2,15.0,30.0,2022-11-12,,Initial Signup
5050,102817,Starter,2,15.0,30.0,2021-12-23,,Initial Signup
5051,102818,Growth,5,29.0,145.0,2022-08-23,2022-11-01,Initial Signup
5052,102818,Pro,20,49.0,980.0,2022-11-01,2022-12-29,Upgrade
5053,102818,Enterprise,55,32.12,1766.6,2022-12-29,,Upgrade
5054,102819,Starter,1,15.0,15.0,2021-12-23,2023-01-27,Initial Signup
5055,102819,Starter,2,15.0,30.0,2023-01-27,2023-10-08,Seat Change
5056,102819,Growth,5,29.0,145.0,2023-10-08,2023-12-06,Upgrade
5057,102819,Growth,6,29.0,174.0,2023-12-06,2024-02-21,Seat Change
5058,102819,Starter,5,15.0,75.0,2024-02-21,,Downgrade
5059,102820,Growth,7,29.0,180.27,2022-07-20,,Initial Signup
5060,102821,Growth,16,29.0,464.0,2022-08-01,,Initial Signup
5061,102822,Growth,6,29.0,174.0,2022-10-25,,Initial Signup
5062,102823,Growth,18,29.0,522.0,2023-04-27,,Initial Signup
5063,102824,Pro,21,49.0,1029.0,2022-02-24,,Initial Signup
5064,102825,Growth,18,29.0,522.0,2021-05-13,,Initial Signup
5065,102826,Growth,5,29.0,145.0,2022-08-07,2022-11-18,Initial Signup
5066,102826,Growth,5,29.0,145.0,2022-11-18,2023-01-16,Renewal
5067,102826,Growth,7,29.0,203.0,2023-01-16,,Seat Change
5068,102827,Starter,5,15.0,75.0,2021-02-26,,Initial Signup
5069,102828,Starter,1,15.0,15.0,2021-06-06,2021-07-30,
5070,102828,Growth,5,29.0,145.0,2021-07-30,,Upgrade
5071,102829,Growth,8,29.0,232.0,2023-02-23,,Initial Signup
5072,102830,Starter,1,15.0,15.0,2021-11-28,,Initial Signup
5073,102831,Growth,9,29.0,261.0,2021-12-26,,Initial Signup
5074,102832,Starter,1,15.0,15.0,2024-10-15,2024-10-31,Initial Signup
5075,102832,Starter,2,15.0,30.0,2024-10-31,2024-11-04,Seat Change
5076,102832,Starter,3,15.0,45.0,2024-11-04,,Seat Change
5077,102833,Growth,16,29.0,464.0,2021-06-24,2024-06-30,
5078,102833,Growth,17,29.0,493.0,2024-06-30,,Seat Change
5079,102834,Starter,1,15.0,15.0,2021-01-24,,Initial Signup
5080,102835,Growth,7,29.0,203.0,2021-03-28,,Initial Signup
5081,102836,Starter,2,15.0,30.0,2021-06-11,2022-06-21,Initial Signup
5082,102836,Starter,3,15.0,45.0,2022-06-21,,Seat Change
5083,102837,Pro,76,49.0,3724.0,2022-10-18,,Initial Signup
5084,102838,Pro,29,49.0,1421.0,2023-01-23,2024-02-07,Initial Signup
5085,102838,Enterprise,53,40.73,2158.69,2024-02-07,2024-12-16,Upgrade
5086,102838,Enterprise,61,40.73,2484.53,2024-12-16,,Seat Change
5087,102839,Starter,1,15.0,15.0,2022-03-07,,Initial Signup
5088,102840,Starter,2,15.0,30.0,2021-07-07,2021-07-31,Initial Signup
5089,102840,Growth,5,29.0,145.0,2021-07-31,,
5090,102841,Pro,31,49.0,1519.0,2022-01-11,2023-02-14,Initial Signup
5091,102841,Enterprise,62,30.07,1625.78,2023-02-14,,Upgrade
5092,102842,Starter,1,15.0,15.0,2021-01-11,2022-08-15,Initial Signup
5093,102842,Starter,2,15.0,30.0,2022-08-15,,Seat Change
5094,102843,Starter,2,15.0,30.0,2022-08-22,2023-02-25,Initial Signup
5095,102843,Starter,2,15.0,30.0,2023-02-25,2024-07-03,Renewal
5096,102843,Growth,5,29.0,145.0,2024-07-03,2024-11-07,Upgrade
5097,102843,Starter,5,15.0,75.0,2024-11-07,,Downgrade
5098,102844,Growth,15,29.0,435.0,2022-05-27,,Initial Signup
5099,102845,Growth,5,29.0,145.0,2021-01-05,2022-01-05,Initial Signup
5100,102845,Pro,20,49.0,980.0,2022-01-05,,Upgrade
5101,102846,Pro,27,49.0,1166.35,2023-04-10,,Initial Signup
5102,102847,Starter,1,15.0,15.0,2022-12-27,,Initial Signup
5103,102848,Growth,13,29.0,330.41,2021-08-17,2021-11-25,Initial Signup
5104,102848,Growth,15,29.0,435.0,2021-11-25,,Seat Change
5105,102849,Starter,1,15.0,15.0,2022-06-06,,Initial Signup
5106,102850,Growth,14,29.0,406.0,2022-05-17,,Initial Signup
5107,102851,Starter,4,15.0,60.0,2021-04-25,,Initial Signup
5108,102852,Starter,1,15.0,13.41,2021-05-11,2024-04-01,Initial Signup
5109,102852,Starter,1,15.0,15.0,2024-04-01,,Renewal
5110,102853,Starter,2,15.0,30.0,2022-09-14,,Initial Signup
5111,102854,Starter,2,15.0,30.0,2024-02-18,2024-10-26,Initial Signup
5112,102854,Growth,5,29.0,130.45,2024-10-26,,Upgrade
5113,102855,Growth,5,29.0,145.0,2022-04-24,2023-10-23,Initial Signup
5114,102855,Growth,5,29.0,145.0,2023-10-23,2024-02-01,
5115,102855,Starter,5,15.0,75.0,2024-02-01,,Downgrade
5116,102856,Pro,21,49.0,1029.0,2022-03-16,2022-07-25,Initial Signup
5117,102856,Pro,21,49.0,1029.0,2022-07-25,,Renewal
5118,102857,Growth,6,29.0,174.0,2022-07-27,2024-03-04,Initial Signup
5119,102857,Growth,5,29.0,145.0,2024-03-04,2024-11-25,Seat Change
5120,102857,Pro,20,49.0,980.0,2024-11-25,,Upgrade
5121,102858,Growth,5,29.0,145.0,2021-11-22,2023-12-13,Initial Signup
5122,102858,Growth,7,29.0,203.0,2023-12-13,,Seat Change
5123,102859,Growth,6,29.0,174.0,2021-02-12,2024-06-17,Initial Signup
5124,102859,Growth,5,29.0,145.0,2024-06-17,,Seat Change
5125,102860,Pro,38,49.0,1862.0,2021-10-14,,Initial Signup
5126,102861,Starter,2,15.0,30.0,2023-10-20,,Initial Signup
5127,102862,Pro,70,49.0,3430.0,2023-03-02,2023-09-15,Initial Signup
5128,102862,Enterprise,225,26.43,5151.58,2023-09-15,2023-12-23,Upgrade
5129,102862,Pro,93,49.0,4557.0,2023-12-23,,Downgrade
5130,102863,Starter,1,15.0,15.0,2024-01-07,,Initial Signup
5131,102864,Pro,78,49.0,3822.0,2021-04-07,,Initial Signup
5132,102865,Growth,5,29.0,145.0,2022-01-23,2023-01-14,Initial Signup
5133,102865,Pro,20,49.0,980.0,2023-01-14,,Upgrade
5134,102866,Growth,7,29.0,203.0,2022-04-24,2022-07-30,Initial Signup
5135,102866,Starter,5,15.0,68.94,2022-07-30,2023-09-20,Downgrade
5136,102866,Starter,5,15.0,75.0,2023-09-20,,Renewal
5137,102867,Starter,1,15.0,15.0,2021-05-23,2022-04-22,Initial Signup
5138,102867,Growth,5,29.0,145.0,2022-04-22,2022-05-31,Upgrade
5139,102867,Pro,20,49.0,980.0,2022-05-31,,Upgrade
5140,102868,Growth,12,29.0,348.0,2021-05-03,,Initial Signup
5141,102869,Growth,5,29.0,145.0,2023-01-09,,Initial Signup
5142,102870,Starter,5,15.0,75.0,2022-08-09,2023-06-02,Initial Signup
5143,102870,Starter,5,15.0,64.02,2023-06-02,2024-08-14,Renewal
5144,102870,Growth,5,29.0,129.98,2024-08-14,,Upgrade
5145,102871,Pro,46,49.0,2254.0,2022-07-01,,Initial Signup
5146,102872,Starter,1,15.0,15.0,2021-07-08,,Initial Signup
5147,102873,Growth,13,29.0,377.0,2022-01-13,2022-01-17,Initial Signup
5148,102873,Growth,11,29.0,319.0,2022-01-17,2022-04-03,Seat Change
5149,102873,Pro,20,49.0,980.0,2022-04-03,2022-05-29,Upgrade
5150,102873,Enterprise,54,32.33,1745.82,2022-05-29,,Upgrade
5151,102874,Starter,5,15.0,75.0,2021-01-25,,Initial Signup
5152,102875,Starter,1,15.0,13.62,2021-03-05,,Initial Signup
5153,102876,Starter,2,15.0,27.63,2022-01-25,,Initial Signup
5154,102877,Pro,70,49.0,3430.0,2021-08-23,,Initial Signup
5155,102878,Growth,5,29.0,127.0,2024-07-05,,Initial Signup
5156,102879,Growth,17,29.0,493.0,2021-12-08,2022-01-17,Initial Signup
5157,102879,Growth,17,29.0,493.0,2022-01-17,,Renewal
5158,102880,Growth,12,29.0,348.0,2021-02-13,2023-10-07,Initial Signup
5159,102880,Growth,13,29.0,341.5,2023-10-07,,Seat Change
5160,102881,Growth,20,29.0,580.0,2021-01-27,2021-06-22,Initial Signup
5161,102881,Starter,5,15.0,75.0,2021-06-22,,Downgrade
5162,102882,Starter,2,15.0,30.0,2022-10-22,,Initial Signup
5163,102883,Starter,2,15.0,30.0,2021-05-28,2022-09-07,Initial Signup
5164,102883,Growth,5,29.0,145.0,2022-09-07,,Upgrade
5165,102884,Pro,93,49.0,4557.0,2021-05-09,,Initial Signup
5166,102885,Growth,7,29.0,203.0,2021-11-26,,Initial Signup
5167,102886,Starter,1,15.0,15.0,2021-07-27,,Initial Signup
5168,102887,Growth,5,29.0,145.0,2022-06-17,2023-12-27,Initial Signup
5169,102887,Growth,5,29.0,145.0,2023-12-27,,Renewal
5170,102888,Starter,3,15.0,45.0,2021-12-05,,Initial Signup
5171,102889,Pro,29,49.0,1421.0,2021-03-08,2021-03-18,Initial Signup
5172,102889,Pro,29,49.0,1421.0,2021-03-18,,Renewal
5173,102890,Starter,1,15.0,15.0,2023-01-04,,Initial Signup
5174,102891,Starter,4,15.0,60.0,2021-11-23,2024-12-04,Initial Signup
5175,102891,Starter,5,15.0,75.0,2024-12-04,,Seat Change
5176,102892,Starter,1,15.0,15.0,2022-05-09,2023-06-13,Initial Signup
5177,102892,Growth,5,29.0,145.0,2023-06-13,2024-08-11,Upgrade
5178,102892,Starter,5,15.0,75.0,2024-08-11,,Downgrade
5179,102893,Enterprise,706,26.69,18843.14,2021-01-20,,
5180,102894,Enterprise,93,42.2,3924.6,2022-06-08,2023-09-28,Initial Signup
5181,102894,Enterprise,111,42.2,4684.2,2023-09-28,2023-10-20,Seat Change
5182,102894,Enterprise,111,42.2,4684.2,2023-10-20,2024-08-30,Renewal
5183,102894,Pro,47,49.0,2202.76,2024-08-30,2024-10-04,Downgrade
5184,102894,Pro,52,49.0,2548.0,2024-10-04,,Seat Change
5185,102895,Growth,13,29.0,377.0,2021-07-28,,Initial Signup
5186,102896,Starter,5,15.0,75.0,2021-12-22,,Initial Signup
5187,102897,Pro,34,49.0,1666.0,2021-08-11,,Initial Signup
5188,102898,Growth,5,29.0,129.5,2024-12-14,,Initial Signup
5189,102899,Growth,15,29.0,435.0,2021-06-02,,Initial Signup
5190,102900,Growth,6,29.0,153.55,2023-11-04,,
5191,102901,Growth,12,29.0,348.0,2023-12-28,,Initial Signup
5192,102902,Growth,7,29.0,203.0,2021-11-23,,Initial Signup
5193,102903,Growth,5,29.0,145.0,2021-08-24,2021-09-13,Initial Signup
5194,102903,Starter,5,15.0,75.0,2021-09-13,,Downgrade
5195,102904,Pro,20,49.0,980.0,2021-10-19,2022-12-09,Initial Signup
5196,102904,Enterprise,50,35.78,1789.0,2022-12-09,,Upgrade
5197,102905,Pro,46,49.0,2118.56,2024-11-07,,Initial Signup
5198,102906,Pro,58,49.0,2842.0,2022-06-03,,Initial Signup
5199,102907,Starter,1,15.0,15.0,2022-02-21,2024-09-23,Initial Signup
5200,102907,Starter,2,15.0,30.0,2024-09-23,,Seat Change
5201,102908,Starter,1,15.0,15.0,2021-01-10,,Initial Signup
5202,102909,Starter,1,15.0,15.0,2023-06-01,,Initial Signup
5203,102910,Starter,3,15.0,45.0,2021-02-01,,Initial Signup
5204,102911,Growth,5,29.0,128.05,2021-01-16,,Initial Signup
5205,102912,Pro,53,49.0,2597.0,2021-07-24,,Initial Signup
5206,102913,Starter,3,15.0,45.0,2021-12-11,2022-02-20,Initial Signup
5207,102913,Growth,5,29.0,133.92,2022-02-20,2022-03-17,Upgrade
5208,102913,Pro,20,49.0,834.09,2022-03-17,,Upgrade
5209,102914,Pro,40,49.0,1960.0,2023-10-28,2023-11-08,Initial Signup
5210,102914,Pro,40,49.0,1960.0,2023-11-08,,Renewal
5211,102915,Growth,14,29.0,406.0,2023-01-11,,Initial Signup
5212,102916,Pro,31,49.0,1519.0,2021-05-21,,Initial Signup
5213,102917,Growth,7,29.0,181.88,2021-09-07,2024-04-26,Initial Signup
5214,102917,Growth,7,29.0,186.78,2024-04-26,,Renewal
5215,102918,Growth,10,29.0,290.0,2023-01-18,,Initial Signup
5216,102919,Growth,6,29.0,174.0,2022-01-08,,Initial Signup
5217,102920,Growth,9,29.0,261.0,2021-05-22,,Initial Signup
5218,102921,Growth,5,29.0,145.0,2021-10-13,,Initial Signup
5219,102922,Starter,1,15.0,12.96,2022-06-02,2023-04-21,Initial Signup
5220,102922,Starter,1,15.0,15.0,2023-04-21,2024-01-28,Renewal
5221,102922,Starter,2,15.0,30.0,2024-01-28,2024-11-19,Seat Change
5222,102922,Starter,2,15.0,30.0,2024-11-19,,Renewal
5223,102923,Pro,25,49.0,1225.0,2024-08-07,2024-09-01,Initial Signup
5224,102923,Pro,25,49.0,1225.0,2024-09-01,,Renewal
5225,102924,Growth,18,29.0,488.58,2022-08-10,2023-08-12,Initial Signup
5226,102924,Growth,17,29.0,493.0,2023-08-12,2024-06-08,Seat Change
5227,102924,Pro,20,49.0,980.0,2024-06-08,2024-07-26,Upgrade
5228,102924,Growth,16,29.0,464.0,2024-07-26,,Downgrade
5229,102925,Growth,10,29.0,290.0,2021-01-14,2022-01-13,Initial Signup
5230,102925,Starter,5,15.0,75.0,2022-01-13,2023-03-20,Downgrade
5231,102925,Starter,5,15.0,68.12,2023-03-20,,Renewal
5232,102926,Starter,1,15.0,15.0,2022-09-08,2023-12-24,Initial Signup
5233,102926,Growth,5,29.0,145.0,2023-12-24,,Upgrade
5234,102927,Starter,2,15.0,30.0,2021-06-17,,Initial Signup
5235,102928,Starter,1,15.0,15.0,2023-07-27,2024-09-29,Initial Signup
5236,102928,Starter,2,15.0,30.0,2024-09-29,,Seat Change
5237,102929,Starter,2,15.0,30.0,2021-10-20,2021-11-27,Initial Signup
5238,102929,Starter,3,15.0,45.0,2021-11-27,,Seat Change
5239,102930,Starter,4,15.0,60.0,2021-05-09,,Initial Signup
5240,102931,Pro,46,49.0,2254.0,2021-12-19,,Initial Signup
5241,102932,Pro,32,49.0,1568.0,2021-07-28,,Initial Signup
5242,102933,Growth,6,29.0,174.0,2021-06-07,,Initial Signup
5243,102934,Growth,6,29.0,174.0,2022-04-07,,Initial Signup
5244,102935,Growth,20,29.0,580.0,2022-12-02,2024-02-25,Initial Signup
5245,102935,Starter,5,15.0,75.0,2024-02-25,,Downgrade
5246,102936,Starter,4,15.0,60.0,2023-05-24,,Initial Signup
5247,102937,Starter,1,15.0,15.0,2021-10-24,2021-12-28,Initial Signup
5248,102937,Starter,2,15.0,30.0,2021-12-28,,Seat Change
5249,102938,Growth,11,29.0,319.0,2021-02-12,,Initial Signup
5250,102939,Starter,1,15.0,15.0,2021-12-25,,Initial Signup
5251,102940,Pro,87,49.0,4263.0,2021-11-19,,Initial Signup
5252,102941,Growth,6,29.0,174.0,2021-05-28,,Initial Signup
5253,102942,Starter,4,15.0,60.0,2023-10-26,2024-02-14,Initial Signup
5254,102942,Growth,5,29.0,145.0,2024-02-14,,Upgrade
5255,102943,Pro,28,49.0,1248.89,2024-08-27,2024-08-29,Initial Signup
5256,102943,Enterprise,82,,2139.78,2024-08-29,,Upgrade
5257,102944,Starter,3,15.0,45.0,2021-02-11,2022-02-03,Initial Signup
5258,102944,Starter,4,15.0,60.0,2022-02-03,,Seat Change
5259,102945,Growth,15,29.0,435.0,2023-02-18,,Initial Signup
5260,102946,Starter,1,15.0,15.0,2022-07-05,2023-10-13,Initial Signup
5261,102946,Starter,2,15.0,30.0,2023-10-13,2023-10-28,Seat Change
5262,102946,Growth,5,29.0,145.0,2023-10-28,2024-07-17,Upgrade
5263,102946,Growth,6,29.0,174.0,2024-07-17,2024-09-27,Seat Change
5264,102946,Growth,6,29.0,174.0,2024-09-27,,Renewal
5265,102947,Starter,4,15.0,60.0,2021-07-26,2023-08-05,Initial Signup
5266,102947,Growth,5,29.0,145.0,2023-08-05,,Upgrade
5267,102948,Growth,16,29.0,464.0,2022-06-09,2023-08-04,Initial Signup
5268,102948,Growth,16,29.0,464.0,2023-08-04,,Renewal
5269,102949,Starter,1,15.0,15.0,2021-03-13,2021-03-14,Initial Signup
5270,102949,Growth,5,29.0,145.0,2021-03-14,2022-09-17,Upgrade
5271,102949,Growth,7,29.0,203.0,2022-09-17,,Seat Change
5272,102950,Starter,1,15.0,15.0,2021-02-17,,Initial Signup
5273,102951,Starter,2,15.0,30.0,2024-11-23,,Initial Signup
5274,102952,Growth,9,29.0,261.0,2022-06-21,2022-12-15,Initial Signup
5275,102952,Growth,9,29.0,261.0,2022-12-15,2023-06-22,Renewal
5276,102952,Growth,8,29.0,232.0,2023-06-22,2024-03-21,Seat Change
5277,102952,Starter,5,15.0,70.76,2024-03-21,,Downgrade
5278,102953,Pro,62,49.0,3038.0,2021-07-27,,Initial Signup
5279,102954,Growth,15,29.0,435.0,2021-11-20,2024-09-24,Initial Signup
5280,102954,Starter,5,15.0,75.0,2024-09-24,,Downgrade
5281,102955,Growth,9,29.0,261.0,2024-04-23,,Initial Signup
5282,102956,Starter,2,15.0,30.0,2021-11-17,,Initial Signup
5283,102957,Starter,1,15.0,15.0,2023-10-12,2023-12-16,Initial Signup
5284,102957,Starter,1,15.0,15.0,2023-12-16,2024-04-14,
5285,102957,Starter,2,15.0,30.0,2024-04-14,,Seat Change
5286,102958,Growth,6,29.0,174.0,2023-08-26,,Initial Signup
5287,102959,Growth,5,29.0,145.0,2021-09-11,,Initial Signup
5288,102960,Enterprise,92,39.57,3640.44,2022-09-18,2023-01-09,Initial Signup
5289,102960,Pro,40,49.0,1960.0,2023-01-09,,Downgrade
5290,102961,Starter,3,15.0,45.0,2022-07-09,,Initial Signup
5291,102962,Starter,3,15.0,45.0,2022-12-14,,Initial Signup
5292,102963,Starter,1,15.0,13.5,2021-09-11,2022-09-27,Initial Signup
5293,102963,Starter,1,15.0,15.0,2022-09-27,,Renewal
5294,102964,Starter,2,15.0,30.0,2021-02-08,,Initial Signup
5295,102965,Growth,11,29.0,319.0,2021-04-23,2022-09-24,Initial Signup
5296,102965,Growth,10,29.0,290.0,2022-09-24,,Seat Change
5297,102966,Growth,6,29.0,174.0,2022-06-22,,Initial Signup
5298,102967,Starter,3,15.0,45.0,2023-01-20,2023-09-04,Initial Signup
5299,102967,Starter,2,15.0,30.0,2023-09-04,2024-02-20,Seat Change
5300,102967,Starter,2,15.0,30.0,2024-02-20,2024-04-28,Renewal
5301,102967,Growth,5,29.0,145.0,2024-04-28,2024-12-12,Upgrade
5302,102967,Growth,6,29.0,174.0,2024-12-12,,Seat Change
5303,102968,Starter,4,15.0,60.0,2022-12-03,,Initial Signup
5304,102969,Pro,42,49.0,2058.0,2022-04-07,2022-09-21,Initial Signup
5305,102969,Enterprise,80,29.89,2391.2,2022-09-21,2024-03-23,Upgrade
5306,102969,Enterprise,81,29.89,2421.09,2024-03-23,,Seat Change
5307,102970,Starter,1,15.0,15.0,2021-02-07,2022-02-11,Initial Signup
5308,102970,Growth,5,29.0,145.0,2022-02-11,2022-03-09,Upgrade
5309,102970,Pro,20,49.0,980.0,2022-03-09,,Upgrade
5310,102971,Starter,3,15.0,45.0,2021-01-20,,Initial Signup
5311,102972,Growth,20,29.0,554.47,2023-01-25,,Initial Signup
5312,102973,Pro,24,49.0,1176.0,2022-02-11,,Initial Signup
5313,102974,Starter,3,15.0,45.0,2023-01-10,2023-07-09,Initial Signup
5314,102974,Starter,4,15.0,56.51,2023-07-09,,Seat Change
5315,102975,Pro,21,49.0,1029.0,2021-04-16,2021-04-27,Initial Signup
5316,102975,Pro,21,49.0,1029.0,2021-04-27,,Renewal
5317,102976,Starter,1,15.0,15.0,2021-10-28,2023-01-23,Initial Signup
5318,102976,Starter,2,15.0,30.0,2023-01-23,2023-10-08,Seat Change
5319,102976,Starter,3,15.0,45.0,2023-10-08,,Seat Change
5320,102977,Starter,1,15.0,15.0,2023-12-11,2024-09-06,Initial Signup
5321,102977,Starter,1,15.0,15.0,2024-09-06,2024-12-09,Renewal
5322,102977,Growth,5,29.0,145.0,2024-12-09,,Upgrade
5323,102978,Pro,26,49.0,1274.0,2021-05-08,2022-04-10,Initial Signup
5324,102978,Enterprise,81,28.58,2314.98,2022-04-10,,
5325,102979,Pro,55,49.0,2695.0,2021-02-15,,Initial Signup
5326,102980,Starter,1,15.0,15.0,2022-07-26,2024-05-05,Initial Signup
5327,102980,Starter,2,15.0,30.0,2024-05-05,,Seat Change
5328,102981,Starter,1,15.0,15.0,2022-05-21,2023-10-09,Initial Signup
5329,102981,Starter,2,15.0,30.0,2023-10-09,,Seat Change
5330,102982,Starter,2,15.0,30.0,2024-05-15,,Initial Signup
5331,102983,Starter,2,15.0,30.0,2023-11-21,2024-10-29,Initial Signup
5332,102983,Starter,3,15.0,45.0,2024-10-29,,Seat Change
5333,102984,Starter,1,15.0,15.0,2022-11-01,,Initial Signup
5334,102985,Growth,10,29.0,279.44,2021-01-22,,Initial Signup
5335,102986,Pro,23,49.0,1127.0,2021-12-03,,Initial Signup
5336,102987,Growth,16,29.0,464.0,2023-10-11,,Initial Signup
5337,102988,Enterprise,406,25.92,10523.52,2021-11-10,2023-08-30,Initial Signup
5338,102988,Enterprise,406,25.92,10523.52,2023-08-30,2024-11-19,Renewal
5339,102988,Enterprise,406,25.92,10523.52,2024-11-19,,Renewal
5340,102989,Growth,12,29.0,348.0,2024-06-20,2024-09-12,Initial Signup
5341,102989,Growth,10,29.0,290.0,2024-09-12,2024-10-17,Seat Change
5342,102989,Growth,11,29.0,319.0,2024-10-17,2024-12-26,Seat Change
5343,102989,Pro,20,49.0,980.0,2024-12-26,2024-12-30,Upgrade
5344,102989,Pro,27,49.0,1323.0,2024-12-30,,Seat Change
5345,102990,Starter,2,15.0,30.0,2022-07-07,2024-04-29,Initial Signup
5346,102990,Starter,2,15.0,30.0,2024-04-29,,Renewal
5347,102991,Growth,8,29.0,232.0,2021-03-07,2024-03-12,Initial Signup
5348,102991,Pro,20,49.0,980.0,2024-03-12,,Upgrade
5349,102992,Pro,29,49.0,1421.0,2022-01-25,,Initial Signup
5350,102993,Pro,31,49.0,1519.0,2022-09-14,2023-10-05,Initial Signup
5351,102993,Enterprise,79,27.1,2140.9,2023-10-05,2024-07-05,Upgrade
5352,102993,Enterprise,78,27.1,2113.8,2024-07-05,,Seat Change
5353,102994,Starter,4,15.0,60.0,2021-02-21,2023-06-16,Initial Signup
5354,102994,Starter,5,15.0,75.0,2023-06-16,,Seat Change
5355,102995,Growth,5,29.0,145.0,2021-09-17,,Initial Signup
5356,102996,Pro,35,49.0,1715.0,2022-10-18,,Initial Signup
5357,102997,Pro,20,49.0,980.0,2021-04-20,,Initial Signup
5358,102998,Pro,28,49.0,1372.0,2021-09-19,,Initial Signup
5359,102999,Starter,4,15.0,60.0,2022-09-26,2024-01-12,Initial Signup
5360,102999,Starter,3,15.0,45.0,2024-01-12,2024-10-23,Seat Change
5361,102999,Starter,4,15.0,60.0,2024-10-23,2024-11-03,Seat Change
5362,102999,Starter,5,15.0,75.0,2024-11-03,,Seat Change
5363,103000,Starter,2,15.0,30.0,2023-01-22,2023-11-16,Initial Signup
5364,103000,Starter,3,15.0,45.0,2023-11-16,2024-03-20,Seat Change
5365,103000,Starter,4,15.0,60.0,2024-03-20,,Seat Change
5366,103001,Growth,5,29.0,145.0,2022-01-09,2022-01-18,Initial Signup
5367,103001,Growth,5,29.0,145.0,2022-01-18,,Renewal
5368,103002,Growth,6,29.0,174.0,2024-06-05,,Initial Signup
5369,103003,Growth,12,29.0,348.0,2024-01-24,2024-09-12,Initial Signup
5370,103003,Pro,20,49.0,980.0,2024-09-12,,Upgrade
5371,103004,Pro,37,49.0,1813.0,2021-12-11,,Initial Signup
5372,103005,Growth,5,29.0,138.69,2021-04-09,2021-11-28,Initial Signup
5373,103005,Growth,5,29.0,145.0,2021-11-28,2021-11-29,Renewal
5374,103005,Pro,20,49.0,980.0,2021-11-29,2022-05-20,Upgrade
5375,103005,Pro,20,49.0,863.77,2022-05-20,,Renewal
5376,103006,Growth,13,29.0,377.0,2022-12-04,,Initial Signup
5377,103007,Growth,5,29.0,145.0,2021-06-16,2021-10-12,Initial Signup
5378,103007,Starter,5,15.0,75.0,2021-10-12,,Downgrade
5379,103008,Growth,13,29.0,377.0,2023-06-15,2023-11-25,Initial Signup
5380,103008,Growth,10,29.0,247.06,2023-11-25,2024-01-01,Seat Change
5381,103008,Pro,20,49.0,980.0,2024-01-01,2024-06-28,Upgrade
5382,103008,Pro,20,49.0,884.33,2024-06-28,,Renewal
5383,103009,Growth,12,29.0,348.0,2022-04-24,2022-08-21,Initial Signup
5384,103009,Pro,20,49.0,980.0,2022-08-21,,Upgrade
5385,103010,Starter,2,15.0,30.0,2021-10-21,2022-01-08,Initial Signup
5386,103010,Starter,3,15.0,45.0,2022-01-08,2022-06-19,Seat Change
5387,103010,Starter,3,15.0,45.0,2022-06-19,2023-03-25,Renewal
5388,103010,Starter,4,15.0,55.99,2023-03-25,,Seat Change
5389,103011,Growth,7,29.0,203.0,2022-03-21,,Initial Signup
5390,103012,Starter,3,15.0,40.3,2022-02-16,,Initial Signup
5391,103013,Growth,11,29.0,319.0,2023-12-25,,Initial Signup
5392,103014,Starter,1,15.0,15.0,2021-06-28,2021-07-09,Initial Signup
5393,103014,Starter,1,15.0,15.0,2021-07-09,,Renewal
5394,103015,Growth,10,29.0,290.0,2024-01-23,,Initial Signup
5395,103016,Enterprise,454,31.24,14182.96,2021-01-10,2021-07-03,Initial Signup
5396,103016,Enterprise,428,31.24,13370.72,2021-07-03,2023-03-16,Seat Change
5397,103016,Pro,100,49.0,4900.0,2023-03-16,2023-06-26,Downgrade
5398,103016,Enterprise,247,37.34,9222.98,2023-06-26,,Upgrade
5399,103017,Starter,2,15.0,30.0,2022-12-08,2023-01-09,Initial Signup
5400,103017,Starter,3,15.0,45.0,2023-01-09,2023-02-13,Seat Change
5401,103017,Starter,4,15.0,60.0,2023-02-13,2023-06-03,Seat Change
5402,103017,Starter,5,15.0,75.0,2023-06-03,,Seat Change
5403,103018,Pro,89,49.0,4361.0,2023-12-01,2024-10-26,
5404,103018,Enterprise,168,38.76,6511.68,2024-10-26,,Upgrade
5405,103019,Starter,1,15.0,15.0,2021-10-28,2022-01-05,Initial Signup
5406,103019,Starter,1,15.0,15.0,2022-01-05,2022-02-17,Renewal
5407,103019,Starter,2,15.0,30.0,2022-02-17,,Seat Change
5408,103020,Starter,1,15.0,15.0,2021-02-21,2021-11-20,Initial Signup
5409,103020,Starter,1,15.0,15.0,2021-11-20,,Renewal
5410,103021,Growth,20,29.0,580.0,2023-03-27,2023-05-11,Initial Signup
5411,103021,Growth,14,29.0,406.0,2023-05-11,,Seat Change
5412,103022,Growth,7,29.0,203.0,2023-06-23,2024-02-11,Initial Signup
5413,103022,Growth,6,29.0,174.0,2024-02-11,,Seat Change
5414,103023,Growth,6,29.0,157.26,2021-09-13,,Initial Signup
5415,103024,Growth,6,29.0,174.0,2022-01-05,2023-05-15,Initial Signup
5416,103024,Starter,5,15.0,75.0,2023-05-15,,Downgrade
5417,103025,Starter,1,15.0,15.0,2023-03-02,,Initial Signup
5418,103026,Pro,44,49.0,2156.0,2021-05-23,,Initial Signup
5419,103027,Starter,5,15.0,75.0,2022-06-09,,Initial Signup
5420,103028,Starter,1,15.0,15.0,2021-11-11,,Initial Signup
5421,103029,Growth,6,29.0,174.0,2021-05-24,2022-03-04,Initial Signup
5422,103029,Growth,6,29.0,174.0,2022-03-04,,Renewal
5423,103030,Growth,5,29.0,145.0,2023-05-14,2023-10-07,Initial Signup
5424,103030,Growth,6,29.0,174.0,2023-10-07,2024-05-08,Seat Change
5425,103030,Growth,6,29.0,174.0,2024-05-08,2024-11-09,Renewal
5426,103030,Pro,20,49.0,933.93,2024-11-09,,Upgrade
5427,103031,Pro,22,49.0,998.81,2021-08-27,,Initial Signup
5428,103032,Growth,11,29.0,319.0,2024-02-16,,Initial Signup
5429,103033,Starter,4,15.0,60.0,2022-03-24,,Initial Signup
5430,103034,Growth,5,29.0,145.0,2022-01-04,2022-10-20,Initial Signup
5431,103034,Growth,6,29.0,174.0,2022-10-20,2024-08-05,Seat Change
5432,103034,Growth,6,29.0,174.0,2024-08-05,,Renewal
5433,103035,Growth,6,29.0,174.0,2021-11-12,2022-04-09,Initial Signup
5434,103035,Pro,20,49.0,980.0,2022-04-09,2022-07-08,Upgrade
5435,103035,Growth,19,29.0,551.0,2022-07-08,2023-01-30,Downgrade
5436,103035,Growth,16,29.0,464.0,2023-01-30,,
5437,103036,Pro,61,49.0,2989.0,2021-10-06,,Initial Signup
5438,103037,Starter,2,15.0,27.71,2023-04-02,,Initial Signup
5439,103038,Growth,11,29.0,319.0,2022-08-28,,Initial Signup
5440,103039,Starter,2,15.0,30.0,2022-12-15,2022-12-29,Initial Signup
5441,103039,Starter,1,15.0,13.34,2022-12-29,2023-09-22,Seat Change
5442,103039,Starter,2,15.0,30.0,2023-09-22,2023-10-23,Seat Change
5443,103039,Starter,3,15.0,39.31,2023-10-23,,Seat Change
5444,103040,Growth,19,29.0,551.0,2021-11-10,,Initial Signup
5445,103041,Starter,2,15.0,30.0,2021-07-11,2021-10-06,Initial Signup
5446,103041,Growth,5,29.0,145.0,2021-10-06,2023-08-07,Upgrade
5447,103041,Pro,20,49.0,980.0,2023-08-07,,Upgrade
5448,103042,Growth,5,29.0,145.0,2021-02-07,,Initial Signup
5449,103043,Growth,16,29.0,464.0,2023-01-04,2023-06-22,Initial Signup
5450,103043,Growth,18,29.0,522.0,2023-06-22,2023-10-03,Seat Change
5451,103043,Growth,18,29.0,522.0,2023-10-03,2024-01-23,Renewal
5452,103043,Pro,20,49.0,980.0,2024-01-23,2024-04-10,Upgrade
5453,103043,Pro,20,49.0,980.0,2024-04-10,,Renewal
5454,103044,Growth,18,29.0,522.0,2021-10-26,,Initial Signup
5455,103045,Growth,9,29.0,261.0,2022-01-03,2022-05-21,Initial Signup
5456,103045,Starter,5,15.0,68.23,2022-05-21,,Downgrade
5457,103046,Growth,10,29.0,290.0,2021-12-11,2022-09-15,Initial Signup
5458,103046,Pro,20,49.0,980.0,2022-09-15,2024-04-30,Upgrade
5459,103046,Pro,26,49.0,1162.47,2024-04-30,2024-09-21,Seat Change
5460,103046,Pro,29,49.0,1421.0,2024-09-21,,Seat Change
5461,103047,Growth,19,29.0,551.0,2021-11-05,2022-08-31,Initial Signup
5462,103047,Growth,17,29.0,493.0,2022-08-31,2023-06-27,Seat Change
5463,103047,Starter,5,15.0,75.0,2023-06-27,2024-02-10,Downgrade
5464,103047,Starter,5,15.0,75.0,2024-02-10,,Renewal
5465,103048,Growth,17,29.0,493.0,2022-09-27,2022-11-30,Initial Signup
5466,103048,Growth,13,29.0,377.0,2022-11-30,2023-06-11,Seat Change
5467,103048,Pro,20,49.0,980.0,2023-06-11,2023-10-05,Upgrade
5468,103048,Enterprise,50,39.37,1968.5,2023-10-05,2024-04-15,Upgrade
5469,103048,Enterprise,50,39.37,1968.5,2024-04-15,,Renewal
5470,103049,Growth,10,29.0,252.69,2022-05-06,,Initial Signup
5471,103050,Pro,22,49.0,1042.22,2024-08-12,,Initial Signup
5472,103051,Growth,17,29.0,493.0,2021-04-22,2021-10-10,Initial Signup
5473,103051,Pro,20,49.0,980.0,2021-10-10,2024-05-10,Upgrade
5474,103051,Enterprise,50,35.33,1766.5,2024-05-10,2024-05-20,Upgrade
5475,103051,Enterprise,50,35.33,1766.5,2024-05-20,,Renewal
5476,103052,Starter,1,15.0,15.0,2022-04-16,2024-08-01,Initial Signup
5477,103052,Starter,2,15.0,30.0,2024-08-01,,Seat Change
5478,103053,Growth,8,29.0,232.0,2021-02-11,2022-05-18,Initial Signup
5479,103053,Growth,8,29.0,232.0,2022-05-18,2022-10-03,Renewal
5480,103053,Growth,9,29.0,261.0,2022-10-03,2023-12-14,Seat Change
5481,103053,Growth,9,29.0,261.0,2023-12-14,,Renewal
5482,103054,Pro,38,49.0,1862.0,2023-03-16,2023-07-03,Initial Signup
5483,103054,Enterprise,61,40.02,2441.22,2023-07-03,2023-12-13,Upgrade
5484,103054,Enterprise,57,40.02,2281.14,2023-12-13,2024-08-07,Seat Change
5485,103054,Enterprise,50,40.02,2001.0,2024-08-07,,Seat Change
5486,103055,Pro,34,49.0,1666.0,2022-05-13,2022-07-24,Initial Signup
5487,103055,Enterprise,64,41.84,2332.66,2022-07-24,,Upgrade
5488,103056,Pro,35,49.0,1715.0,2021-11-09,,Initial Signup
5489,103057,Starter,5,15.0,75.0,2023-03-17,2024-06-01,Initial Signup
5490,103057,Growth,5,29.0,145.0,2024-06-01,,Upgrade
5491,103058,Starter,1,15.0,15.0,2021-11-11,2023-08-03,Initial Signup
5492,103058,Starter,2,15.0,30.0,2023-08-03,2023-09-14,Seat Change
5493,103058,Starter,2,15.0,30.0,2023-09-14,,Renewal
5494,103059,Growth,6,29.0,174.0,2021-06-27,,Initial Signup
5495,103060,Starter,1,15.0,15.0,2021-12-13,,Initial Signup
5496,103061,Starter,2,15.0,30.0,2021-02-22,2021-05-30,Initial Signup
5497,103061,Starter,2,15.0,28.38,2021-05-30,,Renewal
5498,103062,Growth,15,29.0,435.0,2023-10-07,2023-12-27,Initial Signup
5499,103062,Pro,20,49.0,980.0,2023-12-27,,Upgrade
5500,103063,Growth,5,29.0,145.0,2022-11-19,2023-09-19,Initial Signup
5501,103063,Pro,20,49.0,980.0,2023-09-19,,Upgrade
5502,103064,Pro,22,49.0,1078.0,2022-12-16,,Initial Signup
5503,103065,Starter,1,15.0,15.0,2023-08-21,,Initial Signup
5504,103066,Pro,70,49.0,3430.0,2023-02-13,,Initial Signup
5505,103067,Starter,1,15.0,13.53,2021-11-21,,Initial Signup
5506,103068,Starter,4,15.0,60.0,2021-03-02,2021-05-19,Initial Signup
5507,103068,Starter,4,15.0,60.0,2021-05-19,,Renewal
5508,103069,Starter,1,15.0,15.0,2021-09-20,2021-09-26,Initial Signup
5509,103069,Growth,5,29.0,145.0,2021-09-26,,Upgrade
5510,103070,Pro,59,49.0,2891.0,2024-02-22,2024-07-14,Initial Signup
5511,103070,Growth,20,29.0,580.0,2024-07-14,,Downgrade
5512,103071,Growth,17,29.0,493.0,2024-04-14,,Initial Signup
5513,103072,Starter,2,15.0,30.0,2022-12-01,2023-01-12,Initial Signup
5514,103072,Starter,1,15.0,15.0,2023-01-12,2023-01-23,Seat Change
5515,103072,Growth,5,29.0,145.0,2023-01-23,2023-03-16,Upgrade
5516,103072,Pro,20,49.0,980.0,2023-03-16,2023-04-03,Upgrade
5517,103072,Pro,20,49.0,980.0,2023-04-03,,Renewal
5518,103073,Growth,9,29.0,261.0,2021-05-16,,Initial Signup
5519,103074,Pro,21,49.0,1029.0,2021-05-22,,Initial Signup
5520,103075,Pro,50,49.0,2450.0,2023-09-13,2023-11-03,Initial Signup
5521,103075,Pro,50,49.0,2450.0,2023-11-03,2024-09-27,Renewal
5522,103075,Growth,20,29.0,580.0,2024-09-27,,Downgrade
5523,103076,Enterprise,114,34.13,3890.82,2021-04-03,2021-10-21,Initial Signup
5524,103076,Enterprise,94,34.13,3208.22,2021-10-21,,Seat Change
5525,103077,Starter,1,15.0,15.0,2022-04-12,,Initial Signup
5526,103078,Starter,1,15.0,15.0,2021-09-28,,Initial Signup
5527,103079,Starter,4,15.0,60.0,2021-08-08,,Initial Signup
5528,103080,Pro,30,49.0,1470.0,2022-08-15,2022-12-26,Initial Signup
5529,103080,Pro,31,49.0,1519.0,2022-12-26,,Seat Change
5530,103081,Growth,7,29.0,203.0,2024-06-10,2024-10-13,Initial Signup
5531,103081,Growth,7,29.0,203.0,2024-10-13,2024-11-14,Renewal
5532,103081,Pro,20,49.0,980.0,2024-11-14,,Upgrade
5533,103082,Starter,2,15.0,30.0,2023-01-20,,Initial Signup
5534,103083,Starter,1,15.0,15.0,2021-12-12,2023-07-07,Initial Signup
5535,103083,Starter,2,15.0,30.0,2023-07-07,,Seat Change
5536,103084,Starter,2,15.0,30.0,2021-11-11,,Initial Signup
5537,103085,Growth,5,29.0,145.0,2023-11-17,2024-05-21,Initial Signup
5538,103085,Growth,6,29.0,174.0,2024-05-21,,Seat Change
5539,103086,Growth,6,29.0,174.0,2022-04-17,,Initial Signup
5540,103087,Growth,19,29.0,551.0,2021-12-14,2024-08-05,Initial Signup
5541,103087,Pro,20,49.0,905.4,2024-08-05,,Upgrade
5542,103088,Growth,5,29.0,145.0,2022-08-08,,Initial Signup
5543,103089,Starter,2,15.0,30.0,2021-06-04,2023-07-21,Initial Signup
5544,103089,Growth,5,29.0,145.0,2023-07-21,,Upgrade
5545,103090,Enterprise,113,21.05,2378.65,2021-02-20,,Initial Signup
5546,103091,Growth,12,29.0,348.0,2023-07-10,2023-08-17,Initial Signup
5547,103091,Growth,12,29.0,348.0,2023-08-17,,Renewal
5548,103092,Growth,5,29.0,145.0,2022-05-18,,Initial Signup
5549,103093,Starter,2,15.0,30.0,2021-04-11,2021-06-06,Initial Signup
5550,103093,Growth,5,29.0,145.0,2021-06-06,2021-06-17,Upgrade
5551,103093,Starter,5,15.0,75.0,2021-06-17,2021-10-28,Downgrade
5552,103093,Growth,5,29.0,145.0,2021-10-28,,Upgrade
5553,103094,Growth,5,29.0,145.0,2021-08-24,,Initial Signup
5554,103095,Growth,5,29.0,145.0,2024-11-20,,Initial Signup
5555,103096,Starter,4,15.0,60.0,2022-06-12,2022-11-06,Initial Signup
5556,103096,Growth,5,29.0,145.0,2022-11-06,2022-11-18,Upgrade
5557,103096,Growth,5,29.0,145.0,2022-11-18,2023-02-16,Renewal
5558,103096,Growth,7,29.0,203.0,2023-02-16,2024-11-19,Seat Change
5559,103096,Growth,8,29.0,232.0,2024-11-19,,Seat Change
5560,103097,Starter,1,15.0,15.0,2022-06-10,,Initial Signup
5561,103098,Starter,5,15.0,75.0,2021-02-21,,Initial Signup
5562,103099,Starter,3,15.0,38.49,2024-08-01,,Initial Signup
5563,103100,Starter,1,15.0,15.0,2023-10-02,,Initial Signup
5564,103101,Starter,3,15.0,45.0,2022-02-03,,Initial Signup
5565,103102,Enterprise,275,41.02,11280.5,2021-08-10,2024-04-14,Initial Signup
5566,103102,Enterprise,275,41.02,11280.5,2024-04-14,,Renewal
5567,103103,Starter,1,15.0,15.0,2022-09-14,,Initial Signup
5568,103104,Growth,9,29.0,261.0,2023-05-09,2024-09-05,
5569,103104,Pro,20,49.0,980.0,2024-09-05,,Upgrade
5570,103105,Starter,2,15.0,30.0,2023-01-06,2023-06-15,Initial Signup
5571,103105,Starter,2,15.0,30.0,2023-06-15,2024-11-11,Renewal
5572,103105,Starter,3,15.0,45.0,2024-11-11,,Seat Change
5573,103106,Starter,2,15.0,27.52,2024-09-09,,Initial Signup
5574,103107,Pro,21,49.0,986.94,2022-06-14,2023-04-05,Initial Signup
5575,103107,Pro,21,49.0,1029.0,2023-04-05,,Renewal
5576,103108,Starter,2,15.0,30.0,2021-08-09,,Initial Signup
5577,103109,Growth,18,29.0,522.0,2021-12-17,,Initial Signup
5578,103110,Growth,5,29.0,145.0,2023-04-11,2023-12-13,Initial Signup
5579,103110,Growth,7,29.0,203.0,2023-12-13,,Seat Change
5580,103111,Starter,2,15.0,26.89,2021-07-27,2022-02-14,Initial Signup
5581,103111,Starter,3,15.0,39.29,2022-02-14,2023-02-14,Seat Change
5582,103111,Starter,4,15.0,60.0,2023-02-14,,Seat Change
5583,103112,Growth,5,29.0,145.0,2021-06-28,,Initial Signup
5584,103113,Pro,79,49.0,3871.0,2022-10-19,2022-11-03,Initial Signup
5585,103113,Enterprise,293,20.47,5797.93,2022-11-03,2022-11-29,Upgrade
5586,103113,Enterprise,293,20.47,5997.71,2022-11-29,,Renewal
5587,103114,Growth,6,29.0,174.0,2021-11-16,2022-04-29,Initial Signup
5588,103114,Starter,5,15.0,65.77,2022-04-29,2023-01-06,Downgrade
5589,103114,Starter,4,15.0,51.57,2023-01-06,2023-12-04,Seat Change
5590,103114,Starter,3,15.0,45.0,2023-12-04,,Seat Change
5591,103115,Starter,2,15.0,30.0,2023-04-01,2023-06-29,Initial Signup
5592,103115,Growth,5,29.0,130.77,2023-06-29,2023-09-30,Upgrade
5593,103115,Growth,5,29.0,145.0,2023-09-30,2024-02-04,
5594,103115,Starter,5,15.0,75.0,2024-02-04,,Downgrade
5595,103116,Growth,8,29.0,232.0,2021-04-18,2021-09-23,
5596,103116,Growth,8,29.0,232.0,2021-09-23,,Renewal
5597,103117,Growth,19,29.0,551.0,2021-09-11,2023-12-13,Initial Signup
5598,103117,Pro,20,49.0,980.0,2023-12-13,,Upgrade
5599,103118,Pro,86,49.0,4214.0,2021-07-09,,Initial Signup
5600,103119,Starter,1,15.0,14.47,2022-09-23,2023-06-03,Initial Signup
5601,103119,Growth,5,29.0,145.0,2023-06-03,2024-09-16,Upgrade
5602,103119,Pro,20,49.0,926.16,2024-09-16,,Upgrade
5603,103120,Starter,3,15.0,45.0,2022-12-02,2022-12-15,Initial Signup
5604,103120,Growth,5,29.0,145.0,2022-12-15,2023-02-05,Upgrade
5605,103120,Pro,20,49.0,980.0,2023-02-05,2023-09-23,Upgrade
5606,103120,Enterprise,50,34.67,1733.5,2023-09-23,2024-08-07,Upgrade
5607,103120,Enterprise,50,34.67,1733.5,2024-08-07,,Renewal
5608,103121,Starter,1,15.0,15.0,2021-11-08,,Initial Signup
5609,103122,Growth,15,29.0,435.0,2021-12-22,2023-05-21,Initial Signup
5610,103122,Growth,15,29.0,435.0,2023-05-21,,
5611,103123,Starter,1,15.0,15.0,2021-04-26,2023-10-23,Initial Signup
5612,103123,Starter,1,15.0,15.0,2023-10-23,2024-04-14,Renewal
5613,103123,Growth,5,29.0,145.0,2024-04-14,,Upgrade
5614,103124,Starter,3,15.0,45.0,2022-09-15,,Initial Signup
5615,103125,Starter,2,15.0,27.02,2024-11-15,2024-11-17,Initial Signup
5616,103125,Growth,5,29.0,145.0,2024-11-17,,Upgrade
5617,103126,Starter,3,15.0,45.0,2023-01-28,2023-03-14,Initial Signup
5618,103126,Starter,4,15.0,60.0,2023-03-14,2023-03-15,Seat Change
5619,103126,Growth,5,29.0,140.04,2023-03-15,,Upgrade
5620,103127,Starter,1,15.0,15.0,2021-06-03,2022-02-23,Initial Signup
5621,103127,Starter,1,15.0,15.0,2022-02-23,2024-01-15,Renewal
5622,103127,Starter,2,15.0,30.0,2024-01-15,2024-03-29,Seat Change
5623,103127,Growth,5,29.0,145.0,2024-03-29,,Upgrade
5624,103128,Growth,13,29.0,377.0,2022-06-14,,Initial Signup
5625,103129,Starter,4,15.0,60.0,2021-08-07,2022-12-02,Initial Signup
5626,103129,Starter,5,15.0,75.0,2022-12-02,2023-02-09,Seat Change
5627,103129,Starter,4,15.0,57.59,2023-02-09,,Seat Change
5628,103130,Pro,33,49.0,1617.0,2021-01-14,2021-01-30,Initial Signup
5629,103130,Pro,33,49.0,1617.0,2021-01-30,2021-06-26,Renewal
5630,103130,Growth,20,29.0,580.0,2021-06-26,2021-09-22,
5631,103130,Pro,22,49.0,1078.0,2021-09-22,,Upgrade
5632,103131,Growth,11,29.0,319.0,2021-05-26,,Initial Signup
5633,103132,Growth,19,29.0,551.0,2021-03-17,,Initial Signup
5634,103133,Growth,13,29.0,377.0,2021-05-28,,Initial Signup
5635,103134,Growth,6,29.0,174.0,2023-02-15,,Initial Signup
5636,103135,Pro,42,49.0,2058.0,2021-08-25,,Initial Signup
5637,103136,Growth,9,29.0,250.11,2022-12-05,2023-05-02,Initial Signup
5638,103136,Growth,9,29.0,261.0,2023-05-02,,Renewal
5639,103137,Starter,3,15.0,45.0,2024-04-09,,Initial Signup
5640,103138,Starter,2,15.0,30.0,2022-04-08,2022-04-20,Initial Signup
5641,103138,Starter,2,15.0,30.0,2022-04-20,2022-05-24,Renewal
5642,103138,Starter,3,15.0,45.0,2022-05-24,2024-11-13,Seat Change
5643,103138,Growth,5,29.0,145.0,2024-11-13,,Upgrade
5644,103139,Starter,3,15.0,45.0,2021-12-22,2022-05-28,Initial Signup
5645,103139,Starter,2,15.0,30.0,2022-05-28,2022-08-01,Seat Change
5646,103139,Starter,1,15.0,15.0,2022-08-01,2022-08-06,Seat Change
5647,103139,Starter,1,15.0,15.0,2022-08-06,2022-08-27,Renewal
5648,103139,Starter,2,15.0,30.0,2022-08-27,,Seat Change
5649,103140,Starter,4,15.0,53.72,2022-11-15,2023-04-02,Initial Signup
5650,103140,Growth,5,29.0,145.0,2023-04-02,2023-07-08,Upgrade
5651,103140,Pro,20,49.0,980.0,2023-07-08,,Upgrade
5652,103141,Growth,9,29.0,261.0,2021-03-07,,Initial Signup
5653,103142,Growth,19,29.0,495.12,2021-11-05,2021-11-24,Initial Signup
5654,103142,Growth,20,29.0,580.0,2021-11-24,2022-02-09,
5655,103142,Growth,18,29.0,522.0,2022-02-09,,Seat Change
5656,103143,Starter,1,15.0,15.0,2021-12-11,2024-07-26,Initial Signup
5657,103143,Starter,1,15.0,15.0,2024-07-26,,Renewal
5658,103144,Pro,25,49.0,1225.0,2023-05-05,,Initial Signup
5659,103145,Pro,62,49.0,3038.0,2023-03-20,2023-06-02,Initial Signup
5660,103145,Growth,20,29.0,580.0,2023-06-02,,Downgrade
5661,103146,Starter,2,15.0,26.47,2023-06-24,,Initial Signup
5662,103147,Starter,3,15.0,45.0,2022-09-28,2024-09-23,Initial Signup
5663,103147,Starter,4,15.0,60.0,2024-09-23,,Seat Change
5664,103148,Starter,1,15.0,15.0,2022-02-07,,Initial Signup
5665,103149,Starter,1,15.0,15.0,2023-05-13,,Initial Signup
5666,103150,Starter,4,15.0,60.0,2023-08-15,2023-10-12,Initial Signup
5667,103150,Growth,5,29.0,145.0,2023-10-12,,Upgrade
5668,103151,Starter,1,15.0,13.61,2021-12-14,,Initial Signup
5669,103152,Starter,4,15.0,60.0,2024-10-13,,Initial Signup
5670,103153,Starter,1,15.0,15.0,2023-09-07,2024-02-09,Initial Signup
5671,103153,Starter,2,15.0,30.0,2024-02-09,,Seat Change
5672,103154,Growth,5,29.0,145.0,2022-01-04,,Initial Signup
5673,103155,Growth,10,29.0,290.0,2021-02-12,,Initial Signup
5674,103156,Pro,81,49.0,3969.0,2021-06-03,2023-10-31,Initial Signup
5675,103156,Enterprise,239,20.79,4968.81,2023-10-31,,Upgrade
5676,103157,Growth,7,29.0,203.0,2023-01-02,2024-09-29,Initial Signup
5677,103157,Starter,5,15.0,75.0,2024-09-29,,Downgrade
5678,103158,Growth,13,29.0,356.16,2021-03-15,2022-10-02,Initial Signup
5679,103158,Growth,13,29.0,377.0,2022-10-02,,Renewal
5680,103159,Pro,47,49.0,2303.0,2021-12-25,2024-08-15,
5681,103159,Growth,20,29.0,580.0,2024-08-15,,Downgrade
5682,103160,Starter,2,15.0,30.0,2022-05-16,2024-03-06,Initial Signup
5683,103160,Growth,5,29.0,145.0,2024-03-06,2024-05-21,Upgrade
5684,103160,Growth,5,29.0,145.0,2024-05-21,,Renewal
5685,103161,Starter,1,15.0,15.0,2023-09-01,2024-02-21,Initial Signup
5686,103161,Growth,5,29.0,145.0,2024-02-21,2024-08-08,Upgrade
5687,103161,Growth,7,29.0,203.0,2024-08-08,2024-12-29,Seat Change
5688,103161,Growth,6,29.0,174.0,2024-12-29,,Seat Change
5689,103162,Starter,3,15.0,43.25,2023-06-24,2023-09-07,Initial Signup
5690,103162,Starter,4,15.0,60.0,2023-09-07,2023-09-27,Seat Change
5691,103162,Growth,5,29.0,145.0,2023-09-27,2024-07-05,Upgrade
5692,103162,Growth,7,29.0,203.0,2024-07-05,2024-12-09,Seat Change
5693,103162,Pro,20,49.0,949.47,2024-12-09,,Upgrade
5694,103163,Growth,6,29.0,174.0,2022-12-20,,Initial Signup
5695,103164,Starter,1,15.0,15.0,2021-10-09,2021-10-14,Initial Signup
5696,103164,Starter,1,15.0,15.0,2021-10-14,,Renewal
5697,103165,Starter,3,15.0,45.0,2021-04-08,,Initial Signup
5698,103166,Starter,2,15.0,30.0,2022-08-26,,Initial Signup
5699,103167,Pro,57,49.0,2793.0,2021-05-14,,Initial Signup
5700,103168,Growth,14,29.0,406.0,2022-03-04,,Initial Signup
5701,103169,Pro,22,49.0,1078.0,2024-09-08,2024-09-11,Initial Signup
5702,103169,Pro,22,49.0,1078.0,2024-09-11,,
5703,103170,Starter,1,15.0,15.0,2022-03-08,2022-11-26,Initial Signup
5704,103170,Starter,2,15.0,30.0,2022-11-26,,Seat Change
5705,103171,Starter,1,15.0,15.0,2022-07-12,,Initial Signup
5706,103172,Pro,24,49.0,1176.0,2022-08-10,,Initial Signup
5707,103173,Starter,1,15.0,15.0,2023-05-16,2023-05-19,Initial Signup
5708,103173,Growth,5,29.0,145.0,2023-05-19,,Upgrade
5709,103174,Growth,19,29.0,551.0,2021-11-10,2024-01-19,Initial Signup
5710,103174,Starter,5,15.0,75.0,2024-01-19,,Downgrade
5711,103175,Growth,6,29.0,174.0,2021-12-18,,Initial Signup
5712,103176,Pro,98,49.0,4802.0,2021-05-14,2022-10-26,Initial Signup
5713,103176,Pro,98,49.0,4802.0,2022-10-26,,Renewal
5714,103177,Starter,2,15.0,30.0,2022-05-27,2023-10-16,Initial Signup
5715,103177,Growth,5,29.0,145.0,2023-10-16,,Upgrade
5716,103178,Starter,3,15.0,42.14,2021-08-24,,Initial Signup
5717,103179,Starter,3,15.0,45.0,2022-01-10,,Initial Signup
5718,103180,Growth,13,29.0,377.0,2022-12-02,2024-02-18,Initial Signup
5719,103180,Pro,20,49.0,980.0,2024-02-18,,Upgrade
5720,103181,Starter,4,15.0,60.0,2021-01-17,2023-01-25,Initial Signup
5721,103181,Starter,5,15.0,75.0,2023-01-25,2023-02-17,Seat Change
5722,103181,Starter,5,15.0,75.0,2023-02-17,,Renewal
5723,103182,Starter,1,15.0,15.0,2022-03-10,,Initial Signup
5724,103183,Growth,9,29.0,261.0,2021-05-26,,Initial Signup
5725,103184,Starter,2,15.0,30.0,2021-07-12,2022-12-03,Initial Signup
5726,103184,Starter,1,15.0,15.0,2022-12-03,,Seat Change
5727,103185,Growth,14,29.0,386.16,2021-01-09,,Initial Signup
5728,103186,Enterprise,327,25.05,7371.88,2021-04-10,,Initial Signup
5729,103187,Pro,29,49.0,1262.38,2024-10-25,,Initial Signup
5730,103188,Growth,15,29.0,435.0,2024-12-04,,Initial Signup
5731,103189,Starter,4,15.0,60.0,2022-10-27,,Initial Signup
5732,103190,Starter,3,15.0,45.0,2022-05-07,,Initial Signup
5733,103191,Starter,2,15.0,30.0,2023-01-24,,Initial Signup
5734,103192,Starter,5,15.0,75.0,2023-10-16,2024-11-22,Initial Signup
5735,103192,Starter,4,15.0,60.0,2024-11-22,,Seat Change
5736,103193,Starter,3,15.0,45.0,2022-01-16,,Initial Signup
5737,103194,Growth,7,29.0,203.0,2021-01-06,,Initial Signup
5738,103195,Growth,15,29.0,435.0,2022-10-21,2022-12-01,Initial Signup
5739,103195,Growth,19,29.0,551.0,2022-12-01,,Seat Change
5740,103196,Starter,3,15.0,45.0,2024-10-19,2024-11-25,Initial Signup
5741,103196,Growth,5,29.0,145.0,2024-11-25,,Upgrade
5742,103197,Pro,20,49.0,980.0,2021-07-14,2021-12-31,Initial Signup
5743,103197,Pro,20,49.0,980.0,2021-12-31,2023-06-28,Renewal
5744,103197,Enterprise,53,31.32,1659.96,2023-06-28,2024-01-15,Upgrade
5745,103197,Enterprise,50,31.32,1566.0,2024-01-15,,Seat Change
5746,103198,Growth,5,29.0,145.0,2021-12-13,2022-08-23,Initial Signup
5747,103198,Starter,4,15.0,60.0,2022-08-23,2023-06-25,Downgrade
5748,103198,Growth,5,29.0,145.0,2023-06-25,,Upgrade
5749,103199,Starter,1,15.0,15.0,2021-09-17,2022-01-24,Initial Signup
5750,103199,Starter,2,15.0,30.0,2022-01-24,,Seat Change
5751,103200,Starter,2,15.0,30.0,2021-10-14,2024-04-23,Initial Signup
5752,103200,Starter,1,15.0,15.0,2024-04-23,,Seat Change
5753,103201,Enterprise,760,30.1,22876.0,2022-10-28,,Initial Signup
5754,103202,Enterprise,794,31.62,25106.28,2021-09-02,2024-05-25,Initial Signup
5755,103202,Enterprise,983,31.62,31082.46,2024-05-25,,Seat Change
5756,103203,Starter,4,15.0,60.0,2024-03-08,,Initial Signup
5757,103204,Pro,46,49.0,2254.0,2023-01-24,,Initial Signup
5758,103205,Enterprise,55,29.82,1640.1,2021-01-23,2021-03-23,Initial Signup
5759,103205,Enterprise,68,29.82,2027.76,2021-03-23,,Seat Change
5760,103206,Growth,7,29.0,203.0,2023-04-10,2024-12-27,Initial Signup
5761,103206,Pro,20,49.0,980.0,2024-12-27,,Upgrade
5762,103207,Growth,5,29.0,145.0,2022-12-15,,Initial Signup
5763,103208,Starter,3,15.0,45.0,2022-01-01,,Initial Signup
5764,103209,Starter,4,15.0,60.0,2021-12-05,,Initial Signup
5765,103210,Starter,2,15.0,30.0,2023-05-27,2024-09-26,Initial Signup
5766,103210,Growth,5,29.0,145.0,2024-09-26,,Upgrade
5767,103211,Pro,42,49.0,2058.0,2021-11-19,2021-12-16,Initial Signup
5768,103211,Enterprise,138,27.88,3847.44,2021-12-16,,Upgrade
5769,103212,Starter,3,15.0,38.28,2021-04-02,,Initial Signup
5770,103213,Starter,1,15.0,15.0,2021-08-23,2023-09-10,Initial Signup
5771,103213,Growth,5,29.0,145.0,2023-09-10,,Upgrade
5772,103214,Starter,1,15.0,15.0,2021-07-12,,Initial Signup
5773,103215,Starter,4,15.0,60.0,2022-08-16,,Initial Signup
5774,103216,Growth,13,29.0,377.0,2021-05-24,2024-12-13,Initial Signup
5775,103216,Growth,13,29.0,377.0,2024-12-13,,Renewal
5776,103217,Pro,35,49.0,1715.0,2022-07-24,2022-11-12,Initial Signup
5777,103217,Enterprise,70,40.86,2860.2,2022-11-12,,Upgrade
5778,103218,Starter,1,15.0,15.0,2021-12-04,,Initial Signup
5779,103219,Starter,4,15.0,60.0,2023-06-11,,Initial Signup
5780,103220,Starter,3,15.0,45.0,2021-12-08,2022-03-06,Initial Signup
5781,103220,Growth,5,29.0,145.0,2022-03-06,,Upgrade
5782,103221,Growth,17,29.0,493.0,2024-01-26,,Initial Signup
5783,103222,Starter,2,15.0,30.0,2023-10-22,,Initial Signup
5784,103223,Growth,17,29.0,493.0,2021-05-19,,Initial Signup
5785,103224,Growth,11,29.0,319.0,2022-09-02,,Initial Signup
5786,103225,Growth,6,29.0,174.0,2021-06-23,2021-07-28,Initial Signup
5787,103225,Growth,6,29.0,174.0,2021-07-28,2023-04-07,Renewal
5788,103225,Pro,20,49.0,980.0,2023-04-07,,Upgrade
5789,103226,Pro,69,49.0,3381.0,2023-04-16,2023-05-15,Initial Signup
5790,103226,Pro,69,49.0,3183.5,2023-05-15,,Renewal
5791,103227,Starter,2,15.0,30.0,2022-06-08,,Initial Signup
5792,103228,Starter,2,15.0,30.0,2021-08-13,,Initial Signup
5793,103229,Growth,19,29.0,510.47,2021-06-13,,Initial Signup
5794,103230,Pro,22,49.0,1078.0,2021-11-09,,Initial Signup
5795,103231,Pro,26,49.0,1274.0,2023-02-26,2024-06-25,Initial Signup
5796,103231,Enterprise,68,25.72,1748.96,2024-06-25,,Upgrade
5797,103232,Growth,11,29.0,319.0,2023-02-26,,Initial Signup
5798,103233,Starter,2,15.0,30.0,2021-01-02,,Initial Signup
5799,103234,Growth,5,29.0,145.0,2021-08-27,2022-01-16,Initial Signup
5800,103234,Starter,5,15.0,75.0,2022-01-16,,
5801,103235,Pro,42,49.0,2058.0,2021-11-12,2021-12-19,Initial Signup
5802,103235,Growth,20,29.0,580.0,2021-12-19,,Downgrade
5803,103236,Starter,1,15.0,15.0,2022-04-23,,Initial Signup
5804,103237,Growth,5,29.0,145.0,2021-04-22,,Initial Signup
5805,103238,Starter,2,15.0,30.0,2021-09-17,,Initial Signup
5806,103239,Growth,8,29.0,232.0,2023-09-21,,Initial Signup
5807,103240,Starter,3,15.0,45.0,2021-12-20,,Initial Signup
5808,103241,Growth,16,29.0,422.98,2022-11-24,2024-09-05,Initial Signup
5809,103241,Starter,5,15.0,75.0,2024-09-05,,Downgrade
5810,103242,Pro,20,49.0,980.0,2021-12-12,2024-02-24,Initial Signup
5811,103242,Pro,21,49.0,1029.0,2024-02-24,,Seat Change
5812,103243,Growth,6,29.0,174.0,2021-12-21,,Initial Signup
5813,103244,Starter,1,15.0,13.6,2022-06-28,,Initial Signup
5814,103245,Growth,5,29.0,145.0,2021-07-27,,Initial Signup
5815,103246,Growth,8,29.0,232.0,2021-06-05,,Initial Signup
5816,103247,Growth,18,29.0,522.0,2024-11-14,,Initial Signup
5817,103248,Growth,13,29.0,377.0,2023-08-15,,Initial Signup
5818,103249,Starter,2,15.0,30.0,2022-11-18,2024-01-20,Initial Signup
5819,103249,Starter,1,15.0,15.0,2024-01-20,,Seat Change
5820,103250,Starter,1,15.0,15.0,2021-04-19,2021-04-20,Initial Signup
5821,103250,Starter,2,15.0,30.0,2021-04-20,,Seat Change
5822,103251,Starter,2,15.0,30.0,2021-01-24,,Initial Signup
5823,103252,Growth,5,29.0,145.0,2021-05-15,2023-07-24,Initial Signup
5824,103252,Pro,20,49.0,980.0,2023-07-24,,Upgrade
5825,103253,Growth,6,29.0,174.0,2024-02-20,,Initial Signup
5826,103254,Starter,5,15.0,75.0,2023-04-26,2023-06-01,Initial Signup
5827,103254,Starter,4,15.0,56.06,2023-06-01,,
5828,103255,Starter,1,15.0,15.0,2022-01-03,,Initial Signup
5829,103256,Growth,16,29.0,464.0,2024-07-18,,Initial Signup
5830,103257,Starter,1,15.0,15.0,2021-04-11,,Initial Signup
5831,103258,Growth,17,29.0,493.0,2022-03-26,,Initial Signup
5832,103259,Growth,7,29.0,203.0,2021-05-16,2022-09-17,Initial Signup
5833,103259,Growth,7,29.0,203.0,2022-09-17,2023-05-26,Renewal
5834,103259,Pro,20,49.0,980.0,2023-05-26,,Upgrade
5835,103260,Pro,99,49.0,4239.63,2021-08-17,,Initial Signup
5836,103261,Growth,14,29.0,385.34,2024-03-22,,Initial Signup
5837,103262,Starter,4,15.0,60.0,2023-08-07,2023-10-25,Initial Signup
5838,103262,Starter,3,15.0,45.0,2023-10-25,2023-11-06,Seat Change
5839,103262,Starter,4,15.0,60.0,2023-11-06,,Seat Change
5840,103263,Growth,9,29.0,261.0,2021-03-16,,Initial Signup
5841,103264,Pro,26,49.0,1115.21,2021-06-22,,Initial Signup
5842,103265,Starter,1,15.0,15.0,2022-05-22,,Initial Signup
5843,103266,Starter,2,15.0,30.0,2021-02-07,2021-05-02,Initial Signup
5844,103266,Starter,2,15.0,30.0,2021-05-02,2021-08-27,Renewal
5845,103266,Starter,2,15.0,30.0,2021-08-27,,Renewal
5846,103267,Growth,8,29.0,232.0,2022-03-24,,Initial Signup
5847,103268,Starter,3,15.0,45.0,2022-04-05,2023-02-21,Initial Signup
5848,103268,Starter,3,15.0,45.0,2023-02-21,2023-09-17,Renewal
5849,103268,Starter,4,15.0,60.0,2023-09-17,,Seat Change
5850,103269,Starter,1,15.0,12.76,2021-07-08,2023-02-14,Initial Signup
5851,103269,Starter,1,15.0,15.0,2023-02-14,2024-11-24,Renewal
5852,103269,Growth,5,29.0,145.0,2024-11-24,,Upgrade
5853,103270,Pro,24,49.0,1176.0,2021-08-24,,Initial Signup
5854,103271,Growth,9,29.0,234.94,2021-06-18,2021-11-26,Initial Signup
5855,103271,Growth,9,29.0,261.0,2021-11-26,,Renewal
5856,103272,Starter,3,15.0,45.0,2024-02-16,2024-03-23,Initial Signup
5857,103272,Starter,3,15.0,45.0,2024-03-23,,Renewal
5858,103273,Starter,2,15.0,30.0,2021-10-16,,Initial Signup
5859,103274,Pro,79,49.0,3871.0,2022-04-28,2023-10-27,Initial Signup
5860,103274,Enterprise,207,30.47,6307.29,2023-10-27,2023-12-21,Upgrade
5861,103274,Enterprise,251,30.47,7647.97,2023-12-21,,Seat Change
5862,103275,Starter,1,15.0,15.0,2021-08-07,2023-08-28,Initial Signup
5863,103275,Starter,2,15.0,30.0,2023-08-28,,Seat Change
5864,103276,Enterprise,167,35.89,5993.63,2022-09-09,,Initial Signup
5865,103277,Growth,10,29.0,290.0,2021-03-14,,Initial Signup
5866,103278,Growth,14,29.0,406.0,2021-02-24,2022-09-14,Initial Signup
5867,103278,Growth,14,29.0,406.0,2022-09-14,,Renewal
5868,103279,Starter,3,15.0,45.0,2022-11-16,,Initial Signup
5869,103280,Growth,6,29.0,174.0,2022-10-21,2023-11-30,Initial Signup
5870,103280,Pro,20,49.0,980.0,2023-11-30,,Upgrade
5871,103281,Starter,4,15.0,60.0,2021-07-23,2021-09-27,Initial Signup
5872,103281,Starter,4,15.0,60.0,2021-09-27,,Renewal
5873,103282,Starter,2,15.0,30.0,2021-09-25,,Initial Signup
5874,103283,Starter,3,15.0,45.0,2024-06-13,2024-06-23,Initial Signup
5875,103283,Starter,4,15.0,60.0,2024-06-23,2024-08-27,Seat Change
5876,103283,Starter,4,15.0,60.0,2024-08-27,,Renewal
5877,103284,Growth,7,29.0,179.89,2021-03-13,2022-01-31,Initial Signup
5878,103284,Growth,8,29.0,232.0,2022-01-31,,Seat Change
5879,103285,Growth,17,29.0,493.0,2021-05-03,,Initial Signup
5880,103286,Enterprise,69,23.33,1609.77,2021-11-03,2021-12-10,Initial Signup
5881,103286,Enterprise,90,23.33,2099.7,2021-12-10,,Seat Change
5882,103287,Starter,2,15.0,30.0,2021-07-14,,Initial Signup
5883,103288,Starter,3,15.0,45.0,2022-07-21,2022-08-11,Initial Signup
5884,103288,Growth,5,29.0,145.0,2022-08-11,2022-10-22,
5885,103288,Growth,6,29.0,174.0,2022-10-22,2023-02-05,Seat Change
5886,103288,Starter,5,15.0,75.0,2023-02-05,,Downgrade
5887,103289,Growth,5,29.0,145.0,2022-09-24,2023-04-15,Initial Signup
5888,103289,Pro,20,49.0,980.0,2023-04-15,2023-05-25,Upgrade
5889,103289,Growth,20,29.0,580.0,2023-05-25,2024-08-26,Downgrade
5890,103289,Pro,20,49.0,980.0,2024-08-26,2024-11-11,Upgrade
5891,103289,Pro,29,49.0,1421.0,2024-11-11,,Seat Change
5892,103290,Growth,16,29.0,464.0,2022-01-12,2022-02-09,Initial Signup
5893,103290,Growth,16,29.0,464.0,2022-02-09,2022-03-07,Renewal
5894,103290,Growth,12,29.0,348.0,2022-03-07,,Seat Change
5895,103291,Starter,4,15.0,60.0,2022-05-16,2024-01-29,Initial Signup
5896,103291,Starter,4,15.0,60.0,2024-01-29,2024-04-05,Renewal
5897,103291,Starter,4,15.0,60.0,2024-04-05,,Renewal
5898,103292,Starter,1,15.0,15.0,2021-11-23,,Initial Signup
5899,103293,Growth,5,29.0,145.0,2022-12-09,,Initial Signup
5900,103294,Starter,5,15.0,75.0,2021-01-05,,Initial Signup
5901,103295,Growth,17,29.0,493.0,2021-08-26,,Initial Signup
5902,103296,Enterprise,127,30.36,3855.72,2022-09-16,2023-05-18,Initial Signup
5903,103296,Enterprise,111,30.36,3369.96,2023-05-18,,Seat Change
5904,103297,Pro,79,49.0,3871.0,2021-08-05,,Initial Signup
5905,103298,Growth,18,29.0,522.0,2021-02-08,2023-09-05,Initial Signup
5906,103298,Pro,20,49.0,980.0,2023-09-05,2023-10-29,Upgrade
5907,103298,Enterprise,50,38.42,1921.0,2023-10-29,,Upgrade
5908,103299,Starter,4,15.0,60.0,2021-09-10,2022-06-04,Initial Signup
5909,103299,Starter,3,15.0,41.57,2022-06-04,2023-07-03,Seat Change
5910,103299,Starter,2,15.0,30.0,2023-07-03,2024-04-10,Seat Change
5911,103299,Growth,5,29.0,145.0,2024-04-10,,Upgrade
5912,103300,Growth,14,29.0,406.0,2022-10-06,,Initial Signup
5913,103301,Enterprise,476,38.07,18121.32,2021-03-13,2021-10-01,Initial Signup
5914,103301,Enterprise,452,38.07,17207.64,2021-10-01,,Seat Change
5915,103302,Starter,5,15.0,75.0,2022-10-23,2024-01-28,Initial Signup
5916,103302,Growth,5,29.0,145.0,2024-01-28,2024-04-11,Upgrade
5917,103302,Starter,5,15.0,75.0,2024-04-11,2024-04-29,Downgrade
5918,103302,Starter,5,15.0,75.0,2024-04-29,,Renewal
5919,103303,Growth,7,29.0,203.0,2023-01-21,2023-03-19,Initial Signup
5920,103303,Growth,8,29.0,232.0,2023-03-19,2023-06-22,Seat Change
5921,103303,Growth,9,29.0,261.0,2023-06-22,2023-11-29,Seat Change
5922,103303,Pro,20,49.0,980.0,2023-11-29,2024-11-09,Upgrade
5923,103303,Pro,20,49.0,980.0,2024-11-09,,Renewal
5924,103304,Starter,3,15.0,45.0,2022-06-26,,Initial Signup
5925,103305,Growth,12,29.0,348.0,2021-06-24,2022-06-12,Initial Signup
5926,103305,Growth,14,29.0,406.0,2022-06-12,2023-11-03,Seat Change
5927,103305,Growth,14,29.0,406.0,2023-11-03,2024-01-30,Renewal
5928,103305,Starter,5,15.0,75.0,2024-01-30,2024-12-13,Downgrade
5929,103305,Starter,5,15.0,75.0,2024-12-13,,Renewal
5930,103306,Starter,1,15.0,15.0,2023-03-09,2024-10-10,Initial Signup
5931,103306,Starter,2,15.0,25.96,2024-10-10,2024-12-24,Seat Change
5932,103306,Starter,3,15.0,45.0,2024-12-24,,Seat Change
5933,103307,Starter,2,15.0,30.0,2021-06-02,2022-11-18,Initial Signup
5934,103307,Growth,5,29.0,145.0,2022-11-18,,Upgrade
5935,103308,Starter,4,15.0,60.0,2023-11-05,,Initial Signup
5936,103309,Starter,3,15.0,45.0,2022-09-23,,Initial Signup
5937,103310,Starter,2,15.0,30.0,2021-02-10,,Initial Signup
5938,103311,Starter,4,15.0,60.0,2023-02-21,2024-01-28,Initial Signup
5939,103311,Starter,3,15.0,45.0,2024-01-28,,Seat Change
5940,103312,Growth,9,29.0,261.0,2022-01-13,,Initial Signup
5941,103313,Starter,1,15.0,15.0,2021-11-26,,Initial Signup
5942,103314,Starter,3,15.0,45.0,2021-11-15,,Initial Signup
5943,103315,Growth,14,29.0,406.0,2022-05-26,,Initial Signup
5944,103316,Pro,86,49.0,4214.0,2022-10-08,2023-01-24,Initial Signup
5945,103316,Enterprise,180,28.74,5173.2,2023-01-24,,Upgrade
5946,103317,Growth,5,29.0,145.0,2023-10-22,,Initial Signup
5947,103318,Starter,1,15.0,15.0,2021-07-15,2022-01-12,Initial Signup
5948,103318,Starter,2,15.0,30.0,2022-01-12,2023-09-29,Seat Change
5949,103318,Starter,3,15.0,45.0,2023-09-29,,Seat Change
5950,103319,Growth,16,29.0,464.0,2022-06-06,2022-11-10,Initial Signup
5951,103319,Starter,5,15.0,70.67,2022-11-10,,Downgrade
5952,103320,Growth,5,29.0,145.0,2022-09-07,,Initial Signup
5953,103321,Starter,4,15.0,60.0,2022-08-09,2022-09-25,Initial Signup
5954,103321,Growth,5,29.0,145.0,2022-09-25,,Upgrade
5955,103322,Starter,1,15.0,13.83,2021-12-05,2022-02-24,Initial Signup
5956,103322,Starter,2,15.0,30.0,2022-02-24,,Seat Change
5957,103323,Enterprise,832,30.69,25534.08,2021-10-27,2024-05-01,Initial Signup
5958,103323,Enterprise,832,30.69,25534.08,2024-05-01,,Renewal
5959,103324,Growth,13,29.0,377.0,2022-12-06,2022-12-08,Initial Signup
5960,103324,Growth,10,29.0,290.0,2022-12-08,,Seat Change
5961,103325,Starter,2,15.0,26.52,2021-08-17,2022-12-22,Initial Signup
5962,103325,Starter,2,15.0,30.0,2022-12-22,2024-04-30,Renewal
5963,103325,Growth,5,29.0,145.0,2024-04-30,2024-08-07,Upgrade
5964,103325,Pro,20,49.0,980.0,2024-08-07,,Upgrade
5965,103326,Starter,1,15.0,15.0,2021-05-16,2022-03-04,Initial Signup
5966,103326,Growth,5,29.0,145.0,2022-03-04,2023-08-18,Upgrade
5967,103326,Growth,7,29.0,203.0,2023-08-18,2024-01-09,Seat Change
5968,103326,Starter,5,15.0,75.0,2024-01-09,,Downgrade
5969,103327,Starter,3,15.0,45.0,2022-02-16,,Initial Signup
5970,103328,Starter,3,15.0,45.0,2021-07-18,2024-04-24,Initial Signup
5971,103328,Starter,3,15.0,45.0,2024-04-24,2024-06-12,Renewal
5972,103328,Starter,2,15.0,30.0,2024-06-12,,Seat Change
5973,103329,Starter,1,15.0,15.0,2021-01-26,,Initial Signup
5974,103330,Starter,2,15.0,30.0,2021-02-28,2022-05-20,Initial Signup
5975,103330,Growth,5,29.0,145.0,2022-05-20,,Upgrade
5976,103331,Starter,2,15.0,30.0,2022-09-25,2023-03-28,Initial Signup
5977,103331,Growth,5,29.0,145.0,2023-03-28,,Upgrade
5978,103332,Growth,15,29.0,435.0,2024-08-13,2024-08-26,Initial Signup
5979,103332,Growth,17,29.0,493.0,2024-08-26,2024-09-05,Seat Change
5980,103332,Growth,13,29.0,377.0,2024-09-05,2024-10-23,Seat Change
5981,103332,Starter,5,15.0,75.0,2024-10-23,,Downgrade
5982,103333,Growth,16,29.0,464.0,2021-11-21,2023-02-20,Initial Signup
5983,103333,Growth,17,29.0,493.0,2023-02-20,2023-05-02,Seat Change
5984,103333,Growth,19,29.0,551.0,2023-05-02,2024-10-19,Seat Change
5985,103333,Pro,20,49.0,980.0,2024-10-19,,Upgrade
5986,103334,Growth,20,29.0,580.0,2021-04-06,,Initial Signup
5987,103335,Pro,85,49.0,4165.0,2023-04-25,,Initial Signup
5988,103336,Starter,4,15.0,60.0,2021-07-06,,Initial Signup
5989,103337,Starter,1,15.0,15.0,2024-12-04,,Initial Signup
5990,103338,Pro,20,49.0,980.0,2022-03-24,2022-04-10,Initial Signup
5991,103338,Enterprise,55,33.77,1762.24,2022-04-10,,Upgrade
5992,103339,Pro,23,49.0,1008.19,2021-06-22,,Initial Signup
5993,103340,Growth,5,29.0,145.0,2021-12-04,2023-11-12,Initial Signup
5994,103340,Growth,6,29.0,174.0,2023-11-12,,Seat Change
5995,103341,Starter,4,15.0,54.71,2021-09-28,2022-03-12,Initial Signup
5996,103341,Starter,5,15.0,75.0,2022-03-12,,Seat Change
5997,103342,Starter,3,15.0,45.0,2023-01-04,2024-02-18,Initial Signup
5998,103342,Starter,3,15.0,43.1,2024-02-18,2024-07-11,Renewal
5999,103342,Starter,4,15.0,60.0,2024-07-11,,Seat Change
6000,103343,Growth,8,29.0,232.0,2021-03-02,,Initial Signup
6001,103344,Growth,5,29.0,145.0,2023-07-27,2023-07-28,Initial Signup
6002,103344,Growth,5,29.0,145.0,2023-07-28,2023-09-10,Renewal
6003,103344,Growth,5,29.0,145.0,2023-09-10,,Renewal
6004,103345,Starter,2,15.0,30.0,2022-12-07,,Initial Signup
6005,103346,Starter,1,15.0,15.0,2023-07-07,,Initial Signup
6006,103347,Starter,4,15.0,60.0,2023-10-23,2023-11-15,Initial Signup
6007,103347,Growth,5,29.0,145.0,2023-11-15,2024-07-24,Upgrade
6008,103347,Pro,20,49.0,980.0,2024-07-24,,Upgrade
6009,103348,Pro,67,49.0,3283.0,2021-06-18,,Initial Signup
6010,103349,Pro,23,49.0,1127.0,2022-01-15,,Initial Signup
6011,103350,Growth,9,29.0,261.0,2023-06-28,,Initial Signup
6012,103351,Growth,20,29.0,580.0,2021-09-03,2022-07-12,Initial Signup
6013,103351,Growth,20,29.0,580.0,2022-07-12,,Renewal
6014,103352,Starter,2,15.0,30.0,2021-02-26,2024-09-19,Initial Signup
6015,103352,Starter,2,15.0,30.0,2024-09-19,,Renewal
6016,103353,Starter,2,15.0,30.0,2021-07-08,2021-08-19,Initial Signup
6017,103353,Starter,3,15.0,45.0,2021-08-19,,Seat Change
6018,103354,Starter,2,15.0,30.0,2021-06-18,2021-09-22,Initial Signup
6019,103354,Starter,2,15.0,30.0,2021-09-22,2021-10-19,Renewal
6020,103354,Starter,3,15.0,45.0,2021-10-19,,Seat Change
6021,103355,Starter,2,15.0,30.0,2023-08-10,2023-09-11,Initial Signup
6022,103355,Growth,5,29.0,145.0,2023-09-11,2024-04-15,Upgrade
6023,103355,Growth,7,29.0,203.0,2024-04-15,2024-06-18,Seat Change
6024,103355,Growth,7,29.0,203.0,2024-06-18,2024-09-08,Renewal
6025,103355,Growth,7,29.0,203.0,2024-09-08,,Renewal
6026,103356,Starter,4,15.0,60.0,2021-12-09,2022-10-13,Initial Signup
6027,103356,Growth,5,29.0,145.0,2022-10-13,2022-12-01,Upgrade
6028,103356,Pro,20,49.0,980.0,2022-12-01,,Upgrade
6029,103357,Starter,1,15.0,15.0,2022-09-09,,Initial Signup
6030,103358,Growth,6,29.0,174.0,2024-06-16,2024-08-18,Initial Signup
6031,103358,Growth,7,29.0,203.0,2024-08-18,2024-11-14,Seat Change
6032,103358,Starter,5,15.0,66.88,2024-11-14,,Downgrade
6033,103359,Starter,1,15.0,15.0,2021-08-25,2021-10-06,Initial Signup
6034,103359,Starter,2,15.0,30.0,2021-10-06,,Seat Change
6035,103360,Pro,39,49.0,1911.0,2022-12-04,,Initial Signup
6036,103361,Pro,20,49.0,980.0,2021-01-19,2021-08-23,Initial Signup
6037,103361,Pro,20,49.0,980.0,2021-08-23,2022-06-29,Renewal
6038,103361,Pro,20,49.0,980.0,2022-06-29,,Renewal
6039,103362,Pro,42,49.0,2058.0,2021-03-25,,Initial Signup
6040,103363,Starter,3,15.0,45.0,2021-04-21,2021-07-10,Initial Signup
6041,103363,Starter,4,15.0,60.0,2021-07-10,2021-08-31,Seat Change
6042,103363,Growth,5,29.0,145.0,2021-08-31,2021-11-18,Upgrade
6043,103363,Pro,20,49.0,980.0,2021-11-18,,Upgrade
6044,103364,Growth,17,29.0,493.0,2021-08-28,,Initial Signup
6045,103365,Starter,4,15.0,60.0,2021-10-01,2023-06-12,Initial Signup
6046,103365,Growth,5,29.0,136.16,2023-06-12,2024-02-19,Upgrade
6047,103365,Growth,7,29.0,203.0,2024-02-19,,Seat Change
6048,103366,Growth,5,29.0,145.0,2021-12-11,2023-01-30,Initial Signup
6049,103366,Growth,7,29.0,203.0,2023-01-30,,Seat Change
6050,103367,Starter,1,15.0,15.0,2021-06-12,,Initial Signup
6051,103368,Pro,42,49.0,2058.0,2021-02-15,2021-07-22,Initial Signup
6052,103368,Enterprise,105,27.31,2754.73,2021-07-22,,Upgrade
6053,103369,Starter,5,15.0,75.0,2022-08-09,2023-09-12,Initial Signup
6054,103369,Growth,5,29.0,145.0,2023-09-12,2024-03-30,Upgrade
6055,103369,Growth,5,29.0,145.0,2024-03-30,,Renewal
6056,103370,Starter,4,15.0,57.99,2021-01-08,2022-06-06,Initial Signup
6057,103370,Starter,4,15.0,60.0,2022-06-06,,Renewal
6058,103371,Growth,5,29.0,145.0,2023-03-24,,Initial Signup
6059,103372,Starter,5,15.0,75.0,2024-01-07,2024-01-11,Initial Signup
6060,103372,Starter,4,15.0,60.0,2024-01-11,,Seat Change
6061,103373,Pro,37,49.0,1813.0,2022-10-27,,Initial Signup
6062,103374,Growth,7,29.0,203.0,2022-05-02,2022-10-02,Initial Signup
6063,103374,Starter,5,15.0,75.0,2022-10-02,2023-02-13,Downgrade
6064,103374,Starter,4,15.0,60.0,2023-02-13,2023-06-06,Seat Change
6065,103374,Starter,3,15.0,45.0,2023-06-06,2023-10-17,Seat Change
6066,103374,Starter,4,15.0,60.0,2023-10-17,,Seat Change
6067,103375,Growth,8,29.0,232.0,2022-07-12,2022-07-20,Initial Signup
6068,103375,Pro,20,49.0,980.0,2022-07-20,,Upgrade
6069,103376,Growth,6,29.0,174.0,2022-07-18,,Initial Signup
6070,103377,Starter,1,15.0,15.0,2024-01-28,,Initial Signup
6071,103378,Pro,20,49.0,980.0,2024-07-22,,Initial Signup
6072,103379,Pro,91,49.0,4459.0,2021-11-01,,Initial Signup
6073,103380,Growth,13,29.0,377.0,2022-06-21,,Initial Signup
6074,103381,Growth,13,29.0,377.0,2023-03-10,2023-06-08,Initial Signup
6075,103381,Growth,13,29.0,365.3,2023-06-08,,Renewal
6076,103382,Growth,5,29.0,145.0,2021-01-25,,Initial Signup
6077,103383,Starter,1,15.0,15.0,2022-01-22,,Initial Signup
6078,103384,Starter,1,15.0,15.0,2022-07-06,,Initial Signup
6079,103385,Starter,4,15.0,60.0,2022-10-11,2022-11-07,Initial Signup
6080,103385,Starter,4,15.0,60.0,2022-11-07,2022-12-22,Renewal
6081,103385,Starter,3,15.0,45.0,2022-12-22,,Seat Change
6082,103386,Growth,5,29.0,145.0,2021-09-23,2022-09-25,Initial Signup
6083,103386,Pro,20,49.0,980.0,2022-09-25,2023-08-04,Upgrade
6084,103386,Pro,25,49.0,1225.0,2023-08-04,,Seat Change
6085,103387,Pro,21,49.0,1029.0,2021-08-26,2021-10-09,Initial Signup
6086,103387,Enterprise,64,30.26,1936.64,2021-10-09,2021-12-01,Upgrade
6087,103387,Enterprise,64,30.26,1936.64,2021-12-01,2022-07-23,Renewal
6088,103387,Enterprise,50,30.26,1513.0,2022-07-23,2022-09-13,Seat Change
6089,103387,Pro,20,49.0,980.0,2022-09-13,,Downgrade
6090,103388,Pro,96,49.0,4704.0,2021-05-17,,Initial Signup
6091,103389,Starter,3,15.0,45.0,2022-03-07,,Initial Signup
6092,103390,Growth,6,29.0,174.0,2023-12-11,2024-02-17,Initial Signup
6093,103390,Pro,20,49.0,980.0,2024-02-17,2024-08-29,Upgrade
6094,103390,Enterprise,50,,1821.26,2024-08-29,,Upgrade
6095,103391,Pro,25,49.0,1225.0,2023-10-23,,Initial Signup
6096,103392,Growth,6,29.0,150.23,2021-09-17,2023-04-24,Initial Signup
6097,103392,Growth,6,29.0,174.0,2023-04-24,2024-03-31,Renewal
6098,103392,Growth,7,29.0,203.0,2024-03-31,,Seat Change
6099,103393,Growth,15,29.0,398.77,2021-07-06,,Initial Signup
6100,103394,Growth,5,29.0,145.0,2023-01-08,2024-11-09,Initial Signup
6101,103394,Growth,6,29.0,174.0,2024-11-09,,Seat Change
6102,103395,Growth,12,29.0,320.12,2022-10-06,2023-05-07,Initial Signup
6103,103395,Growth,13,29.0,377.0,2023-05-07,,Seat Change
6104,103396,Starter,5,15.0,75.0,2022-01-14,2022-02-26,Initial Signup
6105,103396,Growth,5,29.0,145.0,2022-02-26,2023-03-17,Upgrade
6106,103396,Starter,5,15.0,75.0,2023-03-17,2023-08-05,Downgrade
6107,103396,Growth,5,29.0,145.0,2023-08-05,2024-05-17,Upgrade
6108,103396,Pro,20,49.0,980.0,2024-05-17,,Upgrade
6109,103397,Growth,5,29.0,145.0,2021-10-13,2022-02-25,Initial Signup
6110,103397,Growth,6,29.0,174.0,2022-02-25,2022-06-03,Seat Change
6111,103397,Growth,5,29.0,145.0,2022-06-03,2022-06-07,Seat Change
6112,103397,Growth,6,29.0,174.0,2022-06-07,2022-06-24,Seat Change
6113,103397,Growth,5,29.0,145.0,2022-06-24,,Seat Change
6114,103398,Enterprise,86,35.79,3077.94,2021-03-16,,Initial Signup
6115,103399,Growth,5,29.0,145.0,2023-01-27,,Initial Signup
6116,103400,Growth,5,29.0,145.0,2022-06-19,,Initial Signup
6117,103401,Starter,2,15.0,30.0,2021-09-17,2024-12-28,
6118,103401,Starter,3,15.0,45.0,2024-12-28,,Seat Change
6119,103402,Growth,11,29.0,319.0,2023-12-11,,Initial Signup
6120,103403,Starter,4,15.0,60.0,2022-07-18,2024-03-10,Initial Signup
6121,103403,Growth,5,29.0,145.0,2024-03-10,,Upgrade
6122,103404,Starter,2,15.0,30.0,2024-01-27,,Initial Signup
6123,103405,Starter,3,15.0,41.19,2021-12-01,2022-07-01,Initial Signup
6124,103405,Starter,4,15.0,60.0,2022-07-01,2023-02-10,Seat Change
6125,103405,Growth,5,29.0,145.0,2023-02-10,2024-04-05,Upgrade
6126,103405,Starter,5,15.0,75.0,2024-04-05,2024-06-29,Downgrade
6127,103405,Growth,5,29.0,145.0,2024-06-29,,Upgrade
6128,103406,Growth,6,29.0,174.0,2021-11-10,2022-01-31,Initial Signup
6129,103406,Starter,5,15.0,75.0,2022-01-31,2022-06-24,Downgrade
6130,103406,Starter,4,15.0,60.0,2022-06-24,,Seat Change
6131,103407,Growth,6,29.0,174.0,2024-02-02,,Initial Signup
6132,103408,Growth,20,29.0,558.61,2024-06-06,,Initial Signup
6133,103409,Growth,12,29.0,348.0,2024-06-02,2024-07-26,Initial Signup
6134,103409,Growth,14,29.0,406.0,2024-07-26,2024-09-18,Seat Change
6135,103409,Growth,14,29.0,406.0,2024-09-18,2024-11-12,Renewal
6136,103409,Pro,20,49.0,980.0,2024-11-12,,Upgrade
6137,103410,Starter,2,15.0,30.0,2023-04-17,,Initial Signup
6138,103411,Starter,4,15.0,60.0,2021-12-23,2022-03-21,Initial Signup
6139,103411,Starter,4,15.0,60.0,2022-03-21,,Renewal
6140,103412,Growth,16,29.0,464.0,2021-05-27,2021-06-08,Initial Signup
6141,103412,Growth,19,29.0,551.0,2021-06-08,2021-09-26,Seat Change
6142,103412,Starter,5,15.0,75.0,2021-09-26,2021-10-02,Downgrade
6143,103412,Starter,5,15.0,69.81,2021-10-02,2021-12-27,Renewal
6144,103412,Growth,5,29.0,145.0,2021-12-27,,Upgrade
6145,103413,Pro,20,49.0,980.0,2021-10-07,2021-11-30,
6146,103413,Pro,29,49.0,1421.0,2021-11-30,2024-08-08,Seat Change
6147,103413,Enterprise,50,37.83,1891.5,2024-08-08,2024-12-09,Upgrade
6148,103413,Enterprise,68,37.83,2572.44,2024-12-09,,Seat Change
6149,103414,Starter,1,15.0,15.0,2024-02-20,2024-03-13,Initial Signup
6150,103414,Starter,2,15.0,30.0,2024-03-13,,Seat Change
6151,103415,Starter,3,15.0,45.0,2021-09-10,,Initial Signup
6152,103416,Growth,10,29.0,290.0,2022-12-09,2023-05-20,Initial Signup
6153,103416,Pro,20,49.0,980.0,2023-05-20,,Upgrade
6154,103417,Starter,1,15.0,15.0,2023-12-18,2024-11-30,Initial Signup
6155,103417,Growth,5,29.0,145.0,2024-11-30,,Upgrade
6156,103418,Growth,12,29.0,348.0,2024-08-20,,Initial Signup
6157,103419,Growth,5,29.0,145.0,2024-04-17,,Initial Signup
6158,103420,Growth,5,29.0,145.0,2022-03-03,2022-05-07,Initial Signup
6159,103420,Pro,20,49.0,980.0,2022-05-07,2022-06-01,Upgrade
6160,103420,Enterprise,52,22.62,1176.24,2022-06-01,,Upgrade
6161,103421,Starter,4,15.0,60.0,2021-12-12,2023-10-25,Initial Signup
6162,103421,Growth,5,29.0,145.0,2023-10-25,2023-12-05,Upgrade
6163,103421,Pro,20,49.0,980.0,2023-12-05,2024-03-01,Upgrade
6164,103421,Pro,27,49.0,1323.0,2024-03-01,,Seat Change
6165,103422,Starter,1,15.0,15.0,2024-10-08,2024-11-24,Initial Signup
6166,103422,Starter,2,15.0,30.0,2024-11-24,2024-11-25,Seat Change
6167,103422,Growth,5,29.0,145.0,2024-11-25,2024-11-30,Upgrade
6168,103422,Growth,5,29.0,145.0,2024-11-30,,Renewal
6169,103423,Starter,1,15.0,15.0,2021-06-01,,Initial Signup
6170,103424,Growth,5,29.0,145.0,2021-05-02,2022-05-12,Initial Signup
6171,103424,Starter,5,15.0,69.2,2022-05-12,,Downgrade
6172,103425,Growth,13,29.0,377.0,2024-07-13,,Initial Signup
6173,103426,Starter,2,15.0,30.0,2022-09-03,,Initial Signup
6174,103427,Growth,5,29.0,145.0,2022-02-21,,Initial Signup
6175,103428,Starter,1,15.0,15.0,2021-04-02,,Initial Signup
6176,103429,Starter,2,15.0,30.0,2022-01-07,,Initial Signup
6177,103430,Starter,1,15.0,15.0,2024-03-28,,Initial Signup
6178,103431,Growth,5,29.0,145.0,2022-05-20,,Initial Signup
6179,103432,Starter,5,15.0,75.0,2021-10-16,2021-11-07,Initial Signup
6180,103432,Growth,5,29.0,145.0,2021-11-07,2022-01-10,Upgrade
6181,103432,Growth,7,29.0,203.0,2022-01-10,2022-01-22,Seat Change
6182,103432,Growth,7,29.0,187.88,2022-01-22,2022-02-18,Renewal
6183,103432,Pro,20,49.0,980.0,2022-02-18,,Upgrade
6184,103433,Growth,19,29.0,551.0,2022-03-01,2024-01-10,Initial Signup
6185,103433,Growth,19,29.0,551.0,2024-01-10,,Renewal
6186,103434,Pro,96,49.0,4704.0,2023-09-02,,Initial Signup
6187,103435,Growth,8,29.0,232.0,2023-11-26,2024-09-12,Initial Signup
6188,103435,Pro,20,49.0,980.0,2024-09-12,,Upgrade
6189,103436,Growth,12,29.0,348.0,2021-10-23,2024-01-21,Initial Signup
6190,103436,Starter,5,15.0,75.0,2024-01-21,,Downgrade
6191,103437,Growth,6,29.0,174.0,2022-05-27,,Initial Signup
6192,103438,Growth,6,29.0,174.0,2021-07-23,,Initial Signup
6193,103439,Growth,19,29.0,519.74,2021-11-01,,Initial Signup
6194,103440,Starter,1,15.0,12.8,2021-06-23,2023-10-09,
6195,103440,Starter,2,15.0,30.0,2023-10-09,,Seat Change
6196,103441,Growth,5,29.0,145.0,2022-02-13,,Initial Signup
6197,103442,Growth,10,29.0,290.0,2022-04-20,2022-04-25,Initial Signup
6198,103442,Growth,10,29.0,290.0,2022-04-25,2023-01-02,Renewal
6199,103442,Pro,20,49.0,980.0,2023-01-02,,Upgrade
6200,103443,Pro,52,49.0,2380.34,2021-09-12,2021-09-14,Initial Signup
6201,103443,Enterprise,105,42.9,4504.5,2021-09-14,,Upgrade
6202,103444,Starter,1,15.0,15.0,2021-07-21,,Initial Signup
6203,103445,Growth,5,29.0,145.0,2021-04-24,2023-09-02,Initial Signup
6204,103445,Growth,7,29.0,203.0,2023-09-02,,
6205,103446,Starter,2,15.0,30.0,2021-04-28,2021-06-21,Initial Signup
6206,103446,Starter,3,15.0,45.0,2021-06-21,2023-05-19,Seat Change
6207,103446,Starter,4,15.0,60.0,2023-05-19,,Seat Change
6208,103447,Starter,1,15.0,15.0,2022-10-16,,Initial Signup
6209,103448,Starter,4,15.0,60.0,2021-06-08,2021-06-19,Initial Signup
6210,103448,Starter,3,15.0,45.0,2021-06-19,2021-06-23,Seat Change
6211,103448,Growth,5,29.0,145.0,2021-06-23,2021-07-26,Upgrade
6212,103448,Growth,6,29.0,150.12,2021-07-26,,Seat Change
6213,103449,Starter,2,15.0,30.0,2021-03-18,,Initial Signup
6214,103450,Growth,5,29.0,145.0,2024-12-14,,Initial Signup
6215,103451,Starter,1,15.0,15.0,2021-07-06,,Initial Signup
6216,103452,Starter,1,15.0,15.0,2023-10-21,,Initial Signup
6217,103453,Starter,3,15.0,45.0,2022-05-03,,Initial Signup
6218,103454,Pro,41,49.0,2009.0,2022-10-12,2024-06-29,Initial Signup
6219,103454,Pro,51,49.0,2499.0,2024-06-29,2024-10-27,Seat Change
6220,103454,Growth,20,29.0,580.0,2024-10-27,,Downgrade
6221,103455,Starter,5,15.0,71.95,2022-03-20,2024-02-03,Initial Signup
6222,103455,Starter,4,15.0,60.0,2024-02-03,2024-04-28,Seat Change
6223,103455,Starter,5,15.0,75.0,2024-04-28,,Seat Change
6224,103456,Growth,5,29.0,145.0,2021-05-26,,Initial Signup
6225,103457,Starter,1,15.0,15.0,2023-06-18,2023-07-15,Initial Signup
6226,103457,Growth,5,29.0,145.0,2023-07-15,2024-02-01,Upgrade
6227,103457,Growth,6,29.0,174.0,2024-02-01,,Seat Change
6228,103458,Growth,5,29.0,145.0,2023-05-28,2023-05-30,Initial Signup
6229,103458,Pro,20,49.0,980.0,2023-05-30,2023-06-18,Upgrade
6230,103458,Pro,30,49.0,1470.0,2023-06-18,,Seat Change
6231,103459,Starter,2,15.0,30.0,2021-09-24,2022-05-22,Initial Signup
6232,103459,Starter,3,15.0,45.0,2022-05-22,,Seat Change
6233,103460,Pro,43,49.0,1926.6,2022-12-07,,Initial Signup
6234,103461,Starter,3,15.0,45.0,2022-02-24,2022-08-08,Initial Signup
6235,103461,Growth,5,29.0,145.0,2022-08-08,2024-01-16,Upgrade
6236,103461,Pro,20,49.0,980.0,2024-01-16,,Upgrade
6237,103462,Starter,1,15.0,15.0,2023-11-10,,Initial Signup
6238,103463,Pro,35,49.0,1715.0,2023-03-18,2024-01-09,Initial Signup
6239,103463,Growth,20,29.0,580.0,2024-01-09,,Downgrade
6240,103464,Pro,44,49.0,2156.0,2021-01-06,2021-02-25,Initial Signup
6241,103464,Growth,20,29.0,580.0,2021-02-25,,Downgrade
6242,103465,Growth,5,29.0,145.0,2023-09-16,,Initial Signup
6243,103466,Starter,1,15.0,15.0,2024-07-20,,Initial Signup
6244,103467,Pro,20,49.0,980.0,2022-11-26,2024-06-24,Initial Signup
6245,103467,Enterprise,50,38.29,1914.5,2024-06-24,,Upgrade
6246,103468,Starter,1,15.0,15.0,2021-03-27,2024-09-19,Initial Signup
6247,103468,Growth,5,29.0,145.0,2024-09-19,,Upgrade
6248,103469,Starter,4,15.0,60.0,2023-03-23,,Initial Signup
6249,103470,Growth,7,29.0,203.0,2022-07-16,,Initial Signup
6250,103471,Growth,11,29.0,319.0,2021-09-25,,Initial Signup
6251,103472,Enterprise,326,22.97,7488.22,2023-09-03,2023-09-09,Initial Signup
6252,103472,Enterprise,370,22.97,8498.9,2023-09-09,2024-05-11,Seat Change
6253,103472,Enterprise,486,22.97,11163.42,2024-05-11,,Seat Change
6254,103473,Starter,1,15.0,15.0,2022-03-28,,Initial Signup
6255,103474,Growth,5,29.0,130.89,2023-07-06,,Initial Signup
6256,103475,Growth,11,29.0,319.0,2022-08-12,2024-05-22,Initial Signup
6257,103475,Growth,11,29.0,319.0,2024-05-22,,Renewal
6258,103476,Starter,5,15.0,75.0,2021-07-26,,Initial Signup
6259,103477,Starter,2,15.0,30.0,2024-09-21,,Initial Signup
6260,103478,Starter,1,15.0,15.0,2022-03-24,,Initial Signup
6261,103479,Starter,3,15.0,45.0,2022-01-20,2024-11-29,Initial Signup
6262,103479,Growth,5,29.0,145.0,2024-11-29,,Upgrade
6263,103480,Growth,6,29.0,174.0,2021-10-17,,Initial Signup
6264,103481,Growth,5,29.0,145.0,2021-04-05,2021-08-19,Initial Signup
6265,103481,Pro,20,49.0,980.0,2021-08-19,2021-10-28,Upgrade
6266,103481,Enterprise,51,33.51,1709.01,2021-10-28,,Upgrade
6267,103482,Growth,14,29.0,406.0,2022-09-28,,Initial Signup
6268,103483,Starter,2,15.0,30.0,2021-11-18,,Initial Signup
6269,103484,Growth,19,29.0,551.0,2024-02-19,2024-10-20,Initial Signup
6270,103484,Growth,20,29.0,580.0,2024-10-20,,Seat Change
6271,103485,Growth,6,29.0,174.0,2024-07-12,2024-09-10,Initial Signup
6272,103485,Pro,20,49.0,980.0,2024-09-10,2024-12-03,Upgrade
6273,103485,Growth,18,29.0,522.0,2024-12-03,,Downgrade
6274,103486,Pro,80,49.0,3920.0,2022-12-27,,Initial Signup
6275,103487,Growth,17,29.0,493.0,2021-06-13,,Initial Signup
6276,103488,Starter,1,15.0,15.0,2022-10-06,2022-11-12,Initial Signup
6277,103488,Starter,2,15.0,30.0,2022-11-12,,Seat Change
6278,103489,Growth,10,29.0,290.0,2021-01-06,2021-07-04,Initial Signup
6279,103489,Growth,9,29.0,261.0,2021-07-04,2024-01-18,Seat Change
6280,103489,Starter,5,15.0,75.0,2024-01-18,,Downgrade
6281,103490,Starter,2,15.0,30.0,2023-04-20,2023-07-04,Initial Signup
6282,103490,Starter,3,15.0,45.0,2023-07-04,2023-07-26,Seat Change
6283,103490,Starter,4,15.0,60.0,2023-07-26,2023-07-30,Seat Change
6284,103490,Growth,5,29.0,145.0,2023-07-30,,Upgrade
6285,103491,Growth,9,29.0,261.0,2021-12-21,,Initial Signup
6286,103492,Starter,3,15.0,45.0,2024-02-06,,Initial Signup
6287,103493,Growth,7,29.0,203.0,2021-09-20,2021-10-01,Initial Signup
6288,103493,Pro,20,49.0,980.0,2021-10-01,,Upgrade
6289,103494,Growth,16,29.0,464.0,2021-07-28,2021-10-04,Initial Signup
6290,103494,Pro,20,49.0,980.0,2021-10-04,2022-06-06,Upgrade
6291,103494,Pro,27,49.0,1323.0,2022-06-06,,Seat Change
6292,103495,Growth,6,29.0,174.0,2024-12-15,,Initial Signup
6293,103496,Starter,1,15.0,15.0,2022-02-28,,Initial Signup
6294,103497,Starter,1,15.0,15.0,2023-08-05,,Initial Signup
6295,103498,Growth,5,29.0,135.3,2023-11-12,,Initial Signup
6296,103499,Starter,2,15.0,30.0,2022-01-16,,Initial Signup
6297,103500,Enterprise,166,34.5,5727.0,2021-11-11,,Initial Signup
6298,103501,Growth,10,29.0,290.0,2022-03-03,2024-11-25,Initial Signup
6299,103501,Pro,20,49.0,980.0,2024-11-25,,Upgrade
6300,103502,Growth,5,29.0,128.33,2023-06-13,2024-01-05,Initial Signup
6301,103502,Pro,20,49.0,980.0,2024-01-05,,Upgrade
6302,103503,Starter,1,15.0,15.0,2024-07-10,2024-09-15,Initial Signup
6303,103503,Starter,1,15.0,14.43,2024-09-15,,Renewal
6304,103504,Starter,3,15.0,45.0,2021-08-06,,Initial Signup
6305,103505,Pro,21,49.0,1029.0,2022-11-11,2023-04-22,Initial Signup
6306,103505,Enterprise,56,,1870.07,2023-04-22,2023-07-01,Upgrade
6307,103505,Enterprise,66,34.66,2287.56,2023-07-01,2023-09-03,Seat Change
6308,103505,Enterprise,72,34.66,2495.52,2023-09-03,2024-06-30,Seat Change
6309,103505,Pro,29,49.0,1421.0,2024-06-30,,Downgrade
6310,103506,Growth,12,29.0,348.0,2021-07-12,2023-11-25,Initial Signup
6311,103506,Pro,20,49.0,911.45,2023-11-25,,Upgrade
6312,103507,Starter,1,15.0,15.0,2022-05-25,2022-10-18,Initial Signup
6313,103507,Starter,1,15.0,13.37,2022-10-18,2022-12-06,Renewal
6314,103507,Starter,1,15.0,15.0,2022-12-06,2023-11-06,Renewal
6315,103507,Starter,1,15.0,15.0,2023-11-06,,Renewal
6316,103508,Growth,5,29.0,138.82,2023-03-14,,Initial Signup
6317,103509,Growth,19,29.0,551.0,2023-09-12,2023-11-26,Initial Signup
6318,103509,Growth,20,29.0,580.0,2023-11-26,,Seat Change
6319,103510,Growth,10,29.0,290.0,2021-11-11,2022-03-25,Initial Signup
6320,103510,Growth,9,29.0,261.0,2022-03-25,2023-05-27,Seat Change
6321,103510,Growth,8,29.0,232.0,2023-05-27,2024-05-31,Seat Change
6322,103510,Growth,8,29.0,232.0,2024-05-31,2024-08-22,Renewal
6323,103510,Pro,20,49.0,893.91,2024-08-22,,Upgrade
6324,103511,Pro,78,49.0,3822.0,2021-09-17,,Initial Signup
6325,103512,Growth,15,29.0,435.0,2021-07-08,,Initial Signup
6326,103513,Growth,6,29.0,174.0,2021-04-25,,Initial Signup
6327,103514,Starter,3,15.0,45.0,2021-09-12,,Initial Signup
6328,103515,Starter,1,15.0,15.0,2023-08-12,2023-09-07,Initial Signup
6329,103515,Growth,5,29.0,145.0,2023-09-07,,Upgrade
6330,103516,Growth,5,29.0,145.0,2021-10-02,2022-08-15,Initial Signup
6331,103516,Growth,6,29.0,174.0,2022-08-15,,Seat Change
6332,103517,Enterprise,690,43.41,29952.9,2021-08-25,,Initial Signup
6333,103518,Starter,1,15.0,15.0,2022-11-14,,Initial Signup
6334,103519,Growth,13,29.0,377.0,2021-06-04,,Initial Signup
6335,103520,Growth,15,29.0,435.0,2021-07-05,2021-07-18,Initial Signup
6336,103520,Pro,20,49.0,930.92,2021-07-18,2022-01-16,Upgrade
6337,103520,Pro,20,49.0,980.0,2022-01-16,2022-03-23,Renewal
6338,103520,Pro,20,49.0,980.0,2022-03-23,,Renewal
6339,103521,Growth,16,29.0,464.0,2024-02-11,,Initial Signup
6340,103522,Starter,1,15.0,13.17,2021-02-22,2021-04-28,Initial Signup
6341,103522,Starter,1,15.0,15.0,2021-04-28,2024-04-26,Renewal
6342,103522,Starter,2,15.0,30.0,2024-04-26,,Seat Change
6343,103523,Starter,4,15.0,51.87,2021-10-03,2022-11-11,Initial Signup
6344,103523,Starter,5,15.0,75.0,2022-11-11,,Seat Change
6345,103524,Pro,26,49.0,1152.75,2022-04-04,,Initial Signup
6346,103525,Growth,18,29.0,522.0,2021-06-16,2023-07-27,Initial Signup
6347,103525,Pro,20,49.0,980.0,2023-07-27,,Upgrade
6348,103526,Growth,14,29.0,406.0,2021-07-14,,Initial Signup
6349,103527,Enterprise,445,41.84,18618.8,2021-06-27,2021-09-13,Initial Signup
6350,103527,Enterprise,551,41.84,23053.84,2021-09-13,2022-04-09,Seat Change
6351,103527,Enterprise,516,41.84,21589.44,2022-04-09,2022-09-13,Seat Change
6352,103527,Pro,100,49.0,4900.0,2022-09-13,2022-12-17,Downgrade
6353,103527,Pro,100,49.0,4900.0,2022-12-17,,Renewal
6354,103528,Growth,7,29.0,203.0,2021-09-22,,Initial Signup
6355,103529,Starter,2,15.0,30.0,2023-10-19,2024-05-29,Initial Signup
6356,103529,Starter,3,15.0,45.0,2024-05-29,,Seat Change
6357,103530,Enterprise,265,37.44,9921.6,2021-11-10,2022-01-03,Initial Signup
6358,103530,Enterprise,258,37.44,9659.52,2022-01-03,,Seat Change
6359,103531,Pro,20,49.0,980.0,2021-10-18,,Initial Signup
6360,103532,Growth,14,29.0,406.0,2021-10-17,,Initial Signup
6361,103533,Starter,3,15.0,45.0,2024-07-08,2024-10-08,Initial Signup
6362,103533,Growth,5,29.0,145.0,2024-10-08,,Upgrade
6363,103534,Starter,4,15.0,55.95,2021-03-11,2023-07-01,Initial Signup
6364,103534,Starter,3,15.0,45.0,2023-07-01,,Seat Change
6365,103535,Starter,5,15.0,75.0,2023-08-27,2023-10-17,Initial Signup
6366,103535,Growth,5,29.0,134.89,2023-10-17,,Upgrade
6367,103536,Growth,5,29.0,145.0,2021-08-16,,Initial Signup
6368,103537,Starter,3,15.0,45.0,2024-05-14,,Initial Signup
6369,103538,Growth,5,29.0,145.0,2021-08-23,,Initial Signup
6370,103539,Starter,2,15.0,30.0,2021-02-08,,Initial Signup
6371,103540,Starter,1,15.0,15.0,2022-01-07,2023-06-28,Initial Signup
6372,103540,Growth,5,29.0,145.0,2023-06-28,2024-03-25,Upgrade
6373,103540,Growth,6,29.0,174.0,2024-03-25,,Seat Change
6374,103541,Pro,42,49.0,2058.0,2021-06-28,,Initial Signup
6375,103542,Growth,6,29.0,174.0,2022-12-23,,Initial Signup
6376,103543,Starter,3,15.0,45.0,2022-07-12,,Initial Signup
6377,103544,Growth,6,29.0,174.0,2022-09-27,2023-01-29,Initial Signup
6378,103544,Growth,6,29.0,174.0,2023-01-29,,Renewal
6379,103545,Starter,1,15.0,15.0,2021-05-11,,Initial Signup
6380,103546,Pro,21,49.0,1029.0,2022-10-19,,Initial Signup
6381,103547,Growth,14,29.0,406.0,2021-08-01,,Initial Signup
6382,103548,Starter,1,15.0,15.0,2024-12-20,,Initial Signup
6383,103549,Pro,22,49.0,1078.0,2022-11-05,2022-12-04,Initial Signup
6384,103549,Pro,22,49.0,989.16,2022-12-04,,Renewal
6385,103550,Starter,1,15.0,15.0,2022-04-07,,Initial Signup
6386,103551,Starter,1,15.0,15.0,2023-08-23,2023-09-05,Initial Signup
6387,103551,Starter,1,15.0,15.0,2023-09-05,2024-09-28,Renewal
6388,103551,Growth,5,29.0,145.0,2024-09-28,2024-11-30,Upgrade
6389,103551,Pro,20,49.0,980.0,2024-11-30,,Upgrade
6390,103552,Pro,23,49.0,1127.0,2022-04-06,2023-03-21,Initial Signup
6391,103552,Pro,23,49.0,1127.0,2023-03-21,2023-11-02,Renewal
6392,103552,Growth,20,29.0,580.0,2023-11-02,,Downgrade
6393,103553,Growth,7,29.0,203.0,2022-03-14,,Initial Signup
6394,103554,Growth,8,29.0,232.0,2021-06-26,2023-12-05,Initial Signup
6395,103554,Pro,20,49.0,856.1,2023-12-05,,Upgrade
6396,103555,Starter,1,15.0,13.45,2022-08-27,2022-12-09,Initial Signup
6397,103555,Growth,5,29.0,145.0,2022-12-09,,Upgrade
6398,103556,Enterprise,697,23.22,16184.34,2021-09-13,,Initial Signup
6399,103557,Growth,9,29.0,261.0,2021-01-03,,Initial Signup
6400,103558,Starter,3,15.0,45.0,2023-04-09,2023-12-27,Initial Signup
6401,103558,Starter,4,15.0,60.0,2023-12-27,2024-06-18,Seat Change
6402,103558,Starter,5,15.0,75.0,2024-06-18,2024-08-27,Seat Change
6403,103558,Starter,4,15.0,60.0,2024-08-27,2024-12-19,Seat Change
6404,103558,Starter,4,15.0,60.0,2024-12-19,,Renewal
6405,103559,Starter,2,15.0,30.0,2021-02-18,,Initial Signup
6406,103560,Growth,7,29.0,203.0,2022-08-10,,Initial Signup
6407,103561,Growth,16,29.0,464.0,2021-04-21,2021-04-28,Initial Signup
6408,103561,Pro,20,49.0,980.0,2021-04-28,,Upgrade
6409,103562,Growth,5,29.0,145.0,2021-11-28,,Initial Signup
6410,103563,Pro,53,49.0,2597.0,2023-07-18,2023-09-16,Initial Signup
6411,103563,Enterprise,175,23.91,4184.25,2023-09-16,,Upgrade
6412,103564,Pro,84,49.0,4116.0,2021-03-18,2022-04-20,Initial Signup
6413,103564,Pro,84,49.0,4116.0,2022-04-20,2023-01-09,Renewal
6414,103564,Pro,100,49.0,4900.0,2023-01-09,2023-05-16,Seat Change
6415,103564,Growth,20,29.0,580.0,2023-05-16,,Downgrade
6416,103565,Starter,5,15.0,75.0,2022-08-15,,Initial Signup
6417,103566,Growth,12,29.0,348.0,2022-05-06,2022-06-22,Initial Signup
6418,103566,Pro,20,49.0,871.6,2022-06-22,,Upgrade
6419,103567,Starter,1,15.0,15.0,2023-08-17,,Initial Signup
6420,103568,Growth,11,29.0,319.0,2021-05-27,,Initial Signup
6421,103569,Growth,5,29.0,145.0,2023-02-20,,Initial Signup
6422,103570,Starter,4,15.0,60.0,2021-11-22,2022-05-11,Initial Signup
6423,103570,Starter,5,15.0,75.0,2022-05-11,2022-10-17,Seat Change
6424,103570,Growth,5,29.0,145.0,2022-10-17,2023-07-01,Upgrade
6425,103570,Starter,5,15.0,65.47,2023-07-01,2024-08-25,Downgrade
6426,103570,Starter,4,15.0,60.0,2024-08-25,,Seat Change
6427,103571,Growth,5,29.0,135.31,2021-11-25,,Initial Signup
6428,103572,Growth,9,29.0,261.0,2021-09-11,2022-02-12,Initial Signup
6429,103572,Growth,11,29.0,319.0,2022-02-12,,Seat Change
6430,103573,Growth,5,29.0,145.0,2021-10-10,,Initial Signup
6431,103574,Starter,2,15.0,30.0,2022-01-28,,Initial Signup
6432,103575,Starter,3,15.0,45.0,2021-03-13,,Initial Signup
6433,103576,Starter,5,15.0,75.0,2021-11-21,2023-02-04,Initial Signup
6434,103576,Growth,5,29.0,145.0,2023-02-04,2023-08-06,Upgrade
6435,103576,Starter,5,15.0,75.0,2023-08-06,2023-08-11,Downgrade
6436,103576,Growth,5,29.0,145.0,2023-08-11,2024-08-20,Upgrade
6437,103576,Pro,20,49.0,980.0,2024-08-20,,Upgrade
6438,103577,Growth,14,29.0,406.0,2022-07-18,,Initial Signup
6439,103578,Starter,5,15.0,75.0,2021-12-04,2022-10-17,Initial Signup
6440,103578,Starter,5,15.0,75.0,2022-10-17,,Renewal
6441,103579,Starter,1,15.0,15.0,2021-04-09,2024-01-22,Initial Signup
6442,103579,Starter,2,15.0,30.0,2024-01-22,,Seat Change
6443,103580,Pro,41,49.0,2009.0,2021-09-10,2023-08-02,Initial Signup
6444,103580,Pro,41,49.0,2009.0,2023-08-02,2024-08-31,Renewal
6445,103580,Enterprise,159,20.91,3324.69,2024-08-31,,Upgrade
6446,103581,Starter,3,15.0,45.0,2021-11-06,2022-05-05,Initial Signup
6447,103581,Starter,3,15.0,45.0,2022-05-05,2022-07-20,Renewal
6448,103581,Starter,3,15.0,45.0,2022-07-20,,Renewal
6449,103582,Pro,25,49.0,1225.0,2022-08-22,,Initial Signup
6450,103583,Growth,12,29.0,348.0,2023-10-28,2023-10-29,Initial Signup
6451,103583,Growth,12,29.0,331.84,2023-10-29,,Renewal
6452,103584,Starter,2,15.0,30.0,2022-03-28,2024-06-13,Initial Signup
6453,103584,Starter,1,15.0,15.0,2024-06-13,,Seat Change
6454,103585,Growth,5,29.0,145.0,2022-08-06,,Initial Signup
6455,103586,Starter,1,15.0,13.31,2021-02-13,,Initial Signup
6456,103587,Growth,16,29.0,464.0,2024-05-07,,Initial Signup
6457,103588,Pro,24,49.0,1176.0,2021-08-02,,Initial Signup
6458,103589,Starter,4,15.0,60.0,2021-09-18,2021-10-11,Initial Signup
6459,103589,Starter,4,15.0,60.0,2021-10-11,,Renewal
6460,103590,Starter,1,15.0,15.0,2021-06-25,2021-08-07,Initial Signup
6461,103590,Starter,2,15.0,30.0,2021-08-07,2021-08-11,Seat Change
6462,103590,Starter,2,15.0,30.0,2021-08-11,,Renewal
6463,103591,Growth,9,29.0,261.0,2021-02-03,2021-04-26,Initial Signup
6464,103591,Pro,20,49.0,980.0,2021-04-26,,Upgrade
6465,103592,Pro,25,49.0,1225.0,2023-01-18,,Initial Signup
6466,103593,Growth,18,29.0,522.0,2021-06-01,,Initial Signup
6467,103594,Growth,13,29.0,377.0,2021-07-24,2022-05-28,Initial Signup
6468,103594,Growth,11,29.0,319.0,2022-05-28,2023-08-11,Seat Change
6469,103594,Growth,13,29.0,377.0,2023-08-11,,Seat Change
6470,103595,Starter,5,15.0,69.13,2021-05-02,2021-05-04,Initial Signup
6471,103595,Starter,5,15.0,64.36,2021-05-04,,Renewal
6472,103596,Pro,74,49.0,3626.0,2024-08-13,,Initial Signup
6473,103597,Growth,14,29.0,406.0,2023-01-04,,Initial Signup
6474,103598,Growth,11,29.0,319.0,2024-01-12,,Initial Signup
6475,103599,Growth,6,29.0,174.0,2023-07-13,2024-10-01,Initial Signup
6476,103599,Starter,5,15.0,75.0,2024-10-01,,Downgrade
6477,103600,Starter,1,15.0,15.0,2023-11-16,,Initial Signup
6478,103601,Pro,21,49.0,1029.0,2021-12-24,,Initial Signup
6479,103602,Starter,2,15.0,30.0,2021-04-28,,Initial Signup
6480,103603,Growth,7,29.0,203.0,2021-08-10,2021-11-17,Initial Signup
6481,103603,Growth,8,29.0,232.0,2021-11-17,,Seat Change
6482,103604,Starter,4,15.0,51.14,2021-08-26,,Initial Signup
6483,103605,Growth,6,29.0,168.31,2022-10-12,,Initial Signup
6484,103606,Pro,58,49.0,2842.0,2021-01-04,,Initial Signup
6485,103607,Starter,3,15.0,45.0,2021-04-17,2021-06-24,Initial Signup
6486,103607,Starter,4,15.0,60.0,2021-06-24,,Seat Change
6487,103608,Starter,4,15.0,60.0,2022-08-21,2023-07-06,Initial Signup
6488,103608,Growth,5,29.0,145.0,2023-07-06,2024-05-11,Upgrade
6489,103608,Starter,5,15.0,75.0,2024-05-11,,Downgrade
6490,103609,Growth,6,29.0,174.0,2021-03-09,,Initial Signup
6491,103610,Pro,26,49.0,1274.0,2021-01-17,,Initial Signup
6492,103611,Pro,70,49.0,3430.0,2021-03-13,,Initial Signup
6493,103612,Pro,71,49.0,3479.0,2022-09-05,,Initial Signup
6494,103613,Starter,1,15.0,15.0,2021-04-11,,Initial Signup
6495,103614,Growth,5,29.0,140.24,2021-04-12,,Initial Signup
6496,103615,Starter,4,15.0,60.0,2021-06-10,2022-02-23,Initial Signup
6497,103615,Starter,5,15.0,75.0,2022-02-23,2023-06-28,Seat Change
6498,103615,Starter,5,15.0,75.0,2023-06-28,2024-01-15,Renewal
6499,103615,Growth,5,29.0,145.0,2024-01-15,2024-10-15,Upgrade
6500,103615,Growth,5,29.0,134.26,2024-10-15,,Renewal
6501,103616,Growth,14,29.0,406.0,2022-11-26,2023-04-22,Initial Signup
6502,103616,Growth,12,29.0,348.0,2023-04-22,2023-08-07,Seat Change
6503,103616,Growth,11,29.0,319.0,2023-08-07,,Seat Change
6504,103617,Growth,8,29.0,232.0,2021-05-11,,Initial Signup
6505,103618,Growth,15,29.0,435.0,2021-01-18,,Initial Signup
6506,103619,Growth,7,29.0,203.0,2023-11-01,,Initial Signup
6507,103620,Starter,2,15.0,30.0,2023-09-09,,Initial Signup
6508,103621,Starter,1,15.0,15.0,2021-05-25,,Initial Signup
6509,103622,Pro,38,49.0,1862.0,2021-07-25,2024-10-30,Initial Signup
6510,103622,Pro,40,49.0,1960.0,2024-10-30,,Seat Change
6511,103623,Growth,12,29.0,348.0,2021-05-28,,Initial Signup
6512,103624,Growth,20,29.0,580.0,2022-10-02,,Initial Signup
6513,103625,Growth,8,29.0,232.0,2021-06-25,,Initial Signup
6514,103626,Starter,3,15.0,45.0,2024-01-08,,Initial Signup
6515,103627,Pro,23,49.0,1127.0,2023-05-01,,
6516,103628,Starter,1,15.0,15.0,2022-04-03,,Initial Signup
6517,103629,Growth,19,29.0,551.0,2021-01-22,,Initial Signup
6518,103630,Starter,1,15.0,15.0,2023-09-17,,Initial Signup
6519,103631,Growth,6,29.0,174.0,2022-10-17,2022-11-25,Initial Signup
6520,103631,Pro,20,49.0,980.0,2022-11-25,2024-07-15,Upgrade
6521,103631,Pro,26,49.0,1274.0,2024-07-15,2024-09-09,Seat Change
6522,103631,Pro,24,49.0,1176.0,2024-09-09,,Seat Change
6523,103632,Starter,1,15.0,15.0,2023-01-25,,Initial Signup
6524,103633,Growth,6,29.0,174.0,2021-02-03,,Initial Signup
6525,103634,Growth,5,29.0,145.0,2022-10-03,,Initial Signup
6526,103635,Growth,5,29.0,145.0,2023-03-27,,Initial Signup
6527,103636,Growth,5,29.0,145.0,2024-05-17,,Initial Signup
6528,103637,Growth,6,29.0,174.0,2022-04-22,,Initial Signup
6529,103638,Growth,18,29.0,522.0,2022-01-15,2022-03-12,Initial Signup
6530,103638,Growth,18,29.0,522.0,2022-03-12,2022-04-05,Renewal
6531,103638,Growth,18,29.0,522.0,2022-04-05,2023-04-09,Renewal
6532,103638,Growth,18,29.0,522.0,2023-04-09,2023-07-30,Renewal
6533,103638,Starter,5,15.0,75.0,2023-07-30,,Downgrade
6534,103639,Growth,15,29.0,435.0,2021-11-05,,Initial Signup
6535,103640,Pro,21,49.0,1029.0,2022-09-15,2023-06-01,Initial Signup
6536,103640,Pro,22,49.0,1078.0,2023-06-01,2024-11-04,Seat Change
6537,103640,Pro,20,49.0,980.0,2024-11-04,,Seat Change
6538,103641,Starter,1,15.0,15.0,2023-12-27,,Initial Signup
6539,103642,Growth,5,29.0,145.0,2022-05-04,2023-05-13,Initial Signup
6540,103642,Growth,5,29.0,145.0,2023-05-13,,Renewal
6541,103643,Starter,1,15.0,15.0,2021-06-04,,Initial Signup
6542,103644,Growth,13,29.0,377.0,2021-01-10,2022-05-23,Initial Signup
6543,103644,Growth,13,29.0,377.0,2022-05-23,,Renewal
6544,103645,Pro,33,49.0,1617.0,2022-06-13,,Initial Signup
6545,103646,Growth,12,29.0,348.0,2023-08-18,,Initial Signup
6546,103647,Growth,6,29.0,174.0,2021-02-05,,Initial Signup
6547,103648,Starter,1,15.0,15.0,2021-10-27,2023-10-13,Initial Signup
6548,103648,Growth,5,29.0,145.0,2023-10-13,,Upgrade
6549,103649,Growth,10,29.0,290.0,2024-03-05,2024-06-26,Initial Signup
6550,103649,Pro,20,49.0,980.0,2024-06-26,,Upgrade
6551,103650,Starter,2,15.0,30.0,2022-01-06,,Initial Signup
6552,103651,Starter,2,15.0,30.0,2021-06-28,2023-12-17,Initial Signup
6553,103651,Growth,5,29.0,145.0,2023-12-17,,Upgrade
6554,103652,Starter,1,15.0,15.0,2021-09-11,2022-03-26,Initial Signup
6555,103652,Growth,5,29.0,137.89,2022-03-26,,Upgrade
6556,103653,Growth,9,29.0,261.0,2021-10-17,2022-05-03,Initial Signup
6557,103653,Growth,11,29.0,319.0,2022-05-03,2024-05-05,Seat Change
6558,103653,Pro,20,49.0,932.28,2024-05-05,2024-07-24,Upgrade
6559,103653,Pro,30,49.0,1470.0,2024-07-24,,Seat Change
6560,103654,Growth,17,29.0,493.0,2021-03-13,,Initial Signup
6561,103655,Starter,2,15.0,30.0,2022-08-08,,Initial Signup
6562,103656,Starter,1,15.0,15.0,2022-04-15,,Initial Signup
6563,103657,Growth,12,29.0,348.0,2022-07-22,2023-12-10,Initial Signup
6564,103657,Growth,13,29.0,377.0,2023-12-10,2024-03-30,Seat Change
6565,103657,Growth,13,29.0,377.0,2024-03-30,2024-04-17,Renewal
6566,103657,Growth,14,29.0,406.0,2024-04-17,,
6567,103658,Growth,7,29.0,203.0,2022-05-01,2022-06-17,Initial Signup
6568,103658,Growth,6,29.0,174.0,2022-06-17,2024-10-31,Seat Change
6569,103658,Growth,5,29.0,145.0,2024-10-31,,Seat Change
6570,103659,Starter,2,15.0,30.0,2021-01-25,2023-01-10,Initial Signup
6571,103659,Growth,5,29.0,145.0,2023-01-10,2024-03-23,Upgrade
6572,103659,Pro,20,49.0,980.0,2024-03-23,,Upgrade
6573,103660,Starter,2,15.0,30.0,2021-05-06,2024-03-04,Initial Signup
6574,103660,Growth,5,29.0,145.0,2024-03-04,,Upgrade
6575,103661,Starter,3,15.0,45.0,2021-04-26,,Initial Signup
6576,103662,Growth,6,29.0,174.0,2021-03-27,,Initial Signup
6577,103663,Growth,16,29.0,464.0,2022-11-27,2022-12-04,Initial Signup
6578,103663,Growth,19,29.0,551.0,2022-12-04,,Seat Change
6579,103664,Starter,3,15.0,45.0,2021-03-19,,Initial Signup
6580,103665,Pro,30,49.0,1470.0,2022-08-26,,Initial Signup
6581,103666,Starter,3,15.0,45.0,2021-05-25,,Initial Signup
6582,103667,Growth,15,29.0,435.0,2021-03-18,,Initial Signup
6583,103668,Growth,6,29.0,174.0,2021-04-25,,Initial Signup
6584,103669,Growth,6,29.0,174.0,2022-01-10,2022-07-20,Initial Signup
6585,103669,Growth,7,29.0,203.0,2022-07-20,,Seat Change
6586,103670,Pro,31,49.0,1519.0,2022-07-24,2023-01-01,Initial Signup
6587,103670,Pro,32,49.0,1568.0,2023-01-01,2023-09-10,Seat Change
6588,103670,Growth,20,29.0,580.0,2023-09-10,,Downgrade
6589,103671,Starter,1,15.0,15.0,2023-03-26,,Initial Signup
6590,103672,Starter,2,15.0,25.56,2021-03-18,,Initial Signup
6591,103673,Starter,1,15.0,15.0,2022-05-04,2024-02-05,Initial Signup
6592,103673,Starter,2,15.0,30.0,2024-02-05,,Seat Change
6593,103674,Starter,2,15.0,30.0,2022-12-06,,Initial Signup
6594,103675,Growth,5,29.0,145.0,2021-08-05,,Initial Signup
6595,103676,Growth,11,29.0,319.0,2021-02-15,2023-08-22,Initial Signup
6596,103676,Growth,10,29.0,290.0,2023-08-22,,Seat Change
6597,103677,Growth,9,29.0,232.3,2021-04-13,,Initial Signup
6598,103678,Growth,13,29.0,377.0,2021-03-24,2022-06-18,Initial Signup
6599,103678,Starter,5,15.0,75.0,2022-06-18,,Downgrade
6600,103679,Growth,10,29.0,290.0,2023-09-08,,Initial Signup
6601,103680,Growth,10,29.0,274.98,2021-09-05,2022-07-27,Initial Signup
6602,103680,Pro,20,49.0,865.5,2022-07-27,2024-06-18,Upgrade
6603,103680,Pro,28,49.0,1181.38,2024-06-18,,Seat Change
6604,103681,Starter,2,15.0,30.0,2022-01-18,2022-04-18,Initial Signup
6605,103681,Growth,5,29.0,145.0,2022-04-18,2022-07-13,
6606,103681,Pro,20,49.0,907.9,2022-07-13,,Upgrade
6607,103682,Starter,1,15.0,15.0,2022-12-04,2023-08-06,Initial Signup
6608,103682,Starter,2,15.0,30.0,2023-08-06,,Seat Change
6609,103683,Pro,68,49.0,3332.0,2021-09-26,2023-05-03,Initial Signup
6610,103683,Enterprise,277,21.62,5988.74,2023-05-03,2024-07-20,Upgrade
6611,103683,Enterprise,277,21.62,5727.74,2024-07-20,,Renewal
6612,103684,Growth,18,29.0,522.0,2022-07-03,,Initial Signup
6613,103685,Starter,2,15.0,30.0,2021-02-14,,Initial Signup
6614,103686,Growth,15,29.0,435.0,2021-12-27,,Initial Signup
6615,103687,Growth,5,29.0,145.0,2021-03-16,2024-05-21,Initial Signup
6616,103687,Pro,20,49.0,980.0,2024-05-21,,Upgrade
6617,103688,Starter,1,15.0,15.0,2021-06-23,2022-08-10,Initial Signup
6618,103688,Starter,1,15.0,15.0,2022-08-10,,Renewal
6619,103689,Growth,6,29.0,174.0,2021-08-12,,Initial Signup
6620,103690,Pro,45,49.0,2205.0,2022-10-22,2023-07-24,Initial Signup
6621,103690,Pro,45,49.0,2205.0,2023-07-24,2024-04-06,Renewal
6622,103690,Growth,20,29.0,580.0,2024-04-06,2024-06-02,Downgrade
6623,103690,Pro,20,49.0,980.0,2024-06-02,2024-10-15,Upgrade
6624,103690,Enterprise,50,28.15,1407.5,2024-10-15,,Upgrade
6625,103691,Growth,5,29.0,145.0,2022-08-20,2022-12-01,Initial Signup
6626,103691,Growth,6,29.0,174.0,2022-12-01,2024-04-27,Seat Change
6627,103691,Growth,5,29.0,145.0,2024-04-27,2024-08-03,Seat Change
6628,103691,Growth,6,29.0,174.0,2024-08-03,,Seat Change
6629,103692,Starter,2,15.0,30.0,2022-11-15,,Initial Signup
6630,103693,Starter,1,15.0,15.0,2021-02-03,,Initial Signup
6631,103694,Starter,1,15.0,15.0,2024-11-28,,Initial Signup
6632,103695,Growth,5,29.0,145.0,2021-02-02,2021-06-05,Initial Signup
6633,103695,Growth,5,29.0,145.0,2021-06-05,,Renewal
6634,103696,Starter,2,15.0,27.24,2023-04-10,2023-09-08,Initial Signup
6635,103696,Starter,1,15.0,13.83,2023-09-08,,Seat Change
6636,103697,Starter,3,15.0,45.0,2022-11-18,2023-10-01,Initial Signup
6637,103697,Growth,5,29.0,145.0,2023-10-01,2024-04-24,Upgrade
6638,103697,Growth,7,29.0,174.61,2024-04-24,2024-09-01,Seat Change
6639,103697,Pro,20,49.0,980.0,2024-09-01,,Upgrade
6640,103698,Growth,20,29.0,580.0,2022-04-22,2023-09-28,Initial Signup
6641,103698,Pro,20,49.0,980.0,2023-09-28,,Upgrade
6642,103699,Growth,11,29.0,319.0,2021-11-15,2021-12-17,Initial Signup
6643,103699,Pro,20,49.0,980.0,2021-12-17,2021-12-25,Upgrade
6644,103699,Enterprise,50,44.51,2225.5,2021-12-25,2022-06-20,Upgrade
6645,103699,Pro,22,49.0,1078.0,2022-06-20,,Downgrade
6646,103700,Pro,21,49.0,1029.0,2022-12-12,2023-07-13,Initial Signup
6647,103700,Pro,21,49.0,1029.0,2023-07-13,2024-01-10,Renewal
6648,103700,Pro,20,49.0,935.88,2024-01-10,2024-06-20,Seat Change
6649,103700,Pro,28,49.0,1372.0,2024-06-20,,Seat Change
6650,103701,Starter,1,15.0,15.0,2022-11-12,,Initial Signup
6651,103702,Growth,6,29.0,174.0,2021-04-28,,Initial Signup
6652,103703,Starter,2,15.0,30.0,2023-02-10,,Initial Signup
6653,103704,Growth,5,29.0,145.0,2021-02-24,2021-11-26,Initial Signup
6654,103704,Growth,5,29.0,145.0,2021-11-26,2022-02-11,Renewal
6655,103704,Growth,7,29.0,203.0,2022-02-11,,Seat Change
6656,103705,Enterprise,65,42.75,2778.75,2022-01-02,2023-02-22,Initial Signup
6657,103705,Enterprise,51,42.75,2180.25,2023-02-22,,Seat Change
6658,103706,Pro,59,49.0,2891.0,2022-07-19,,Initial Signup
6659,103707,Growth,8,29.0,232.0,2023-04-20,,Initial Signup
6660,103708,Starter,3,15.0,45.0,2021-12-19,2024-02-23,
6661,103708,Starter,4,15.0,60.0,2024-02-23,,Seat Change
6662,103709,Pro,88,49.0,4312.0,2021-06-12,,Initial Signup
6663,103710,Starter,4,15.0,60.0,2021-12-20,2022-03-24,Initial Signup
6664,103710,Starter,3,15.0,45.0,2022-03-24,2022-07-30,Seat Change
6665,103710,Growth,5,29.0,145.0,2022-07-30,,Upgrade
6666,103711,Pro,22,49.0,1010.83,2021-06-13,,Initial Signup
6667,103712,Growth,16,29.0,464.0,2022-02-17,2024-09-20,Initial Signup
6668,103712,Starter,5,15.0,75.0,2024-09-20,,Downgrade
6669,103713,Pro,70,49.0,3430.0,2021-12-26,2022-03-10,Initial Signup
6670,103713,Pro,70,49.0,3430.0,2022-03-10,,Renewal
6671,103714,Starter,1,15.0,12.82,2023-01-19,2023-02-27,Initial Signup
6672,103714,Growth,5,29.0,145.0,2023-02-27,,Upgrade
6673,103715,Growth,8,29.0,204.33,2021-06-21,,Initial Signup
6674,103716,Growth,10,29.0,290.0,2021-05-28,2023-03-29,Initial Signup
6675,103716,Pro,20,49.0,980.0,2023-03-29,,Upgrade
6676,103717,Pro,77,49.0,3773.0,2021-12-07,2023-12-07,Initial Signup
6677,103717,Pro,77,49.0,3773.0,2023-12-07,,Renewal
6678,103718,Starter,4,15.0,60.0,2021-02-17,,Initial Signup
6679,103719,Pro,46,49.0,2254.0,2021-06-19,2021-07-19,Initial Signup
6680,103719,Enterprise,73,42.65,3113.45,2021-07-19,2021-09-15,Upgrade
6681,103719,Enterprise,90,,3859.99,2021-09-15,,Seat Change
6682,103720,Starter,1,15.0,15.0,2021-09-20,2021-11-05,Initial Signup
6683,103720,Growth,5,29.0,145.0,2021-11-05,2021-11-13,Upgrade
6684,103720,Growth,7,29.0,203.0,2021-11-13,2022-01-08,Seat Change
6685,103720,Pro,20,49.0,980.0,2022-01-08,2022-01-09,Upgrade
6686,103720,Enterprise,50,39.63,1981.5,2022-01-09,,Upgrade
6687,103721,Starter,1,15.0,15.0,2021-12-04,,Initial Signup
6688,103722,Starter,4,15.0,60.0,2021-07-22,2021-08-04,Initial Signup
6689,103722,Starter,3,15.0,42.32,2021-08-04,,Seat Change
6690,103723,Enterprise,324,23.71,7682.04,2022-03-06,,Initial Signup
6691,103724,Growth,5,29.0,145.0,2023-09-12,,Initial Signup
6692,103725,Starter,1,15.0,15.0,2022-02-20,,Initial Signup
6693,103726,Growth,6,29.0,174.0,2021-07-08,2023-03-01,Initial Signup
6694,103726,Growth,7,29.0,203.0,2023-03-01,,Seat Change
6695,103727,Growth,5,29.0,145.0,2021-02-04,2022-02-16,Initial Signup
6696,103727,Starter,5,15.0,75.0,2022-02-16,2022-05-16,Downgrade
6697,103727,Growth,5,29.0,145.0,2022-05-16,2022-10-28,Upgrade
6698,103727,Starter,5,15.0,75.0,2022-10-28,2023-08-27,Downgrade
6699,103727,Growth,5,29.0,145.0,2023-08-27,,Upgrade
6700,103728,Starter,2,15.0,30.0,2021-04-19,2023-08-14,Initial Signup
6701,103728,Starter,1,15.0,15.0,2023-08-14,,Seat Change
6702,103729,Starter,4,15.0,60.0,2022-03-08,,Initial Signup
6703,103730,Starter,1,15.0,15.0,2022-09-24,,Initial Signup
6704,103731,Growth,17,29.0,493.0,2021-01-26,,Initial Signup
6705,103732,Growth,13,29.0,377.0,2021-05-10,2023-07-14,Initial Signup
6706,103732,Starter,5,15.0,75.0,2023-07-14,2023-07-15,Downgrade
6707,103732,Starter,4,15.0,60.0,2023-07-15,,Seat Change
6708,103733,Growth,11,29.0,319.0,2021-08-21,,Initial Signup
6709,103734,Growth,11,29.0,319.0,2021-08-07,2022-10-11,Initial Signup
6710,103734,Pro,20,49.0,980.0,2022-10-11,2023-02-19,Upgrade
6711,103734,Pro,26,49.0,1100.65,2023-02-19,2023-11-25,Seat Change
6712,103734,Enterprise,55,35.03,1926.65,2023-11-25,,Upgrade
6713,103735,Growth,15,29.0,435.0,2024-06-27,2024-07-15,Initial Signup
6714,103735,Growth,15,29.0,435.0,2024-07-15,,Renewal
6715,103736,Growth,8,29.0,232.0,2021-05-07,,Initial Signup
6716,103737,Growth,9,29.0,261.0,2021-02-25,2023-08-06,Initial Signup
6717,103737,Growth,9,29.0,261.0,2023-08-06,2023-12-16,Renewal
6718,103737,Growth,7,29.0,203.0,2023-12-16,,Seat Change
6719,103738,Growth,10,29.0,290.0,2021-09-23,,Initial Signup
6720,103739,Growth,5,29.0,145.0,2021-04-09,2022-01-01,Initial Signup
6721,103739,Growth,5,29.0,145.0,2022-01-01,2022-02-15,Renewal
6722,103739,Growth,6,29.0,174.0,2022-02-15,2022-02-17,Seat Change
6723,103739,Growth,6,29.0,174.0,2022-02-17,,Renewal
6724,103740,Starter,3,15.0,45.0,2021-03-24,,Initial Signup
6725,103741,Starter,1,15.0,15.0,2021-10-18,,Initial Signup
6726,103742,Growth,13,29.0,377.0,2021-08-19,2022-03-28,Initial Signup
6727,103742,Starter,5,15.0,75.0,2022-03-28,,Downgrade
6728,103743,Starter,1,15.0,15.0,2021-03-11,,Initial Signup
6729,103744,Growth,11,29.0,319.0,2022-05-07,2022-10-15,Initial Signup
6730,103744,Starter,5,15.0,75.0,2022-10-15,2023-12-08,Downgrade
6731,103744,Starter,4,15.0,53.35,2023-12-08,,Seat Change
6732,103745,Pro,39,49.0,1911.0,2022-01-20,,Initial Signup
6733,103746,Starter,2,15.0,30.0,2021-02-02,,Initial Signup
6734,103747,Growth,6,29.0,174.0,2023-08-10,2023-08-31,Initial Signup
6735,103747,Growth,6,29.0,174.0,2023-08-31,2024-01-19,Renewal
6736,103747,Pro,20,49.0,980.0,2024-01-19,,Upgrade
6737,103748,Starter,2,15.0,30.0,2021-07-04,2021-11-25,Initial Signup
6738,103748,Growth,5,29.0,127.68,2021-11-25,2022-03-04,Upgrade
6739,103748,Pro,20,49.0,928.6,2022-03-04,,Upgrade
6740,103749,Starter,4,15.0,60.0,2024-06-01,,Initial Signup
6741,103750,Pro,95,49.0,4655.0,2024-01-01,,Initial Signup
6742,103751,Growth,8,29.0,232.0,2021-11-03,2023-11-25,Initial Signup
6743,103751,Starter,5,15.0,75.0,2023-11-25,,Downgrade
6744,103752,Starter,1,15.0,15.0,2021-06-27,,Initial Signup
6745,103753,Growth,5,29.0,145.0,2023-05-22,2023-07-25,Initial Signup
6746,103753,Pro,20,49.0,980.0,2023-07-25,,Upgrade
6747,103754,Pro,24,49.0,1176.0,2021-09-28,2024-04-13,Initial Signup
6748,103754,Enterprise,50,31.46,1573.0,2024-04-13,2024-05-23,Upgrade
6749,103754,Enterprise,67,31.46,2107.82,2024-05-23,,Seat Change
6750,103755,Starter,2,15.0,30.0,2021-04-03,2021-07-13,Initial Signup
6751,103755,Starter,2,15.0,30.0,2021-07-13,,Renewal
6752,103756,Growth,14,29.0,406.0,2022-03-28,,Initial Signup
6753,103757,Starter,2,15.0,30.0,2021-12-17,,Initial Signup
6754,103758,Pro,89,49.0,4361.0,2023-06-23,2023-12-19,Initial Signup
6755,103758,Pro,98,49.0,4802.0,2023-12-19,2024-04-26,Seat Change
6756,103758,Pro,100,49.0,4364.83,2024-04-26,2024-10-26,Seat Change
6757,103758,Enterprise,176,40.87,7193.12,2024-10-26,2024-11-17,Upgrade
6758,103758,Enterprise,168,40.87,6866.16,2024-11-17,,Seat Change
6759,103759,Starter,5,15.0,75.0,2022-10-25,,Initial Signup
6760,103760,Growth,15,29.0,435.0,2023-09-08,,Initial Signup
6761,103761,Starter,4,15.0,60.0,2022-11-21,,Initial Signup
6762,103762,Pro,21,49.0,1029.0,2022-07-19,,Initial Signup
6763,103763,Starter,1,15.0,15.0,2022-01-12,,Initial Signup
6764,103764,Starter,1,15.0,15.0,2024-10-14,2024-11-03,Initial Signup
6765,103764,Growth,5,29.0,145.0,2024-11-03,,
6766,103765,Growth,9,29.0,243.09,2024-06-06,,Initial Signup
6767,103766,Pro,31,49.0,1519.0,2023-06-06,2024-06-28,Initial Signup
6768,103766,Enterprise,63,31.81,2004.03,2024-06-28,,Upgrade
6769,103767,Growth,8,29.0,232.0,2023-01-26,2024-08-14,Initial Signup
6770,103767,Growth,8,29.0,232.0,2024-08-14,,Renewal
6771,103768,Growth,16,29.0,464.0,2022-04-21,2023-02-26,Initial Signup
6772,103768,Pro,20,49.0,980.0,2023-02-26,2024-04-16,Upgrade
6773,103768,Pro,30,49.0,1470.0,2024-04-16,2024-06-01,Seat Change
6774,103768,Enterprise,73,24.1,1759.3,2024-06-01,,Upgrade
6775,103769,Starter,1,15.0,15.0,2021-07-16,,Initial Signup
6776,103770,Growth,5,29.0,145.0,2023-09-20,,Initial Signup
6777,103771,Growth,6,29.0,174.0,2021-01-12,,Initial Signup
6778,103772,Pro,26,49.0,1274.0,2021-06-07,,Initial Signup
6779,103773,Pro,22,49.0,945.53,2021-10-27,2023-04-02,Initial Signup
6780,103773,Pro,23,49.0,1051.4,2023-04-02,,Seat Change
6781,103774,Growth,11,29.0,319.0,2022-04-28,2023-10-31,
6782,103774,Pro,20,49.0,980.0,2023-10-31,2024-05-06,Upgrade
6783,103774,Pro,20,49.0,835.04,2024-05-06,,Renewal
6784,103775,Growth,5,29.0,145.0,2022-03-07,2024-05-22,Initial Signup
6785,103775,Growth,5,29.0,145.0,2024-05-22,,Renewal
6786,103776,Pro,87,49.0,4263.0,2021-05-23,,Initial Signup
6787,103777,Growth,16,29.0,464.0,2021-03-13,,Initial Signup
6788,103778,Starter,3,15.0,45.0,2021-06-20,2021-12-10,Initial Signup
6789,103778,Starter,3,15.0,45.0,2021-12-10,,Renewal
6790,103779,Growth,7,29.0,203.0,2021-09-04,2024-11-29,Initial Signup
6791,103779,Growth,6,29.0,174.0,2024-11-29,,Seat Change
6792,103780,Starter,2,15.0,30.0,2021-01-14,2021-05-08,Initial Signup
6793,103780,Starter,2,15.0,30.0,2021-05-08,2021-11-08,Renewal
6794,103780,Growth,5,29.0,145.0,2021-11-08,2022-01-27,Upgrade
6795,103780,Growth,7,29.0,203.0,2022-01-27,,Seat Change
6796,103781,Starter,1,15.0,15.0,2022-09-04,,Initial Signup
6797,103782,Pro,24,49.0,1176.0,2021-06-23,,Initial Signup
6798,103783,Enterprise,267,39.71,10602.57,2021-09-12,,Initial Signup
6799,103784,Starter,3,15.0,45.0,2021-09-08,2022-12-08,Initial Signup
6800,103784,Starter,4,15.0,60.0,2022-12-08,,Seat Change
6801,103785,Starter,1,15.0,15.0,2022-01-20,,Initial Signup
6802,103786,Starter,5,15.0,75.0,2023-07-27,,Initial Signup
6803,103787,Growth,5,29.0,145.0,2021-04-10,2024-11-17,Initial Signup
6804,103787,Growth,7,29.0,203.0,2024-11-17,,Seat Change
6805,103788,Pro,26,49.0,1274.0,2021-09-21,2022-03-09,Initial Signup
6806,103788,Pro,28,49.0,1372.0,2022-03-09,2022-12-22,Seat Change
6807,103788,Pro,31,49.0,1519.0,2022-12-22,2024-03-04,Seat Change
6808,103788,Enterprise,80,33.67,2693.6,2024-03-04,,Upgrade
6809,103789,Pro,64,49.0,3136.0,2022-09-20,2023-10-02,Initial Signup
6810,103789,Enterprise,143,36.52,5222.36,2023-10-02,,Upgrade
6811,103790,Growth,5,29.0,145.0,2021-01-14,2022-10-22,Initial Signup
6812,103790,Growth,6,29.0,174.0,2022-10-22,2023-12-14,Seat Change
6813,103790,Pro,20,49.0,946.03,2023-12-14,,Upgrade
6814,103791,Growth,18,29.0,522.0,2023-05-23,,Initial Signup
6815,103792,Starter,1,15.0,15.0,2024-06-04,2024-11-22,Initial Signup
6816,103792,Starter,1,15.0,15.0,2024-11-22,,
6817,103793,Growth,5,29.0,145.0,2022-05-25,2024-08-25,Initial Signup
6818,103793,Growth,7,29.0,203.0,2024-08-25,,Seat Change
6819,103794,Growth,18,29.0,522.0,2024-05-12,,Initial Signup
6820,103795,Starter,4,15.0,60.0,2021-10-02,,Initial Signup
6821,103796,Growth,5,29.0,145.0,2021-10-28,,Initial Signup
6822,103797,Growth,9,29.0,261.0,2021-03-22,2021-10-08,Initial Signup
6823,103797,Pro,20,49.0,980.0,2021-10-08,,Upgrade
6824,103798,Growth,19,29.0,551.0,2021-01-23,2022-03-08,Initial Signup
6825,103798,Pro,20,49.0,980.0,2022-03-08,,Upgrade
6826,103799,Starter,2,15.0,30.0,2021-06-05,,Initial Signup
6827,103800,Starter,5,15.0,75.0,2021-12-22,2023-03-26,
6828,103800,Starter,4,15.0,60.0,2023-03-26,,Seat Change
6829,103801,Starter,1,15.0,15.0,2022-01-20,2023-08-01,Initial Signup
6830,103801,Growth,5,29.0,145.0,2023-08-01,,Upgrade
6831,103802,Starter,1,15.0,15.0,2021-06-26,,Initial Signup
6832,103803,Pro,45,49.0,2205.0,2022-05-11,,Initial Signup
6833,103804,Pro,70,49.0,3430.0,2021-05-26,,Initial Signup
6834,103805,Growth,15,29.0,435.0,2021-08-20,2022-03-16,Initial Signup
6835,103805,Growth,16,29.0,464.0,2022-03-16,,Seat Change
6836,103806,Growth,17,29.0,493.0,2021-05-08,,Initial Signup
6837,103807,Starter,2,15.0,27.18,2022-09-06,,Initial Signup
6838,103808,Starter,2,15.0,30.0,2022-01-26,,Initial Signup
6839,103809,Growth,12,29.0,348.0,2022-11-19,,Initial Signup
6840,103810,Starter,5,15.0,75.0,2021-02-04,2021-04-12,Initial Signup
6841,103810,Starter,4,15.0,60.0,2021-04-12,2023-03-18,Seat Change
6842,103810,Starter,3,15.0,45.0,2023-03-18,,Seat Change
6843,103811,Starter,1,15.0,15.0,2021-11-04,,Initial Signup
6844,103812,Starter,2,15.0,30.0,2024-07-24,,Initial Signup
6845,103813,Growth,8,29.0,197.57,2021-02-05,,Initial Signup
6846,103814,Starter,4,15.0,60.0,2021-10-07,2021-11-08,Initial Signup
6847,103814,Starter,5,15.0,75.0,2021-11-08,,Seat Change
6848,103815,Growth,19,29.0,551.0,2021-01-18,2021-08-20,Initial Signup
6849,103815,Growth,20,29.0,580.0,2021-08-20,2022-03-25,Seat Change
6850,103815,Growth,14,29.0,406.0,2022-03-25,,Seat Change
6851,103816,Starter,1,15.0,15.0,2021-04-25,,Initial Signup
6852,103817,Starter,5,15.0,75.0,2021-12-10,2021-12-12,Initial Signup
6853,103817,Starter,4,15.0,60.0,2021-12-12,2022-02-17,Seat Change
6854,103817,Starter,3,15.0,45.0,2022-02-17,2022-05-09,Seat Change
6855,103817,Growth,5,29.0,145.0,2022-05-09,,Upgrade
6856,103818,Starter,1,15.0,15.0,2021-04-19,2024-04-25,Initial Signup
6857,103818,Starter,2,15.0,30.0,2024-04-25,,Seat Change
6858,103819,Pro,27,49.0,1132.34,2022-01-20,,Initial Signup
6859,103820,Pro,22,49.0,1078.0,2023-12-17,,Initial Signup
6860,103821,Starter,1,15.0,15.0,2021-05-20,,Initial Signup
6861,103822,Starter,1,15.0,15.0,2021-03-07,2021-04-13,Initial Signup
6862,103822,Growth,5,29.0,145.0,2021-04-13,2023-11-13,Upgrade
6863,103822,Pro,20,49.0,980.0,2023-11-13,2023-12-14,Upgrade
6864,103822,Enterprise,50,34.86,1743.0,2023-12-14,,Upgrade
6865,103823,Starter,2,15.0,30.0,2023-04-18,,Initial Signup
6866,103824,Starter,1,15.0,14.23,2021-12-01,2022-12-24,Initial Signup
6867,103824,Starter,1,15.0,15.0,2022-12-24,,Renewal
6868,103825,Growth,6,29.0,174.0,2023-09-21,2024-03-10,Initial Signup
6869,103825,Growth,7,29.0,203.0,2024-03-10,,Seat Change
6870,103826,Growth,10,29.0,290.0,2021-08-23,2023-10-24,Initial Signup
6871,103826,Growth,10,29.0,290.0,2023-10-24,,Renewal
6872,103827,Growth,6,29.0,174.0,2022-06-23,,Initial Signup
6873,103828,Pro,37,49.0,1813.0,2023-12-01,,Initial Signup
6874,103829,Growth,10,29.0,290.0,2021-05-26,,Initial Signup
6875,103830,Starter,1,15.0,15.0,2023-02-13,,Initial Signup
6876,103831,Starter,3,15.0,45.0,2022-06-03,,Initial Signup
6877,103832,Starter,3,15.0,45.0,2023-03-15,,Initial Signup
6878,103833,Growth,6,29.0,153.2,2021-04-17,2021-06-23,Initial Signup
6879,103833,Starter,5,15.0,75.0,2021-06-23,2021-07-07,Downgrade
6880,103833,Starter,4,15.0,60.0,2021-07-07,2021-07-11,Seat Change
6881,103833,Growth,5,29.0,145.0,2021-07-11,2022-09-26,Upgrade
6882,103833,Growth,5,29.0,145.0,2022-09-26,,Renewal
6883,103834,Growth,18,29.0,522.0,2021-11-12,2022-04-19,Initial Signup
6884,103834,Growth,14,29.0,376.78,2022-04-19,2022-05-06,Seat Change
6885,103834,Pro,20,49.0,980.0,2022-05-06,2022-07-17,Upgrade
6886,103834,Pro,24,49.0,1176.0,2022-07-17,2022-10-06,Seat Change
6887,103834,Growth,20,29.0,580.0,2022-10-06,,Downgrade
6888,103835,Growth,13,29.0,377.0,2021-03-21,2021-07-03,Initial Signup
6889,103835,Pro,20,49.0,980.0,2021-07-03,2021-09-13,Upgrade
6890,103835,Growth,20,29.0,549.34,2021-09-13,2021-10-26,Downgrade
6891,103835,Growth,20,29.0,526.78,2021-10-26,,Renewal
6892,103836,Starter,1,15.0,15.0,2024-06-16,,Initial Signup
6893,103837,Growth,6,29.0,149.8,2021-02-07,2024-05-05,Initial Signup
6894,103837,Pro,20,49.0,980.0,2024-05-05,2024-06-28,Upgrade
6895,103837,Pro,22,49.0,1078.0,2024-06-28,,Seat Change
6896,103838,Pro,69,49.0,2888.08,2021-02-18,,Initial Signup
6897,103839,Growth,9,29.0,261.0,2023-10-08,,Initial Signup
6898,103840,Starter,1,15.0,15.0,2021-08-04,2023-08-11,Initial Signup
6899,103840,Starter,2,15.0,30.0,2023-08-11,,Seat Change
6900,103841,Pro,70,49.0,3430.0,2022-05-08,2023-11-07,Initial Signup
6901,103841,Growth,20,29.0,580.0,2023-11-07,2024-12-07,Downgrade
6902,103841,Starter,5,15.0,75.0,2024-12-07,,Downgrade
6903,103842,Starter,3,15.0,45.0,2021-07-26,2022-01-10,Initial Signup
6904,103842,Growth,5,29.0,145.0,2022-01-10,,Upgrade
6905,103843,Growth,17,29.0,493.0,2022-07-17,2022-10-23,Initial Signup
6906,103843,Pro,20,49.0,980.0,2022-10-23,,Upgrade
6907,103844,Growth,8,29.0,232.0,2021-05-09,,Initial Signup
6908,103845,Starter,3,15.0,45.0,2021-11-11,,Initial Signup
6909,103846,Growth,5,29.0,145.0,2022-02-25,,Initial Signup
6910,103847,Growth,7,29.0,203.0,2021-09-19,2022-04-02,Initial Signup
6911,103847,Growth,7,29.0,203.0,2022-04-02,,Renewal
6912,103848,Growth,8,29.0,232.0,2021-06-22,,Initial Signup
6913,103849,Pro,51,49.0,2499.0,2021-04-18,2023-02-05,Initial Signup
6914,103849,Enterprise,65,44.83,2913.95,2023-02-05,2024-04-30,Upgrade
6915,103849,Enterprise,85,44.83,3810.55,2024-04-30,,Seat Change
6916,103850,Starter,1,15.0,15.0,2022-09-28,2023-02-03,Initial Signup
6917,103850,Starter,2,15.0,30.0,2023-02-03,,Seat Change
6918,103851,Starter,4,15.0,60.0,2021-04-19,2023-07-16,Initial Signup
6919,103851,Growth,5,29.0,137.55,2023-07-16,,Upgrade
6920,103852,Starter,1,15.0,15.0,2021-07-12,,Initial Signup
6921,103853,Starter,1,15.0,14.53,2021-09-08,2021-10-30,Initial Signup
6922,103853,Growth,5,29.0,145.0,2021-10-30,,Upgrade
6923,103854,Growth,5,29.0,145.0,2021-11-02,2022-06-14,Initial Signup
6924,103854,Pro,20,49.0,980.0,2022-06-14,,Upgrade
6925,103855,Pro,38,49.0,1746.04,2022-09-22,2023-01-21,Initial Signup
6926,103855,Pro,38,49.0,1862.0,2023-01-21,,Renewal
6927,103856,Pro,39,49.0,1911.0,2021-11-27,,Initial Signup
6928,103857,Pro,23,49.0,1127.0,2023-08-19,2023-09-10,Initial Signup
6929,103857,Enterprise,50,35.48,1774.0,2023-09-10,2024-02-08,Upgrade
6930,103857,Enterprise,72,35.48,2554.56,2024-02-08,,Seat Change
6931,103858,Pro,54,49.0,2646.0,2022-08-14,2023-01-08,Initial Signup
6932,103858,Enterprise,148,23.93,3541.64,2023-01-08,2023-10-08,Upgrade
6933,103858,Enterprise,148,23.93,3541.64,2023-10-08,,Renewal
6934,103859,Starter,1,15.0,15.0,2023-05-04,,Initial Signup
6935,103860,Pro,32,49.0,1568.0,2022-10-19,2022-10-30,Initial Signup
6936,103860,Pro,32,49.0,1568.0,2022-10-30,2024-08-08,Renewal
6937,103860,Pro,41,49.0,2009.0,2024-08-08,2024-09-14,Seat Change
6938,103860,Enterprise,169,20.82,3362.13,2024-09-14,2024-12-14,Upgrade
6939,103860,Enterprise,136,20.82,2831.52,2024-12-14,,Seat Change
6940,103861,Starter,5,15.0,75.0,2021-04-06,,Initial Signup
6941,103862,Starter,2,15.0,30.0,2024-09-18,,Initial Signup
6942,103863,Starter,1,15.0,15.0,2023-01-09,2023-03-27,Initial Signup
6943,103863,Starter,2,15.0,28.4,2023-03-27,2024-01-21,Seat Change
6944,103863,Starter,1,15.0,15.0,2024-01-21,,Seat Change
6945,103864,Growth,16,29.0,464.0,2022-04-25,,Initial Signup
6946,103865,Starter,4,15.0,60.0,2021-04-27,2022-09-01,Initial Signup
6947,103865,Growth,5,29.0,145.0,2022-09-01,2023-02-09,Upgrade
6948,103865,Pro,20,49.0,895.1,2023-02-09,,Upgrade
6949,103866,Pro,34,49.0,1666.0,2021-05-07,,Initial Signup
6950,103867,Growth,7,29.0,203.0,2022-05-10,2022-10-04,Initial Signup
6951,103867,Pro,20,49.0,980.0,2022-10-04,2024-09-15,Upgrade
6952,103867,Pro,22,49.0,1078.0,2024-09-15,2024-12-23,Seat Change
6953,103867,Pro,22,49.0,1078.0,2024-12-23,,Renewal
6954,103868,Growth,12,29.0,348.0,2021-10-26,,Initial Signup
6955,103869,Growth,11,29.0,319.0,2022-08-01,2022-11-23,Initial Signup
6956,103869,Growth,11,29.0,319.0,2022-11-23,2023-03-05,Renewal
6957,103869,Pro,20,49.0,980.0,2023-03-05,2023-05-22,Upgrade
6958,103869,Enterprise,50,39.09,1954.5,2023-05-22,2024-07-20,Upgrade
6959,103869,Enterprise,71,39.09,2775.39,2024-07-20,,Seat Change
6960,103870,Growth,18,29.0,522.0,2021-09-15,2023-09-03,Initial Signup
6961,103870,Pro,20,49.0,980.0,2023-09-03,2024-05-26,Upgrade
6962,103870,Enterprise,50,35.2,1760.0,2024-05-26,,Upgrade
6963,103871,Growth,6,29.0,164.44,2022-01-04,,Initial Signup
6964,103872,Growth,5,29.0,145.0,2021-05-13,2021-05-26,Initial Signup
6965,103872,Pro,20,49.0,980.0,2021-05-26,2021-06-26,Upgrade
6966,103872,Enterprise,50,34.48,1552.69,2021-06-26,,Upgrade
6967,103873,Growth,13,29.0,377.0,2021-04-01,,Initial Signup
6968,103874,Growth,10,29.0,279.75,2021-02-04,2021-08-25,Initial Signup
6969,103874,Pro,20,49.0,980.0,2021-08-25,2023-12-29,Upgrade
6970,103874,Enterprise,69,25.16,1736.04,2023-12-29,2024-11-02,Upgrade
6971,103874,Enterprise,62,25.16,1559.92,2024-11-02,2024-11-07,Seat Change
6972,103874,Enterprise,50,25.16,1258.0,2024-11-07,,Seat Change
6973,103875,Starter,2,15.0,30.0,2023-04-12,2023-05-30,Initial Signup
6974,103875,Starter,1,15.0,15.0,2023-05-30,2023-08-28,Seat Change
6975,103875,Growth,5,29.0,145.0,2023-08-28,,Upgrade
6976,103876,Starter,4,15.0,60.0,2022-03-02,2022-08-27,Initial Signup
6977,103876,Starter,5,15.0,68.76,2022-08-27,,Seat Change
6978,103877,Growth,19,29.0,551.0,2024-04-23,2024-06-19,Initial Signup
6979,103877,Pro,20,49.0,908.04,2024-06-19,2024-07-06,Upgrade
6980,103877,Growth,18,29.0,522.0,2024-07-06,2024-09-23,Downgrade
6981,103877,Growth,19,29.0,551.0,2024-09-23,,Seat Change
6982,103878,Pro,29,49.0,1421.0,2022-11-17,2024-03-17,Initial Signup
6983,103878,Enterprise,50,,1600.53,2024-03-17,,Upgrade
6984,103879,Pro,84,49.0,4116.0,2022-12-13,2024-06-09,Initial Signup
6985,103879,Pro,100,49.0,4900.0,2024-06-09,,Seat Change
6986,103880,Starter,2,15.0,30.0,2022-01-14,,Initial Signup
6987,103881,Growth,5,29.0,145.0,2023-04-24,2023-11-13,Initial Signup
6988,103881,Pro,20,49.0,980.0,2023-11-13,2024-02-17,Upgrade
6989,103881,Enterprise,62,27.4,1698.8,2024-02-17,,Upgrade
6990,103882,Pro,44,49.0,2156.0,2024-03-24,,Initial Signup
6991,103883,Growth,9,29.0,261.0,2022-10-02,,Initial Signup
6992,103884,Starter,2,15.0,28.3,2021-03-20,,Initial Signup
6993,103885,Starter,1,15.0,15.0,2022-07-14,2023-03-07,Initial Signup
6994,103885,Starter,1,15.0,15.0,2023-03-07,2023-05-10,Renewal
6995,103885,Starter,2,15.0,27.78,2023-05-10,,Seat Change
6996,103886,Starter,1,15.0,15.0,2021-03-22,,Initial Signup
6997,103887,Starter,1,15.0,15.0,2021-02-23,,Initial Signup
6998,103888,Starter,3,15.0,45.0,2022-09-20,,Initial Signup
6999,103889,Pro,20,49.0,980.0,2023-05-19,2023-05-30,Initial Signup
7000,103889,Pro,20,49.0,980.0,2023-05-30,2023-06-29,Renewal
7001,103889,Pro,30,49.0,1470.0,2023-06-29,,Seat Change
7002,103890,Growth,5,29.0,145.0,2021-04-06,,Initial Signup
7003,103891,Starter,2,15.0,30.0,2021-02-24,2022-12-22,Initial Signup
7004,103891,Growth,5,29.0,145.0,2022-12-22,2024-05-16,Upgrade
7005,103891,Pro,20,49.0,980.0,2024-05-16,,Upgrade
7006,103892,Pro,83,49.0,4067.0,2023-09-20,,Initial Signup
7007,103893,Pro,31,49.0,1519.0,2021-04-08,2023-04-03,Initial Signup
7008,103893,Growth,20,29.0,580.0,2023-04-03,,Downgrade
7009,103894,Starter,3,15.0,45.0,2021-01-07,,Initial Signup
7010,103895,Starter,4,15.0,60.0,2022-10-15,,Initial Signup
7011,103896,Growth,13,29.0,377.0,2023-06-10,2023-09-21,Initial Signup
7012,103896,Pro,20,49.0,980.0,2023-09-21,2024-04-11,Upgrade
7013,103896,Pro,30,49.0,1470.0,2024-04-11,2024-07-03,Seat Change
7014,103896,Growth,20,29.0,580.0,2024-07-03,,Downgrade
7015,103897,Growth,5,29.0,145.0,2022-01-19,,Initial Signup
7016,103898,Growth,10,29.0,290.0,2022-02-12,,Initial Signup
7017,103899,Starter,1,15.0,15.0,2021-09-05,2021-10-15,Initial Signup
7018,103899,Growth,5,29.0,145.0,2021-10-15,,Upgrade
7019,103900,Starter,2,15.0,30.0,2021-06-12,2022-08-08,Initial Signup
7020,103900,Starter,3,15.0,45.0,2022-08-08,2023-08-29,Seat Change
7021,103900,Starter,2,15.0,26.13,2023-08-29,,Seat Change
7022,103901,Starter,1,15.0,15.0,2022-12-23,,Initial Signup
7023,103902,Starter,1,15.0,15.0,2023-06-24,,Initial Signup
7024,103903,Enterprise,53,25.1,1330.3,2021-08-09,,Initial Signup
7025,103904,Starter,4,15.0,60.0,2021-07-23,2021-12-18,Initial Signup
7026,103904,Growth,5,29.0,145.0,2021-12-18,,Upgrade
7027,103905,Starter,2,15.0,30.0,2021-07-03,,Initial Signup
7028,103906,Pro,27,49.0,1323.0,2021-02-28,2023-04-16,Initial Signup
7029,103906,Enterprise,50,44.45,2222.5,2023-04-16,2023-11-15,Upgrade
7030,103906,Enterprise,60,44.45,2446.66,2023-11-15,2024-04-08,Seat Change
7031,103906,Enterprise,60,44.45,2667.0,2024-04-08,,Renewal
7032,103907,Starter,1,15.0,15.0,2021-07-22,2022-05-09,Initial Signup
7033,103907,Growth,5,29.0,145.0,2022-05-09,,Upgrade
7034,103908,Starter,3,15.0,42.31,2021-01-02,,Initial Signup
7035,103909,Starter,2,15.0,30.0,2023-01-20,2023-01-26,Initial Signup
7036,103909,Starter,2,15.0,30.0,2023-01-26,2023-02-15,Renewal
7037,103909,Starter,2,15.0,30.0,2023-02-15,,Renewal
7038,103910,Growth,7,29.0,203.0,2021-07-14,2023-08-09,Initial Signup
7039,103910,Growth,7,29.0,203.0,2023-08-09,2024-04-12,Renewal
7040,103910,Growth,8,29.0,232.0,2024-04-12,,Seat Change
7041,103911,Growth,15,29.0,435.0,2022-09-25,,Initial Signup
7042,103912,Growth,16,29.0,418.65,2022-02-07,2022-05-28,Initial Signup
7043,103912,Growth,17,29.0,493.0,2022-05-28,2022-09-20,Seat Change
7044,103912,Growth,20,29.0,580.0,2022-09-20,2022-11-19,Seat Change
7045,103912,Pro,20,49.0,980.0,2022-11-19,,Upgrade
7046,103913,Starter,1,15.0,15.0,2023-05-25,,Initial Signup
7047,103914,Pro,34,49.0,1666.0,2024-06-25,2024-07-10,Initial Signup
7048,103914,Enterprise,139,20.81,2892.59,2024-07-10,2024-09-30,Upgrade
7049,103914,Enterprise,151,20.81,3142.31,2024-09-30,2024-11-22,Seat Change
7050,103914,Enterprise,196,20.81,4078.76,2024-11-22,,Seat Change
7051,103915,Starter,4,15.0,60.0,2021-09-08,,Initial Signup
7052,103916,Starter,1,15.0,14.19,2021-02-13,2022-11-03,Initial Signup
7053,103916,Starter,2,15.0,30.0,2022-11-03,2024-01-08,Seat Change
7054,103916,Starter,2,15.0,26.59,2024-01-08,,Renewal
7055,103917,Starter,1,15.0,15.0,2022-11-18,,Initial Signup
7056,103918,Starter,2,15.0,30.0,2021-01-07,,Initial Signup
7057,103919,Starter,2,15.0,30.0,2021-06-28,2023-11-20,Initial Signup
7058,103919,Starter,2,15.0,30.0,2023-11-20,,Renewal
7059,103920,Growth,9,29.0,261.0,2021-02-06,,Initial Signup
7060,103921,Pro,72,49.0,3528.0,2023-10-07,,Initial Signup
7061,103922,Pro,20,49.0,980.0,2021-01-15,2023-03-28,Initial Signup
7062,103922,Enterprise,64,25.24,1615.36,2023-03-28,2023-05-24,Upgrade
7063,103922,Enterprise,84,25.24,2120.16,2023-05-24,2023-06-09,Seat Change
7064,103922,Enterprise,108,25.24,2725.92,2023-06-09,,Seat Change
7065,103923,Growth,12,29.0,348.0,2021-12-14,,Initial Signup
7066,103924,Growth,16,29.0,464.0,2021-11-02,,Initial Signup
7067,103925,Starter,1,15.0,15.0,2022-07-26,2022-10-01,Initial Signup
7068,103925,Starter,2,15.0,30.0,2022-10-01,2023-01-01,Seat Change
7069,103925,Starter,1,15.0,15.0,2023-01-01,2024-09-19,Seat Change
7070,103925,Growth,5,29.0,145.0,2024-09-19,2024-11-16,Upgrade
7071,103925,Growth,5,29.0,145.0,2024-11-16,,Renewal
7072,103926,Starter,2,15.0,30.0,2021-07-07,2021-09-13,Initial Signup
7073,103926,Starter,3,15.0,45.0,2021-09-13,2023-10-08,Seat Change
7074,103926,Starter,4,15.0,60.0,2023-10-08,2024-08-04,Seat Change
7075,103926,Starter,5,15.0,75.0,2024-08-04,,Seat Change
7076,103927,Growth,19,29.0,490.73,2023-08-03,,Initial Signup
7077,103928,Starter,3,15.0,45.0,2022-11-15,,Initial Signup
7078,103929,Starter,1,15.0,14.41,2021-11-26,,Initial Signup
7079,103930,Starter,2,15.0,30.0,2021-09-01,,Initial Signup
7080,103931,Starter,2,15.0,30.0,2023-04-14,2023-05-19,Initial Signup
7081,103931,Starter,3,15.0,45.0,2023-05-19,2024-07-17,Seat Change
7082,103931,Starter,3,15.0,45.0,2024-07-17,,Renewal
7083,103932,Starter,1,15.0,15.0,2022-12-26,2023-04-05,Initial Signup
7084,103932,Starter,2,15.0,30.0,2023-04-05,,Seat Change
7085,103933,Growth,5,29.0,145.0,2021-10-26,2021-11-11,Initial Signup
7086,103933,Pro,20,49.0,980.0,2021-11-11,2022-02-22,Upgrade
7087,103933,Enterprise,50,43.06,2153.0,2022-02-22,,Upgrade
7088,103934,Growth,7,29.0,203.0,2021-09-05,2021-11-03,Initial Signup
7089,103934,Growth,8,29.0,232.0,2021-11-03,,Seat Change
7090,103935,Starter,5,15.0,75.0,2021-01-18,,Initial Signup
7091,103936,Growth,9,29.0,261.0,2021-02-24,2021-08-07,Initial Signup
7092,103936,Growth,10,29.0,290.0,2021-08-07,,Seat Change
7093,103937,Starter,4,15.0,60.0,2021-02-19,,Initial Signup
7094,103938,Enterprise,149,21.04,3134.96,2021-01-19,,Initial Signup
7095,103939,Starter,1,15.0,15.0,2021-04-22,2021-08-01,Initial Signup
7096,103939,Growth,5,29.0,145.0,2021-08-01,,Upgrade
7097,103940,Growth,12,29.0,348.0,2023-07-13,2023-11-30,Initial Signup
7098,103940,Growth,12,29.0,348.0,2023-11-30,2024-07-19,Renewal
7099,103940,Growth,13,29.0,357.16,2024-07-19,2024-10-17,Seat Change
7100,103940,Growth,11,29.0,319.0,2024-10-17,,Seat Change
7101,103941,Starter,1,15.0,15.0,2023-02-02,,Initial Signup
7102,103942,Starter,1,15.0,15.0,2023-06-18,2023-10-18,Initial Signup
7103,103942,Starter,1,15.0,15.0,2023-10-18,2024-05-13,
7104,103942,Starter,1,15.0,15.0,2024-05-13,,Renewal
7105,103943,Starter,1,15.0,13.13,2022-06-18,,Initial Signup
7106,103944,Growth,5,29.0,145.0,2022-06-24,2022-12-25,Initial Signup
7107,103944,Growth,6,29.0,174.0,2022-12-25,2023-07-31,Seat Change
7108,103944,Pro,20,49.0,980.0,2023-07-31,2023-10-07,Upgrade
7109,103944,Enterprise,67,26.51,1776.17,2023-10-07,2024-03-05,Upgrade
7110,103944,Enterprise,67,26.51,1776.17,2024-03-05,,Renewal
7111,103945,Growth,8,29.0,232.0,2021-03-26,,Initial Signup
7112,103946,Starter,2,15.0,30.0,2022-09-10,,Initial Signup
7113,103947,Starter,1,15.0,15.0,2021-07-27,2022-02-04,Initial Signup
7114,103947,Starter,1,15.0,15.0,2022-02-04,2022-03-23,Renewal
7115,103947,Starter,1,15.0,15.0,2022-03-23,,Renewal
7116,103948,Growth,12,29.0,312.93,2022-01-01,,Initial Signup
7117,103949,Pro,57,49.0,2445.51,2024-05-28,2024-06-15,Initial Signup
7118,103949,Enterprise,122,42.54,5189.88,2024-06-15,,Upgrade
7119,103950,Starter,4,15.0,60.0,2023-08-04,2023-10-29,Initial Signup
7120,103950,Starter,4,15.0,60.0,2023-10-29,2023-11-02,Renewal
7121,103950,Starter,3,15.0,45.0,2023-11-02,2023-11-14,Seat Change
7122,103950,Starter,2,15.0,30.0,2023-11-14,,Seat Change
7123,103951,Growth,18,29.0,485.68,2021-06-19,,Initial Signup
7124,103952,Starter,4,15.0,60.0,2022-11-20,2023-04-28,Initial Signup
7125,103952,Growth,5,29.0,135.64,2023-04-28,,Upgrade
7126,103953,Starter,4,15.0,60.0,2021-03-18,,Initial Signup
7127,103954,Starter,3,15.0,45.0,2021-01-28,,Initial Signup
7128,103955,Growth,7,29.0,203.0,2021-01-16,2022-07-09,Initial Signup
7129,103955,Growth,8,29.0,216.0,2022-07-09,,Seat Change
7130,103956,Growth,8,29.0,211.79,2021-04-04,,Initial Signup
7131,103957,Pro,79,49.0,3871.0,2022-09-18,2023-04-15,Initial Signup
7132,103957,Pro,80,49.0,3920.0,2023-04-15,2024-12-06,Seat Change
7133,103957,Enterprise,199,36.19,7201.81,2024-12-06,,Upgrade
7134,103958,Growth,6,29.0,174.0,2021-09-09,2022-04-05,Initial Signup
7135,103958,Growth,6,29.0,174.0,2022-04-05,2022-05-30,Renewal
7136,103958,Growth,7,29.0,203.0,2022-05-30,,Seat Change
7137,103959,Starter,2,15.0,25.72,2021-01-18,,Initial Signup
7138,103960,Growth,6,29.0,174.0,2024-11-11,2024-11-20,Initial Signup
7139,103960,Starter,5,15.0,75.0,2024-11-20,,Downgrade
7140,103961,Pro,41,49.0,2009.0,2022-02-02,2023-08-31,Initial Signup
7141,103961,Pro,41,49.0,1882.41,2023-08-31,2024-02-18,Renewal
7142,103961,Enterprise,80,42.68,3414.4,2024-02-18,,Upgrade
7143,103962,Growth,12,29.0,348.0,2021-10-18,,Initial Signup
7144,103963,Growth,7,29.0,180.33,2022-01-03,,Initial Signup
7145,103964,Growth,5,29.0,145.0,2022-01-10,2022-02-01,Initial Signup
7146,103964,Pro,20,49.0,980.0,2022-02-01,2022-02-09,Upgrade
7147,103964,Pro,23,49.0,1127.0,2022-02-09,2022-02-15,Seat Change
7148,103964,Pro,20,49.0,980.0,2022-02-15,2022-03-27,Seat Change
7149,103964,Pro,20,49.0,980.0,2022-03-27,,Renewal
7150,103965,Starter,1,15.0,15.0,2021-12-18,2022-01-04,Initial Signup
7151,103965,Growth,5,29.0,145.0,2022-01-04,,Upgrade
7152,103966,Pro,55,49.0,2695.0,2022-05-25,2022-07-17,Initial Signup
7153,103966,Enterprise,134,35.52,4080.94,2022-07-17,,Upgrade
7154,103967,Pro,53,49.0,2597.0,2023-09-09,2024-04-16,Initial Signup
7155,103967,Growth,20,29.0,580.0,2024-04-16,,Downgrade
7156,103968,Growth,17,29.0,493.0,2021-08-09,2021-09-07,Initial Signup
7157,103968,Pro,20,49.0,980.0,2021-09-07,,Upgrade
7158,103969,Growth,17,29.0,493.0,2021-12-09,2024-10-12,Initial Signup
7159,103969,Growth,14,29.0,406.0,2024-10-12,,Seat Change
7160,103970,Starter,3,15.0,45.0,2021-01-17,2021-03-03,Initial Signup
7161,103970,Starter,4,15.0,60.0,2021-03-03,,Seat Change
7162,103971,Starter,4,15.0,52.78,2023-07-06,,Initial Signup
7163,103972,Starter,2,15.0,30.0,2021-08-15,2023-01-10,Initial Signup
7164,103972,Growth,5,29.0,145.0,2023-01-10,,Upgrade
7165,103973,Growth,8,29.0,232.0,2021-07-23,,Initial Signup
7166,103974,Growth,14,29.0,406.0,2024-12-03,,Initial Signup
7167,103975,Growth,8,29.0,232.0,2022-04-28,,Initial Signup
7168,103976,Growth,6,29.0,174.0,2021-03-15,2022-05-11,Initial Signup
7169,103976,Growth,7,29.0,203.0,2022-05-11,,Seat Change
7170,103977,Growth,8,29.0,232.0,2021-07-18,2024-11-29,Initial Signup
7171,103977,Pro,20,49.0,845.12,2024-11-29,,Upgrade
7172,103978,Pro,20,49.0,980.0,2021-09-18,2022-03-05,Initial Signup
7173,103978,Pro,26,49.0,1274.0,2022-03-05,,Seat Change
7174,103979,Growth,5,29.0,145.0,2024-10-27,2024-12-08,Initial Signup
7175,103979,Starter,5,15.0,75.0,2024-12-08,,Downgrade
7176,103980,Starter,4,15.0,60.0,2021-11-19,,Initial Signup
7177,103981,Starter,1,15.0,15.0,2021-06-25,2021-07-11,Initial Signup
7178,103981,Starter,2,15.0,30.0,2021-07-11,2021-07-14,Seat Change
7179,103981,Starter,1,15.0,15.0,2021-07-14,2021-10-10,Seat Change
7180,103981,Starter,1,15.0,15.0,2021-10-10,,Renewal
7181,103982,Pro,59,49.0,2891.0,2022-03-09,2022-10-28,Initial Signup
7182,103982,Pro,59,49.0,2891.0,2022-10-28,,Renewal
7183,103983,Starter,1,15.0,15.0,2021-10-07,2021-11-18,Initial Signup
7184,103983,Growth,5,29.0,145.0,2021-11-18,,Upgrade
7185,103984,Growth,5,29.0,145.0,2021-02-19,2024-11-20,Initial Signup
7186,103984,Growth,7,29.0,203.0,2024-11-20,,Seat Change
7187,103985,Starter,1,15.0,15.0,2023-07-05,2023-08-29,Initial Signup
7188,103985,Starter,2,15.0,30.0,2023-08-29,,Seat Change
7189,103986,Starter,5,15.0,75.0,2021-01-04,,Initial Signup
7190,103987,Starter,1,15.0,15.0,2023-10-06,,Initial Signup
7191,103988,Pro,49,49.0,2401.0,2023-02-08,2024-12-18,Initial Signup
7192,103988,Pro,49,49.0,2401.0,2024-12-18,,Renewal
7193,103989,Starter,1,15.0,15.0,2021-02-03,2021-09-25,Initial Signup
7194,103989,Starter,2,15.0,30.0,2021-09-25,2022-09-18,Seat Change
7195,103989,Starter,2,15.0,30.0,2022-09-18,,Renewal
7196,103990,Growth,6,29.0,174.0,2022-10-21,,Initial Signup
7197,103991,Growth,5,29.0,145.0,2022-12-17,2023-03-22,Initial Signup
7198,103991,Growth,5,29.0,145.0,2023-03-22,,Renewal
7199,103992,Growth,7,29.0,203.0,2022-05-06,,Initial Signup
7200,103993,Growth,9,29.0,261.0,2022-04-08,2024-01-29,Initial Signup
7201,103993,Growth,9,29.0,261.0,2024-01-29,,Renewal
7202,103994,Starter,1,15.0,15.0,2021-01-27,,Initial Signup
7203,103995,Growth,9,29.0,261.0,2021-02-26,2023-05-11,Initial Signup
7204,103995,Growth,11,29.0,272.4,2023-05-11,2024-02-28,Seat Change
7205,103995,Growth,11,29.0,319.0,2024-02-28,,Renewal
7206,103996,Growth,10,29.0,290.0,2022-10-04,,Initial Signup
7207,103997,Starter,2,15.0,30.0,2021-03-18,2022-05-25,Initial Signup
7208,103997,Starter,2,15.0,30.0,2022-05-25,,Renewal
7209,103998,Starter,3,15.0,45.0,2021-06-10,2021-10-12,Initial Signup
7210,103998,Starter,2,15.0,30.0,2021-10-12,,Seat Change
7211,103999,Starter,2,15.0,30.0,2021-12-11,,Initial Signup
7212,104000,Growth,6,29.0,174.0,2021-04-17,2023-07-17,Initial Signup
7213,104000,Growth,7,29.0,203.0,2023-07-17,,Seat Change
7214,104001,Growth,16,29.0,464.0,2023-01-28,,Initial Signup
7215,104002,Growth,6,29.0,158.54,2023-03-17,,Initial Signup
7216,104003,Growth,5,29.0,145.0,2023-06-27,,Initial Signup
7217,104004,Enterprise,851,35.26,27728.03,2021-01-23,,Initial Signup
7218,104005,Growth,5,29.0,145.0,2021-11-22,,Initial Signup
7219,104006,Growth,5,29.0,145.0,2023-06-23,,Initial Signup
7220,104007,Pro,55,49.0,2356.9,2021-09-23,,Initial Signup
7221,104008,Starter,1,15.0,15.0,2022-09-08,2023-02-07,Initial Signup
7222,104008,Starter,1,15.0,15.0,2023-02-07,2023-06-04,Renewal
7223,104008,Starter,2,15.0,30.0,2023-06-04,,Seat Change
7224,104009,Starter,5,15.0,75.0,2022-04-28,2022-11-05,
7225,104009,Growth,5,29.0,145.0,2022-11-05,,Upgrade
7226,104010,Starter,4,15.0,60.0,2021-09-26,,Initial Signup
7227,104011,Growth,14,29.0,406.0,2021-07-17,,Initial Signup
7228,104012,Starter,3,15.0,45.0,2022-07-20,,Initial Signup
7229,104013,Starter,2,15.0,30.0,2021-04-25,,Initial Signup
7230,104014,Starter,1,15.0,15.0,2023-07-05,2024-08-10,Initial Signup
7231,104014,Starter,2,15.0,30.0,2024-08-10,,Seat Change
7232,104015,Starter,1,15.0,15.0,2022-04-02,,Initial Signup
7233,104016,Starter,1,15.0,15.0,2021-03-28,,Initial Signup
7234,104017,Growth,13,29.0,377.0,2022-09-16,2023-01-17,Initial Signup
7235,104017,Growth,13,29.0,377.0,2023-01-17,,Renewal
7236,104018,Pro,23,49.0,1127.0,2021-11-21,2024-11-17,Initial Signup
7237,104018,Enterprise,50,36.16,1808.0,2024-11-17,,Upgrade
7238,104019,Starter,1,15.0,15.0,2021-05-15,2021-10-04,Initial Signup
7239,104019,Starter,2,15.0,30.0,2021-10-04,2022-09-25,Seat Change
7240,104019,Growth,5,29.0,145.0,2022-09-25,,Upgrade
7241,104020,Growth,12,29.0,348.0,2024-06-15,,Initial Signup
7242,104021,Starter,2,15.0,30.0,2022-10-02,,Initial Signup
7243,104022,Starter,2,15.0,30.0,2022-04-09,,Initial Signup
7244,104023,Growth,14,29.0,406.0,2023-06-03,2023-09-06,Initial Signup
7245,104023,Growth,15,29.0,435.0,2023-09-06,2024-01-11,Seat Change
7246,104023,Starter,5,15.0,75.0,2024-01-11,2024-08-11,Downgrade
7247,104023,Starter,4,15.0,60.0,2024-08-11,2024-08-31,Seat Change
7248,104023,Growth,5,29.0,145.0,2024-08-31,,Upgrade
7249,104024,Pro,83,49.0,4067.0,2022-02-13,2022-04-27,Initial Signup
7250,104024,Growth,20,29.0,580.0,2022-04-27,,Downgrade
7251,104025,Pro,34,49.0,1666.0,2021-11-01,2022-03-19,Initial Signup
7252,104025,Pro,35,49.0,1524.2,2022-03-19,,Seat Change
7253,104026,Growth,11,29.0,319.0,2021-05-23,,Initial Signup
7254,104027,Growth,18,29.0,522.0,2021-04-09,,Initial Signup
7255,104028,Starter,5,15.0,75.0,2021-11-21,2021-12-08,Initial Signup
7256,104028,Growth,5,29.0,145.0,2021-12-08,2022-01-05,Upgrade
7257,104028,Growth,5,29.0,145.0,2022-01-05,2022-04-26,Renewal
7258,104028,Pro,20,49.0,980.0,2022-04-26,,Upgrade
7259,104029,Growth,6,29.0,174.0,2021-11-02,,Initial Signup
7260,104030,Starter,3,15.0,45.0,2022-11-01,2023-08-17,Initial Signup
7261,104030,Starter,4,15.0,56.95,2023-08-17,2023-08-28,Seat Change
7262,104030,Growth,5,29.0,145.0,2023-08-28,2024-05-23,Upgrade
7263,104030,Pro,20,49.0,840.68,2024-05-23,,Upgrade
7264,104031,Growth,15,29.0,435.0,2021-11-12,2024-10-06,Initial Signup
7265,104031,Growth,16,29.0,464.0,2024-10-06,,Seat Change
7266,104032,Starter,1,15.0,15.0,2022-04-23,2023-12-16,Initial Signup
7267,104032,Starter,2,15.0,30.0,2023-12-16,2024-12-22,Seat Change
7268,104032,Starter,3,15.0,45.0,2024-12-22,,Seat Change
7269,104033,Pro,30,49.0,1470.0,2023-05-23,,Initial Signup
7270,104034,Growth,19,29.0,522.96,2024-11-16,2024-11-17,Initial Signup
7271,104034,Pro,20,49.0,980.0,2024-11-17,,Upgrade
7272,104035,Growth,7,29.0,203.0,2021-08-18,,Initial Signup
7273,104036,Starter,3,15.0,45.0,2023-11-20,,Initial Signup
7274,104037,Growth,6,29.0,174.0,2023-03-19,,Initial Signup
7275,104038,Growth,5,29.0,145.0,2021-02-21,2021-10-18,
7276,104038,Growth,7,29.0,203.0,2021-10-18,,Seat Change
7277,104039,Pro,56,49.0,2626.77,2021-09-01,2021-09-11,Initial Signup
7278,104039,Enterprise,218,20.25,4414.5,2021-09-11,2021-11-17,Upgrade
7279,104039,Enterprise,219,20.25,4434.75,2021-11-17,2021-11-25,Seat Change
7280,104039,Pro,54,49.0,2646.0,2021-11-25,,Downgrade
7281,104040,Growth,18,29.0,522.0,2021-06-13,2021-06-20,Initial Signup
7282,104040,Growth,18,29.0,522.0,2021-06-20,2021-08-18,Renewal
7283,104040,Pro,20,49.0,980.0,2021-08-18,,Upgrade
7284,104041,Starter,1,15.0,15.0,2022-08-24,,Initial Signup
7285,104042,Growth,12,29.0,305.14,2022-03-13,2023-11-17,Initial Signup
7286,104042,Growth,13,29.0,341.39,2023-11-17,2024-06-23,Seat Change
7287,104042,Growth,14,29.0,359.38,2024-06-23,2024-09-29,Seat Change
7288,104042,Growth,15,29.0,435.0,2024-09-29,,Seat Change
7289,104043,Growth,5,29.0,145.0,2021-12-05,2023-07-06,Initial Signup
7290,104043,Growth,5,29.0,145.0,2023-07-06,,Renewal
7291,104044,Pro,23,49.0,1127.0,2022-12-19,2022-12-25,Initial Signup
7292,104044,Pro,23,49.0,1127.0,2022-12-25,,Renewal
7293,104045,Starter,1,15.0,13.65,2021-09-09,,Initial Signup
7294,104046,Starter,2,15.0,30.0,2021-10-15,,Initial Signup
7295,104047,Growth,8,29.0,232.0,2023-08-15,,Initial Signup
7296,104048,Growth,6,29.0,174.0,2024-08-20,,Initial Signup
7297,104049,Growth,11,29.0,319.0,2023-01-27,,Initial Signup
7298,104050,Starter,3,15.0,45.0,2021-06-20,2022-02-01,Initial Signup
7299,104050,Starter,3,15.0,45.0,2022-02-01,2022-11-19,Renewal
7300,104050,Growth,5,29.0,145.0,2022-11-19,2024-09-26,Upgrade
7301,104050,Pro,20,49.0,980.0,2024-09-26,2024-10-08,Upgrade
7302,104050,Pro,20,49.0,980.0,2024-10-08,,
7303,104051,Growth,8,29.0,200.39,2021-03-28,,Initial Signup
7304,104052,Starter,1,15.0,15.0,2021-05-01,,Initial Signup
7305,104053,Growth,8,29.0,232.0,2021-11-22,2024-11-05,Initial Signup
7306,104053,Growth,7,29.0,203.0,2024-11-05,,Seat Change
7307,104054,Starter,4,15.0,60.0,2021-06-12,2022-09-30,Initial Signup
7308,104054,Starter,4,15.0,60.0,2022-09-30,,Renewal
7309,104055,Starter,1,15.0,15.0,2023-11-21,,Initial Signup
7310,104056,Growth,5,29.0,145.0,2022-08-03,,Initial Signup
7311,104057,Growth,19,29.0,551.0,2021-10-15,,Initial Signup
7312,104058,Starter,2,15.0,30.0,2021-07-01,,Initial Signup
7313,104059,Starter,4,15.0,60.0,2021-10-19,,Initial Signup
7314,104060,Starter,4,15.0,54.31,2021-12-07,,Initial Signup
7315,104061,Starter,1,15.0,15.0,2022-10-05,2024-09-12,Initial Signup
7316,104061,Growth,5,29.0,145.0,2024-09-12,,
7317,104062,Starter,4,15.0,60.0,2021-02-03,2021-11-15,Initial Signup
7318,104062,Starter,5,15.0,75.0,2021-11-15,2023-01-28,Seat Change
7319,104062,Starter,5,15.0,75.0,2023-01-28,,Renewal
7320,104063,Enterprise,674,24.36,16418.64,2023-06-08,2024-06-13,Initial Signup
7321,104063,Enterprise,776,24.36,18903.36,2024-06-13,,Seat Change
7322,104064,Starter,1,15.0,15.0,2021-03-27,2021-05-19,Initial Signup
7323,104064,Starter,1,15.0,15.0,2021-05-19,,Renewal
7324,104065,Growth,5,29.0,145.0,2021-07-28,2022-08-17,Initial Signup
7325,104065,Growth,6,29.0,174.0,2022-08-17,2023-09-27,Seat Change
7326,104065,Starter,5,15.0,75.0,2023-09-27,,Downgrade
7327,104066,Starter,2,15.0,30.0,2024-11-03,2024-12-03,Initial Signup
7328,104066,Growth,5,29.0,145.0,2024-12-03,,Upgrade
7329,104067,Pro,82,49.0,4018.0,2021-05-28,,Initial Signup
7330,104068,Growth,8,29.0,232.0,2021-03-17,,Initial Signup
7331,104069,Growth,13,29.0,377.0,2022-06-10,2023-10-07,Initial Signup
7332,104069,Growth,13,29.0,353.62,2023-10-07,2024-12-09,Renewal
7333,104069,Growth,16,29.0,464.0,2024-12-09,,Seat Change
7334,104070,Growth,12,29.0,348.0,2021-10-27,2021-11-28,Initial Signup
7335,104070,Growth,15,29.0,435.0,2021-11-28,,Seat Change
7336,104071,Starter,2,15.0,30.0,2021-03-07,2023-01-05,Initial Signup
7337,104071,Growth,5,29.0,145.0,2023-01-05,,Upgrade
7338,104072,Growth,14,29.0,406.0,2021-01-06,,Initial Signup
7339,104073,Pro,21,49.0,1029.0,2021-02-07,2023-01-01,Initial Signup
7340,104073,Pro,20,49.0,980.0,2023-01-01,2023-05-08,Seat Change
7341,104073,Pro,25,49.0,1084.9,2023-05-08,2024-03-16,Seat Change
7342,104073,Enterprise,50,,1808.33,2024-03-16,,Upgrade
7343,104074,Growth,5,29.0,145.0,2022-01-05,2022-05-12,Initial Signup
7344,104074,Growth,6,29.0,174.0,2022-05-12,2022-07-20,Seat Change
7345,104074,Starter,5,15.0,75.0,2022-07-20,,Downgrade
7346,104075,Growth,7,29.0,203.0,2021-06-14,,Initial Signup
7347,104076,Starter,2,15.0,30.0,2023-01-04,2023-03-10,Initial Signup
7348,104076,Starter,3,15.0,45.0,2023-03-10,,Seat Change
7349,104077,Starter,2,15.0,30.0,2023-07-07,,Initial Signup
7350,104078,Starter,4,15.0,60.0,2021-04-11,,Initial Signup
7351,104079,Starter,1,15.0,15.0,2021-09-19,,Initial Signup
7352,104080,Growth,9,29.0,261.0,2021-04-25,,Initial Signup
7353,104081,Starter,2,15.0,30.0,2021-07-03,,Initial Signup
7354,104082,Starter,2,15.0,30.0,2021-06-18,,Initial Signup
7355,104083,Starter,2,15.0,30.0,2023-01-03,2023-03-12,Initial Signup
7356,104083,Starter,2,15.0,30.0,2023-03-12,2024-03-11,Renewal
7357,104083,Starter,3,15.0,45.0,2024-03-11,,Seat Change
7358,104084,Starter,1,15.0,15.0,2021-09-28,,Initial Signup
7359,104085,Starter,3,15.0,45.0,2021-12-08,2021-12-16,Initial Signup
7360,104085,Starter,3,15.0,45.0,2021-12-16,2021-12-17,Renewal
7361,104085,Starter,4,15.0,60.0,2021-12-17,2022-01-26,Seat Change
7362,104085,Starter,5,15.0,75.0,2022-01-26,,Seat Change
7363,104086,Enterprise,354,43.09,15253.86,2022-08-24,,Initial Signup
7364,104087,Pro,20,49.0,920.25,2023-04-22,,Initial Signup
7365,104088,Starter,3,15.0,45.0,2021-08-10,,Initial Signup
7366,104089,Starter,3,15.0,45.0,2021-05-10,2021-05-22,Initial Signup
7367,104089,Starter,4,15.0,54.81,2021-05-22,,Seat Change
7368,104090,Growth,6,29.0,174.0,2024-09-09,2024-11-08,Initial Signup
7369,104090,Pro,20,49.0,980.0,2024-11-08,2024-12-12,Upgrade
7370,104090,Enterprise,65,21.68,1409.2,2024-12-12,,Upgrade
7371,104091,Growth,16,29.0,464.0,2021-08-14,2021-11-10,Initial Signup
7372,104091,Growth,17,29.0,493.0,2021-11-10,2023-09-19,Seat Change
7373,104091,Growth,17,29.0,493.0,2023-09-19,,Renewal
7374,104092,Growth,7,29.0,203.0,2022-08-13,2023-08-29,Initial Signup
7375,104092,Pro,20,49.0,980.0,2023-08-29,,Upgrade
7376,104093,Growth,5,29.0,145.0,2022-08-19,2022-08-28,Initial Signup
7377,104093,Pro,20,49.0,980.0,2022-08-28,,Upgrade
7378,104094,Growth,13,29.0,377.0,2022-01-14,,Initial Signup
7379,104095,Growth,6,29.0,174.0,2021-06-23,2021-07-22,Initial Signup
7380,104095,Pro,20,49.0,980.0,2021-07-22,2021-10-28,Upgrade
7381,104095,Pro,26,49.0,1274.0,2021-10-28,,Seat Change
7382,104096,Growth,14,29.0,406.0,2021-04-14,,Initial Signup
7383,104097,Starter,1,15.0,15.0,2021-12-09,,Initial Signup
7384,104098,Pro,34,49.0,1666.0,2022-01-10,,Initial Signup
7385,104099,Starter,4,15.0,60.0,2022-12-21,,Initial Signup
7386,104100,Starter,4,15.0,60.0,2022-10-04,,Initial Signup
7387,104101,Growth,5,29.0,145.0,2023-11-09,2023-12-04,Initial Signup
7388,104101,Pro,20,49.0,850.83,2023-12-04,2024-05-15,Upgrade
7389,104101,Growth,20,29.0,580.0,2024-05-15,,Downgrade
7390,104102,Growth,5,29.0,145.0,2024-08-09,,Initial Signup
7391,104103,Growth,10,29.0,290.0,2022-10-19,,Initial Signup
7392,104104,Growth,10,29.0,290.0,2021-02-04,2023-08-06,Initial Signup
7393,104104,Growth,11,29.0,319.0,2023-08-06,,Seat Change
7394,104105,Starter,1,15.0,15.0,2021-10-13,,Initial Signup
7395,104106,Pro,20,49.0,980.0,2022-05-19,,Initial Signup
7396,104107,Growth,6,29.0,174.0,2022-04-26,2023-02-20,Initial Signup
7397,104107,Pro,20,49.0,980.0,2023-02-20,,Upgrade
7398,104108,Growth,7,29.0,203.0,2021-05-13,2024-10-31,Initial Signup
7399,104108,Starter,5,15.0,75.0,2024-10-31,,Downgrade
7400,104109,Growth,5,29.0,145.0,2022-04-28,,Initial Signup
7401,104110,Starter,2,15.0,30.0,2021-09-18,2022-05-02,Initial Signup
7402,104110,Growth,5,29.0,145.0,2022-05-02,,Upgrade
7403,104111,Starter,1,15.0,15.0,2021-09-22,2022-02-28,Initial Signup
7404,104111,Growth,5,29.0,145.0,2022-02-28,,Upgrade
7405,104112,Starter,1,15.0,15.0,2023-05-07,2024-04-23,Initial Signup
7406,104112,Starter,2,15.0,30.0,2024-04-23,,Seat Change
7407,104113,Growth,9,29.0,261.0,2021-11-26,,Initial Signup
7408,104114,Growth,6,29.0,174.0,2022-01-08,,Initial Signup
7409,104115,Starter,1,15.0,15.0,2022-03-04,,Initial Signup
7410,104116,Growth,5,29.0,145.0,2022-03-03,,Initial Signup
7411,104117,Starter,3,15.0,45.0,2021-06-19,,Initial Signup
7412,104118,Growth,5,29.0,145.0,2022-05-18,,Initial Signup
7413,104119,Growth,9,29.0,261.0,2021-09-06,,Initial Signup
7414,104120,Pro,66,49.0,3234.0,2022-07-25,,Initial Signup
7415,104121,Growth,5,29.0,145.0,2021-04-08,2022-01-26,Initial Signup
7416,104121,Growth,5,29.0,145.0,2022-01-26,2023-02-25,Renewal
7417,104121,Growth,5,29.0,145.0,2023-02-25,,Renewal
7418,104122,Starter,4,15.0,60.0,2024-12-18,,Initial Signup
7419,104123,Starter,1,15.0,15.0,2022-12-15,,Initial Signup
7420,104124,Growth,5,29.0,137.97,2021-10-17,,Initial Signup
7421,104125,Starter,2,15.0,27.55,2021-08-21,,Initial Signup
7422,104126,Growth,7,29.0,203.0,2021-10-26,2023-03-03,Initial Signup
7423,104126,Pro,20,49.0,980.0,2023-03-03,,Upgrade
7424,104127,Growth,5,29.0,145.0,2022-10-21,,Initial Signup
7425,104128,Starter,3,15.0,45.0,2022-07-26,,Initial Signup
7426,104129,Pro,51,49.0,2372.99,2022-09-25,,Initial Signup
7427,104130,Pro,20,49.0,980.0,2023-10-11,,Initial Signup
7428,104131,Starter,4,15.0,60.0,2021-11-16,,Initial Signup
7429,104132,Growth,16,29.0,464.0,2022-08-06,2023-08-09,Initial Signup
7430,104132,Pro,20,49.0,980.0,2023-08-09,2024-07-21,Upgrade
7431,104132,Enterprise,70,20.39,1427.3,2024-07-21,,Upgrade
7432,104133,Starter,1,15.0,15.0,2021-11-26,2024-11-06,Initial Signup
7433,104133,Starter,1,15.0,15.0,2024-11-06,,Renewal
7434,104134,Pro,44,49.0,2156.0,2022-06-28,2022-10-28,Initial Signup
7435,104134,Growth,20,29.0,580.0,2022-10-28,2023-07-27,Downgrade
7436,104134,Pro,20,49.0,980.0,2023-07-27,,Upgrade
7437,104135,Pro,88,49.0,4312.0,2021-12-25,2023-06-06,Initial Signup
7438,104135,Pro,88,49.0,4312.0,2023-06-06,,Renewal
7439,104136,Starter,2,15.0,30.0,2023-01-21,,Initial Signup
7440,104137,Growth,10,29.0,290.0,2021-01-24,,Initial Signup
7441,104138,Starter,1,15.0,15.0,2021-06-23,,Initial Signup
7442,104139,Growth,5,29.0,145.0,2021-08-07,,Initial Signup
7443,104140,Starter,1,15.0,15.0,2024-04-08,,Initial Signup
7444,104141,Growth,16,29.0,464.0,2022-01-15,,Initial Signup
7445,104142,Starter,1,15.0,15.0,2021-09-12,,Initial Signup
7446,104143,Growth,6,29.0,174.0,2021-10-21,2021-11-07,Initial Signup
7447,104143,Pro,20,49.0,980.0,2021-11-07,,Upgrade
7448,104144,Growth,15,29.0,435.0,2021-11-21,,Initial Signup
7449,104145,Starter,1,15.0,15.0,2023-08-28,2023-10-26,Initial Signup
7450,104145,Growth,5,29.0,145.0,2023-10-26,,Upgrade
7451,104146,Growth,7,29.0,203.0,2024-06-23,,Initial Signup
7452,104147,Starter,4,15.0,60.0,2023-06-01,2023-07-02,Initial Signup
7453,104147,Starter,5,15.0,75.0,2023-07-02,,Seat Change
7454,104148,Enterprise,50,31.24,1562.0,2023-06-10,2023-10-16,Initial Signup
7455,104148,Enterprise,50,31.24,1562.0,2023-10-16,2024-07-01,Renewal
7456,104148,Enterprise,60,31.24,1874.4,2024-07-01,2024-08-14,Seat Change
7457,104148,Enterprise,50,31.24,1562.0,2024-08-14,,Seat Change
7458,104149,Growth,17,29.0,493.0,2021-05-10,,Initial Signup
7459,104150,Pro,20,49.0,980.0,2021-07-18,,Initial Signup
7460,104151,Growth,18,29.0,522.0,2022-05-10,2023-08-25,Initial Signup
7461,104151,Pro,20,49.0,980.0,2023-08-25,2023-12-18,Upgrade
7462,104151,Enterprise,50,36.95,1847.5,2023-12-18,,Upgrade
7463,104152,Starter,2,15.0,30.0,2022-07-28,2024-07-28,Initial Signup
7464,104152,Growth,5,29.0,145.0,2024-07-28,,Upgrade
7465,104153,Starter,4,15.0,60.0,2021-05-09,2021-05-16,Initial Signup
7466,104153,Starter,5,15.0,75.0,2021-05-16,,Seat Change
7467,104154,Starter,1,15.0,15.0,2022-11-13,2023-12-12,Initial Signup
7468,104154,Starter,2,15.0,30.0,2023-12-12,2024-01-03,Seat Change
7469,104154,Growth,5,29.0,145.0,2024-01-03,,Upgrade
7470,104155,Starter,2,15.0,27.22,2021-05-23,2023-04-12,Initial Signup
7471,104155,Starter,2,15.0,30.0,2023-04-12,,Renewal
7472,104156,Starter,3,15.0,42.28,2021-07-11,,Initial Signup
7473,104157,Starter,3,15.0,38.58,2021-08-02,,Initial Signup
7474,104158,Starter,4,15.0,60.0,2023-06-10,2024-05-16,Initial Signup
7475,104158,Starter,4,15.0,60.0,2024-05-16,,Renewal
7476,104159,Pro,33,49.0,1400.55,2022-11-11,2024-05-08,Initial Signup
7477,104159,Enterprise,94,20.77,1952.38,2024-05-08,,Upgrade
7478,104160,Growth,9,29.0,261.0,2022-02-18,2023-08-20,Initial Signup
7479,104160,Growth,11,29.0,319.0,2023-08-20,2024-08-31,Seat Change
7480,104160,Pro,20,49.0,980.0,2024-08-31,,Upgrade
7481,104161,Starter,3,15.0,45.0,2023-04-20,,Initial Signup
7482,104162,Growth,19,29.0,551.0,2023-03-16,,Initial Signup
7483,104163,Starter,4,15.0,60.0,2021-10-12,2022-02-25,Initial Signup
7484,104163,Starter,4,15.0,60.0,2022-02-25,2024-05-18,Renewal
7485,104163,Starter,5,15.0,75.0,2024-05-18,,Seat Change
7486,104164,Growth,6,29.0,174.0,2023-01-15,2023-04-17,Initial Signup
7487,104164,Pro,20,49.0,980.0,2023-04-17,,Upgrade
7488,104165,Growth,6,29.0,174.0,2021-05-05,2022-04-25,Initial Signup
7489,104165,Growth,6,29.0,174.0,2022-04-25,2023-01-14,Renewal
7490,104165,Growth,7,29.0,203.0,2023-01-14,,Seat Change
7491,104166,Growth,5,29.0,145.0,2022-01-06,2023-04-04,Initial Signup
7492,104166,Growth,5,29.0,145.0,2023-04-04,,Renewal
7493,104167,Growth,7,29.0,203.0,2021-03-18,2021-05-28,Initial Signup
7494,104167,Growth,8,29.0,232.0,2021-05-28,,Seat Change
7495,104168,Starter,2,15.0,30.0,2021-11-25,,Initial Signup
7496,104169,Starter,2,15.0,30.0,2022-01-15,,Initial Signup
7497,104170,Pro,72,49.0,3528.0,2021-02-02,2021-09-26,Initial Signup
7498,104170,Enterprise,295,21.05,6209.75,2021-09-26,2023-02-20,Upgrade
7499,104170,Enterprise,297,21.05,6251.85,2023-02-20,,Seat Change
7500,104171,Growth,5,29.0,145.0,2021-12-28,2023-08-26,Initial Signup
7501,104171,Pro,20,49.0,980.0,2023-08-26,,Upgrade
7502,104172,Growth,7,29.0,203.0,2022-07-10,2022-10-10,Initial Signup
7503,104172,Starter,5,15.0,75.0,2022-10-10,,Downgrade
7504,104173,Growth,18,29.0,522.0,2022-05-21,,Initial Signup
7505,104174,Starter,1,15.0,15.0,2021-02-26,,Initial Signup
7506,104175,Starter,1,15.0,13.51,2021-03-28,,Initial Signup
7507,104176,Growth,7,29.0,203.0,2021-09-04,2023-09-23,
7508,104176,Growth,6,29.0,166.86,2023-09-23,,Seat Change
7509,104177,Starter,4,15.0,60.0,2023-06-06,2023-08-12,Initial Signup
7510,104177,Starter,5,15.0,75.0,2023-08-12,2024-08-09,Seat Change
7511,104177,Starter,4,15.0,60.0,2024-08-09,2024-11-09,Seat Change
7512,104177,Growth,5,29.0,145.0,2024-11-09,2024-11-22,Upgrade
7513,104177,Pro,20,49.0,980.0,2024-11-22,,Upgrade
7514,104178,Enterprise,987,33.51,33074.37,2023-08-19,2023-09-07,Initial Signup
7515,104178,Enterprise,933,33.51,31264.83,2023-09-07,,Seat Change
7516,104179,Starter,4,15.0,60.0,2021-08-22,,Initial Signup
7517,104180,Starter,2,15.0,30.0,2022-10-24,2022-11-09,Initial Signup
7518,104180,Growth,5,29.0,145.0,2022-11-09,2022-11-21,Upgrade
7519,104180,Growth,6,29.0,174.0,2022-11-21,,Seat Change
7520,104181,Starter,1,15.0,15.0,2022-04-16,2022-10-11,Initial Signup
7521,104181,Starter,2,15.0,30.0,2022-10-11,,Seat Change
7522,104182,Starter,4,15.0,60.0,2024-10-05,,Initial Signup
7523,104183,Growth,11,29.0,319.0,2021-03-20,2022-08-09,Initial Signup
7524,104183,Growth,13,29.0,377.0,2022-08-09,2024-07-24,Seat Change
7525,104183,Growth,15,29.0,435.0,2024-07-24,,Seat Change
7526,104184,Growth,10,29.0,290.0,2022-02-19,,Initial Signup
7527,104185,Enterprise,55,22.09,1214.95,2022-04-14,2024-04-05,Initial Signup
7528,104185,Enterprise,63,22.09,1391.67,2024-04-05,,Seat Change
7529,104186,Growth,19,29.0,551.0,2021-08-18,,Initial Signup
7530,104187,Growth,6,29.0,174.0,2021-01-06,,Initial Signup
7531,104188,Starter,1,15.0,15.0,2021-02-23,,Initial Signup
7532,104189,Growth,5,29.0,145.0,2021-11-02,,Initial Signup
7533,104190,Growth,9,29.0,261.0,2022-09-24,2024-05-20,Initial Signup
7534,104190,Starter,5,15.0,75.0,2024-05-20,,Downgrade
7535,104191,Starter,2,15.0,30.0,2022-09-24,2023-06-25,Initial Signup
7536,104191,Starter,3,15.0,45.0,2023-06-25,,Seat Change
7537,104192,Starter,2,15.0,30.0,2021-05-20,2022-03-13,Initial Signup
7538,104192,Starter,3,15.0,45.0,2022-03-13,,Seat Change
7539,104193,Pro,99,49.0,4851.0,2023-07-23,2024-05-28,Initial Signup
7540,104193,Growth,20,29.0,580.0,2024-05-28,,Downgrade
7541,104194,Starter,3,15.0,45.0,2021-09-26,2023-01-17,Initial Signup
7542,104194,Growth,5,29.0,145.0,2023-01-17,,Upgrade
7543,104195,Growth,7,29.0,203.0,2024-07-05,2024-10-11,Initial Signup
7544,104195,Growth,7,29.0,203.0,2024-10-11,,
7545,104196,Growth,12,29.0,348.0,2021-03-16,2022-03-02,Initial Signup
7546,104196,Pro,20,49.0,980.0,2022-03-02,,Upgrade
7547,104197,Pro,21,49.0,967.71,2023-05-19,2023-09-11,Initial Signup
7548,104197,Pro,22,49.0,1078.0,2023-09-11,,Seat Change
7549,104198,Starter,1,15.0,15.0,2023-11-27,2023-12-30,Initial Signup
7550,104198,Starter,2,15.0,28.3,2023-12-30,,Seat Change
7551,104199,Starter,3,15.0,45.0,2023-04-21,2024-09-14,Initial Signup
7552,104199,Growth,5,29.0,145.0,2024-09-14,,Upgrade
7553,104200,Starter,2,15.0,30.0,2023-03-17,,Initial Signup
7554,104201,Growth,5,29.0,145.0,2021-09-16,2022-06-16,Initial Signup
7555,104201,Growth,7,29.0,180.87,2022-06-16,,Seat Change
7556,104202,Growth,16,29.0,464.0,2022-10-05,2023-01-20,Initial Signup
7557,104202,Growth,15,29.0,435.0,2023-01-20,,Seat Change
7558,104203,Starter,1,15.0,15.0,2022-04-09,2023-08-15,Initial Signup
7559,104203,Growth,5,29.0,145.0,2023-08-15,2023-10-11,Upgrade
7560,104203,Pro,20,49.0,905.77,2023-10-11,2023-10-30,Upgrade
7561,104203,Pro,20,49.0,980.0,2023-10-30,,Renewal
7562,104204,Starter,1,15.0,15.0,2021-11-13,2024-11-28,Initial Signup
7563,104204,Starter,2,15.0,30.0,2024-11-28,,Seat Change
7564,104205,Starter,3,15.0,45.0,2024-11-25,,Initial Signup
7565,104206,Growth,5,29.0,145.0,2021-07-25,,Initial Signup
7566,104207,Starter,2,15.0,30.0,2021-10-18,,Initial Signup
7567,104208,Growth,6,29.0,154.07,2023-11-03,,Initial Signup
7568,104209,Starter,5,15.0,75.0,2021-07-21,2021-09-15,Initial Signup
7569,104209,Growth,5,29.0,128.8,2021-09-15,2024-02-02,Upgrade
7570,104209,Pro,20,49.0,980.0,2024-02-02,,Upgrade
7571,104210,Starter,3,15.0,45.0,2021-04-13,,Initial Signup
7572,104211,Pro,78,49.0,3258.68,2021-08-19,,Initial Signup
7573,104212,Starter,1,15.0,12.83,2022-12-13,2023-04-07,Initial Signup
7574,104212,Starter,1,15.0,15.0,2023-04-07,2024-01-22,Renewal
7575,104212,Starter,1,15.0,15.0,2024-01-22,2024-06-11,Renewal
7576,104212,Starter,2,15.0,26.16,2024-06-11,2024-07-10,Seat Change
7577,104212,Starter,3,15.0,45.0,2024-07-10,,Seat Change
7578,104213,Growth,16,29.0,464.0,2023-07-21,2023-11-24,Initial Signup
7579,104213,Pro,20,49.0,980.0,2023-11-24,,Upgrade
7580,104214,Starter,4,15.0,60.0,2021-03-07,2023-10-31,Initial Signup
7581,104214,Growth,5,29.0,145.0,2023-10-31,2023-11-06,Upgrade
7582,104214,Pro,20,49.0,980.0,2023-11-06,,Upgrade
7583,104215,Growth,6,29.0,174.0,2022-06-05,,Initial Signup
7584,104216,Starter,4,15.0,60.0,2022-03-07,,Initial Signup
7585,104217,Growth,16,29.0,464.0,2022-08-26,,Initial Signup
7586,104218,Pro,20,49.0,980.0,2022-08-03,,Initial Signup
7587,104219,Starter,1,15.0,15.0,2024-06-09,,Initial Signup
7588,104220,Growth,5,29.0,145.0,2021-09-10,,Initial Signup
7589,104221,Growth,6,29.0,174.0,2021-08-24,,Initial Signup
7590,104222,Pro,63,49.0,3087.0,2022-04-11,2023-01-19,Initial Signup
7591,104222,Enterprise,174,22.62,3935.88,2023-01-19,2024-04-15,Upgrade
7592,104222,Enterprise,154,22.62,3483.48,2024-04-15,2024-10-05,Seat Change
7593,104222,Enterprise,123,22.62,2782.26,2024-10-05,,Seat Change
7594,104223,Growth,5,29.0,145.0,2021-11-26,,Initial Signup
7595,104224,Starter,3,15.0,45.0,2021-12-28,,Initial Signup
7596,104225,Starter,1,15.0,15.0,2021-02-19,,Initial Signup
7597,104226,Starter,4,15.0,60.0,2021-04-10,,Initial Signup
7598,104227,Pro,21,49.0,1029.0,2024-02-17,,Initial Signup
7599,104228,Pro,48,49.0,2352.0,2021-02-19,2021-05-26,Initial Signup
7600,104228,Pro,37,49.0,1813.0,2021-05-26,2021-08-08,Seat Change
7601,104228,Pro,37,49.0,1813.0,2021-08-08,,Renewal
7602,104229,Starter,2,15.0,30.0,2022-04-04,,Initial Signup
7603,104230,Enterprise,304,33.06,10050.24,2022-12-24,,Initial Signup
7604,104231,Starter,3,15.0,45.0,2021-01-13,,Initial Signup
7605,104232,Starter,1,15.0,15.0,2021-06-24,,Initial Signup
7606,104233,Growth,8,29.0,232.0,2021-09-18,,Initial Signup
7607,104234,Starter,1,15.0,15.0,2022-01-25,,Initial Signup
7608,104235,Growth,16,29.0,464.0,2021-09-03,2021-09-11,Initial Signup
7609,104235,Pro,20,49.0,980.0,2021-09-11,,Upgrade
7610,104236,Growth,5,29.0,145.0,2022-07-02,2022-11-28,Initial Signup
7611,104236,Growth,7,29.0,203.0,2022-11-28,,Seat Change
7612,104237,Enterprise,131,22.5,2947.5,2021-06-04,,Initial Signup
7613,104238,Enterprise,56,31.49,1763.44,2021-01-25,,Initial Signup
7614,104239,Starter,2,15.0,30.0,2021-01-28,,Initial Signup
7615,104240,Growth,8,29.0,232.0,2021-09-28,2021-12-20,Initial Signup
7616,104240,Pro,20,49.0,980.0,2021-12-20,2024-02-13,Upgrade
7617,104240,Enterprise,50,40.94,2047.0,2024-02-13,,Upgrade
7618,104241,Starter,1,15.0,15.0,2021-09-10,2021-09-28,Initial Signup
7619,104241,Growth,5,29.0,145.0,2021-09-28,2023-06-09,Upgrade
7620,104241,Growth,6,29.0,174.0,2023-06-09,,Seat Change
7621,104242,Growth,17,29.0,493.0,2024-04-08,2024-04-12,Initial Signup
7622,104242,Growth,20,29.0,580.0,2024-04-12,,Seat Change
7623,104243,Growth,17,29.0,493.0,2021-01-10,2022-01-12,Initial Signup
7624,104243,Growth,17,29.0,493.0,2022-01-12,,Renewal
7625,104244,Starter,1,15.0,15.0,2022-02-23,2022-05-05,Initial Signup
7626,104244,Starter,1,15.0,14.48,2022-05-05,2022-05-18,Renewal
7627,104244,Growth,5,29.0,145.0,2022-05-18,,Upgrade
7628,104245,Growth,6,29.0,174.0,2022-04-08,2023-01-07,Initial Signup
7629,104245,Pro,20,49.0,980.0,2023-01-07,2023-07-05,Upgrade
7630,104245,Pro,20,49.0,980.0,2023-07-05,,Renewal
7631,104246,Growth,12,29.0,335.75,2022-09-16,2024-01-23,Initial Signup
7632,104246,Starter,5,15.0,75.0,2024-01-23,,Downgrade
7633,104247,Pro,60,49.0,2940.0,2022-07-19,,Initial Signup
7634,104248,Starter,4,15.0,60.0,2021-01-11,2022-02-06,Initial Signup
7635,104248,Starter,4,15.0,60.0,2022-02-06,,Renewal
7636,104249,Starter,5,15.0,68.75,2022-06-14,2023-12-20,Initial Signup
7637,104249,Starter,4,15.0,60.0,2023-12-20,,Seat Change
7638,104250,Starter,2,15.0,30.0,2021-08-19,,Initial Signup
7639,104251,Starter,4,15.0,60.0,2022-12-23,,Initial Signup
7640,104252,Growth,5,29.0,145.0,2021-05-06,2022-05-17,Initial Signup
7641,104252,Pro,20,49.0,980.0,2022-05-17,2023-09-10,Upgrade
7642,104252,Pro,22,49.0,959.18,2023-09-10,,Seat Change
7643,104253,Starter,1,15.0,15.0,2022-10-15,2023-05-17,Initial Signup
7644,104253,Starter,2,15.0,30.0,2023-05-17,,Seat Change
7645,104254,Pro,22,49.0,987.57,2022-06-05,2023-04-02,Initial Signup
7646,104254,Growth,17,29.0,493.0,2023-04-02,,Downgrade
7647,104255,Starter,3,15.0,45.0,2022-07-01,,Initial Signup
7648,104256,Starter,5,15.0,75.0,2021-05-19,,Initial Signup
7649,104257,Growth,7,29.0,203.0,2022-08-14,,Initial Signup
7650,104258,Pro,51,49.0,2499.0,2022-11-08,,Initial Signup
7651,104259,Growth,16,29.0,464.0,2021-12-02,2024-01-04,Initial Signup
7652,104259,Growth,16,29.0,464.0,2024-01-04,2024-03-27,Renewal
7653,104259,Pro,20,49.0,980.0,2024-03-27,,Upgrade
7654,104260,Growth,19,29.0,551.0,2021-09-27,,Initial Signup
7655,104261,Starter,3,15.0,45.0,2021-04-24,,Initial Signup
7656,104262,Starter,2,15.0,30.0,2021-07-27,2023-01-08,Initial Signup
7657,104262,Starter,2,15.0,30.0,2023-01-08,2023-06-15,Renewal
7658,104262,Starter,1,15.0,15.0,2023-06-15,,Seat Change
7659,104263,Starter,1,15.0,15.0,2022-12-04,2024-04-14,Initial Signup
7660,104263,Starter,2,15.0,30.0,2024-04-14,2024-09-25,Seat Change
7661,104263,Starter,3,15.0,45.0,2024-09-25,,Seat Change
7662,104264,Starter,4,15.0,60.0,2021-10-01,2024-02-18,Initial Signup
7663,104264,Growth,5,29.0,145.0,2024-02-18,,Upgrade
7664,104265,Pro,52,49.0,2292.94,2022-09-07,,Initial Signup
7665,104266,Starter,2,15.0,30.0,2022-11-03,,Initial Signup
7666,104267,Starter,2,15.0,30.0,2022-08-13,,Initial Signup
7667,104268,Starter,4,15.0,55.41,2022-08-19,,Initial Signup
7668,104269,Growth,5,29.0,145.0,2022-05-06,,Initial Signup
7669,104270,Enterprise,954,44.97,42901.38,2022-01-12,2024-02-29,Initial Signup
7670,104270,Enterprise,1000,44.97,44970.0,2024-02-29,,Seat Change
7671,104271,Enterprise,405,,17363.72,2021-05-16,2021-07-12,Initial Signup
7672,104271,Enterprise,386,43.72,16875.92,2021-07-12,,Seat Change
7673,104272,Growth,11,29.0,298.37,2023-06-09,2023-09-10,Initial Signup
7674,104272,Starter,5,15.0,75.0,2023-09-10,2024-01-10,Downgrade
7675,104272,Starter,4,15.0,60.0,2024-01-10,2024-11-07,Seat Change
7676,104272,Starter,5,15.0,70.4,2024-11-07,,Seat Change
7677,104273,Pro,49,49.0,2401.0,2024-07-13,,Initial Signup
7678,104274,Starter,1,15.0,15.0,2021-12-17,,Initial Signup
7679,104275,Starter,1,15.0,15.0,2024-02-27,,Initial Signup
7680,104276,Growth,6,29.0,174.0,2024-12-09,,Initial Signup
7681,104277,Growth,8,29.0,232.0,2021-12-03,2023-11-26,Initial Signup
7682,104277,Growth,9,29.0,261.0,2023-11-26,2024-08-24,Seat Change
7683,104277,Starter,5,15.0,75.0,2024-08-24,2024-11-11,Downgrade
7684,104277,Starter,4,15.0,60.0,2024-11-11,,Seat Change
7685,104278,Growth,9,29.0,261.0,2022-10-25,,Initial Signup
7686,104279,Starter,1,15.0,15.0,2022-07-17,,Initial Signup
7687,104280,Pro,20,49.0,980.0,2021-06-14,2024-12-24,
7688,104280,Pro,30,49.0,1470.0,2024-12-24,,Seat Change
7689,104281,Growth,14,29.0,406.0,2021-01-21,,Initial Signup
7690,104282,Growth,6,29.0,174.0,2021-11-28,2024-05-27,Initial Signup
7691,104282,Growth,6,29.0,174.0,2024-05-27,2024-11-03,Renewal
7692,104282,Pro,20,49.0,980.0,2024-11-03,2024-12-27,Upgrade
7693,104282,Pro,28,49.0,1372.0,2024-12-27,,Seat Change
7694,104283,Starter,2,15.0,30.0,2023-01-04,,Initial Signup
7695,104284,Growth,6,29.0,174.0,2021-08-25,2021-11-23,Initial Signup
7696,104284,Pro,20,49.0,980.0,2021-11-23,,Upgrade
7697,104285,Starter,2,15.0,30.0,2023-01-18,2023-03-13,Initial Signup
7698,104285,Starter,3,15.0,45.0,2023-03-13,,Seat Change
7699,104286,Starter,2,15.0,30.0,2022-07-17,2023-04-28,Initial Signup
7700,104286,Starter,2,15.0,30.0,2023-04-28,2024-05-08,Renewal
7701,104286,Starter,2,15.0,30.0,2024-05-08,2024-12-21,Renewal
7702,104286,Starter,2,15.0,30.0,2024-12-21,,Renewal
7703,104287,Starter,1,15.0,15.0,2022-09-25,,Initial Signup
7704,104288,Growth,5,29.0,145.0,2021-07-09,2022-07-18,Initial Signup
7705,104288,Pro,20,49.0,980.0,2022-07-18,2024-03-17,Upgrade
7706,104288,Pro,30,49.0,1470.0,2024-03-17,,Seat Change
7707,104289,Pro,25,49.0,1225.0,2021-12-23,2022-06-25,Initial Signup
7708,104289,Pro,26,49.0,1274.0,2022-06-25,,Seat Change
7709,104290,Starter,4,15.0,52.29,2021-05-16,2021-11-06,Initial Signup
7710,104290,Starter,4,15.0,57.7,2021-11-06,2023-09-15,Renewal
7711,104290,Starter,5,15.0,67.88,2023-09-15,,Seat Change
7712,104291,Growth,18,29.0,522.0,2021-06-27,,Initial Signup
7713,104292,Growth,5,29.0,145.0,2021-02-14,,Initial Signup
7714,104293,Pro,30,49.0,1470.0,2021-03-21,2021-12-29,
7715,104293,Pro,31,49.0,1519.0,2021-12-29,,Seat Change
7716,104294,Growth,5,29.0,145.0,2021-05-14,2024-04-17,Initial Signup
7717,104294,Growth,5,29.0,145.0,2024-04-17,,Renewal
7718,104295,Enterprise,983,33.82,33245.06,2022-04-12,,Initial Signup
7719,104296,Growth,16,29.0,464.0,2021-11-11,,Initial Signup
7720,104297,Starter,1,15.0,15.0,2021-07-26,2023-09-03,Initial Signup
7721,104297,Starter,2,15.0,30.0,2023-09-03,,Seat Change
7722,104298,Starter,2,15.0,30.0,2023-07-24,2023-10-18,Initial Signup
7723,104298,Starter,3,15.0,45.0,2023-10-18,2024-08-15,Seat Change
7724,104298,Growth,5,29.0,145.0,2024-08-15,,Upgrade
7725,104299,Starter,3,15.0,45.0,2022-01-07,,Initial Signup
7726,104300,Growth,10,29.0,290.0,2023-12-25,,Initial Signup
7727,104301,Pro,42,49.0,2058.0,2022-06-17,,Initial Signup
7728,104302,Starter,5,15.0,75.0,2021-01-03,2021-09-11,Initial Signup
7729,104302,Growth,5,29.0,145.0,2021-09-11,2021-11-19,Upgrade
7730,104302,Pro,20,49.0,980.0,2021-11-19,2021-11-26,Upgrade
7731,104302,Pro,30,49.0,1470.0,2021-11-26,,Seat Change
7732,104303,Pro,43,49.0,2107.0,2023-12-22,,Initial Signup
7733,104304,Growth,9,29.0,261.0,2023-07-05,2023-07-18,Initial Signup
7734,104304,Pro,20,49.0,980.0,2023-07-18,2023-11-19,Upgrade
7735,104304,Pro,20,49.0,980.0,2023-11-19,2023-12-28,Renewal
7736,104304,Pro,29,49.0,1421.0,2023-12-28,,Seat Change
7737,104305,Starter,1,15.0,15.0,2022-06-25,,Initial Signup
7738,104306,Starter,4,15.0,52.73,2022-02-13,2022-10-11,Initial Signup
7739,104306,Growth,5,29.0,145.0,2022-10-11,2023-12-20,Upgrade
7740,104306,Growth,5,29.0,145.0,2023-12-20,2024-12-11,Renewal
7741,104306,Growth,6,29.0,174.0,2024-12-11,,Seat Change
7742,104307,Starter,1,15.0,15.0,2021-11-26,,Initial Signup
7743,104308,Enterprise,72,42.64,3070.08,2021-12-14,,Initial Signup
7744,104309,Starter,3,15.0,45.0,2022-12-03,,Initial Signup
7745,104310,Pro,30,49.0,1470.0,2022-01-22,2022-04-07,Initial Signup
7746,104310,Pro,30,49.0,1470.0,2022-04-07,2022-09-07,Renewal
7747,104310,Growth,20,29.0,580.0,2022-09-07,2022-10-17,Downgrade
7748,104310,Growth,20,29.0,494.35,2022-10-17,,Renewal
7749,104311,Pro,23,49.0,1127.0,2021-05-21,2021-05-23,Initial Signup
7750,104311,Pro,23,49.0,1127.0,2021-05-23,2021-06-03,Renewal
7751,104311,Pro,23,49.0,1127.0,2021-06-03,2021-07-27,Renewal
7752,104311,Pro,25,49.0,1082.17,2021-07-27,2021-08-27,Seat Change
7753,104311,Growth,20,29.0,580.0,2021-08-27,,Downgrade
7754,104312,Growth,6,29.0,174.0,2021-02-09,,Initial Signup
7755,104313,Growth,9,29.0,261.0,2021-03-06,,Initial Signup
7756,104314,Starter,3,15.0,45.0,2021-06-25,,Initial Signup
7757,104315,Growth,7,29.0,203.0,2021-09-22,2023-06-25,Initial Signup
7758,104315,Pro,20,49.0,980.0,2023-06-25,2024-03-18,Upgrade
7759,104315,Pro,20,49.0,980.0,2024-03-18,,Renewal
7760,104316,Starter,1,15.0,15.0,2023-10-09,2024-07-04,Initial Signup
7761,104316,Starter,2,15.0,30.0,2024-07-04,,Seat Change
7762,104317,Growth,8,29.0,232.0,2021-06-20,,Initial Signup
7763,104318,Starter,2,15.0,30.0,2021-08-07,2024-04-29,Initial Signup
7764,104318,Starter,2,15.0,30.0,2024-04-29,,Renewal
7765,104319,Starter,1,15.0,15.0,2021-06-06,,Initial Signup
7766,104320,Pro,34,49.0,1666.0,2022-02-19,,Initial Signup
7767,104321,Growth,12,29.0,348.0,2022-06-24,2023-01-03,Initial Signup
7768,104321,Growth,12,29.0,348.0,2023-01-03,2024-06-24,Renewal
7769,104321,Growth,13,29.0,356.0,2024-06-24,,Seat Change
7770,104322,Growth,6,29.0,174.0,2022-02-26,2023-02-28,Initial Signup
7771,104322,Growth,5,29.0,145.0,2023-02-28,2024-07-12,Seat Change
7772,104322,Pro,20,49.0,980.0,2024-07-12,,Upgrade
7773,104323,Growth,10,29.0,290.0,2024-05-13,2024-12-19,Initial Signup
7774,104323,Starter,5,15.0,75.0,2024-12-19,,Downgrade
7775,104324,Starter,4,15.0,60.0,2024-12-05,,Initial Signup
7776,104325,Growth,5,29.0,145.0,2023-05-16,,Initial Signup
7777,104326,Starter,2,15.0,30.0,2023-03-20,2024-07-08,Initial Signup
7778,104326,Starter,2,15.0,30.0,2024-07-08,,Renewal
7779,104327,Growth,7,29.0,203.0,2021-09-28,2022-02-04,Initial Signup
7780,104327,Growth,8,29.0,232.0,2022-02-04,2022-09-13,Seat Change
7781,104327,Pro,20,49.0,980.0,2022-09-13,,Upgrade
7782,104328,Starter,2,15.0,30.0,2022-04-04,2023-09-11,Initial Signup
7783,104328,Starter,3,15.0,45.0,2023-09-11,,Seat Change
7784,104329,Pro,24,49.0,1176.0,2021-09-19,,Initial Signup
7785,104330,Starter,1,15.0,15.0,2023-01-15,,Initial Signup
7786,104331,Starter,1,15.0,15.0,2021-05-17,,Initial Signup
7787,104332,Pro,66,49.0,3234.0,2021-06-03,2023-11-02,Initial Signup
7788,104332,Pro,76,49.0,3724.0,2023-11-02,,Seat Change
7789,104333,Pro,35,49.0,1715.0,2021-01-01,,Initial Signup
7790,104334,Starter,3,15.0,45.0,2022-05-17,,Initial Signup
7791,104335,Starter,1,15.0,14.1,2022-09-06,,Initial Signup
7792,104336,Starter,3,15.0,39.88,2021-01-18,,Initial Signup
7793,104337,Starter,3,15.0,45.0,2022-01-01,,Initial Signup
7794,104338,Starter,5,15.0,75.0,2021-09-23,2021-10-09,Initial Signup
7795,104338,Growth,5,29.0,145.0,2021-10-09,2022-09-02,Upgrade
7796,104338,Growth,7,29.0,203.0,2022-09-02,,Seat Change
7797,104339,Starter,2,15.0,30.0,2023-02-10,2023-04-03,Initial Signup
7798,104339,Growth,5,29.0,145.0,2023-04-03,2023-05-30,Upgrade
7799,104339,Growth,6,29.0,174.0,2023-05-30,2023-06-16,Seat Change
7800,104339,Pro,20,49.0,980.0,2023-06-16,,Upgrade
7801,104340,Growth,7,29.0,203.0,2021-01-13,,Initial Signup
7802,104341,Starter,5,15.0,75.0,2021-01-10,2022-04-02,Initial Signup
7803,104341,Starter,4,15.0,60.0,2022-04-02,2023-01-20,Seat Change
7804,104341,Starter,4,15.0,60.0,2023-01-20,,Renewal
7805,104342,Pro,45,49.0,2205.0,2022-06-12,,
7806,104343,Growth,15,29.0,435.0,2022-04-15,2022-08-20,Initial Signup
7807,104343,Growth,15,29.0,435.0,2022-08-20,,Renewal
7808,104344,Starter,4,15.0,60.0,2023-05-19,2023-08-20,Initial Signup
7809,104344,Starter,3,15.0,45.0,2023-08-20,2024-04-12,Seat Change
7810,104344,Growth,5,29.0,145.0,2024-04-12,2024-06-29,Upgrade
7811,104344,Pro,20,49.0,980.0,2024-06-29,2024-09-17,Upgrade
7812,104344,Pro,20,49.0,980.0,2024-09-17,,Renewal
7813,104345,Pro,20,49.0,980.0,2022-04-20,2022-11-08,Initial Signup
7814,104345,Enterprise,50,32.18,1609.0,2022-11-08,,Upgrade
7815,104346,Starter,1,15.0,15.0,2024-04-28,,Initial Signup
7816,104347,Pro,45,49.0,2102.53,2021-08-06,2022-02-21,Initial Signup
7817,104347,Enterprise,146,28.45,4153.7,2022-02-21,2024-01-22,Upgrade
7818,104347,Pro,62,49.0,3038.0,2024-01-22,,Downgrade
7819,104348,Enterprise,55,28.27,1554.85,2021-10-25,2024-01-21,Initial Signup
7820,104348,Enterprise,55,28.27,1554.85,2024-01-21,,Renewal
7821,104349,Pro,22,49.0,1078.0,2024-09-17,,Initial Signup
7822,104350,Growth,20,29.0,580.0,2021-03-09,,Initial Signup
7823,104351,Starter,1,15.0,14.41,2023-02-26,,Initial Signup
7824,104352,Growth,8,29.0,232.0,2021-01-20,2024-06-20,Initial Signup
7825,104352,Pro,20,49.0,980.0,2024-06-20,,Upgrade
7826,104353,Growth,10,29.0,290.0,2021-12-06,,Initial Signup
7827,104354,Growth,6,29.0,174.0,2021-04-05,2023-04-19,Initial Signup
7828,104354,Pro,20,49.0,980.0,2023-04-19,2024-01-05,Upgrade
7829,104354,Pro,23,49.0,1127.0,2024-01-05,,Seat Change
7830,104355,Starter,2,15.0,30.0,2022-05-19,,Initial Signup
7831,104356,Growth,5,29.0,145.0,2023-02-21,,Initial Signup
7832,104357,Starter,1,15.0,15.0,2021-01-02,,Initial Signup
7833,104358,Growth,19,29.0,551.0,2021-04-18,2021-04-27,Initial Signup
7834,104358,Growth,20,29.0,580.0,2021-04-27,2021-04-29,Seat Change
7835,104358,Growth,16,29.0,464.0,2021-04-29,2022-02-27,Seat Change
7836,104358,Growth,16,29.0,464.0,2022-02-27,2023-02-05,Renewal
7837,104358,Growth,17,29.0,493.0,2023-02-05,,Seat Change
7838,104359,Growth,6,29.0,174.0,2021-09-15,,Initial Signup
7839,104360,Starter,1,15.0,15.0,2021-07-28,2024-03-17,Initial Signup
7840,104360,Starter,1,15.0,15.0,2024-03-17,,Renewal
7841,104361,Starter,1,15.0,15.0,2021-10-21,2021-11-21,Initial Signup
7842,104361,Starter,2,15.0,30.0,2021-11-21,,Seat Change
7843,104362,Starter,1,15.0,15.0,2024-05-26,,Initial Signup
7844,104363,Starter,1,15.0,15.0,2021-03-01,,Initial Signup
7845,104364,Starter,4,15.0,60.0,2021-11-22,2022-01-09,Initial Signup
7846,104364,Starter,5,15.0,68.95,2022-01-09,,Seat Change
7847,104365,Pro,21,49.0,1029.0,2021-11-10,,Initial Signup
7848,104366,Starter,1,15.0,15.0,2021-07-16,,Initial Signup
7849,104367,Starter,4,15.0,60.0,2021-07-25,2022-09-02,Initial Signup
7850,104367,Growth,5,29.0,145.0,2022-09-02,,Upgrade
7851,104368,Growth,5,29.0,145.0,2022-10-25,,Initial Signup
7852,104369,Pro,44,49.0,2156.0,2022-06-07,,Initial Signup
7853,104370,Growth,19,29.0,551.0,2023-03-07,,Initial Signup
7854,104371,Growth,10,29.0,255.46,2021-10-21,2024-03-27,Initial Signup
7855,104371,Pro,20,49.0,980.0,2024-03-27,,Upgrade
7856,104372,Starter,2,15.0,30.0,2022-05-25,2023-08-30,Initial Signup
7857,104372,Starter,3,15.0,41.56,2023-08-30,,Seat Change
7858,104373,Growth,9,29.0,261.0,2023-10-18,2024-09-28,Initial Signup
7859,104373,Pro,20,49.0,980.0,2024-09-28,,Upgrade
7860,104374,Starter,1,15.0,15.0,2023-07-02,2024-02-10,Initial Signup
7861,104374,Starter,1,15.0,15.0,2024-02-10,,Renewal
7862,104375,Growth,12,29.0,348.0,2023-12-05,,Initial Signup
7863,104376,Starter,2,15.0,30.0,2021-07-21,2022-08-15,Initial Signup
7864,104376,Growth,5,29.0,145.0,2022-08-15,,Upgrade
7865,104377,Starter,2,15.0,30.0,2024-10-21,2024-11-15,Initial Signup
7866,104377,Starter,2,15.0,30.0,2024-11-15,2024-11-22,Renewal
7867,104377,Growth,5,29.0,145.0,2024-11-22,,Upgrade
7868,104378,Enterprise,667,30.59,18993.79,2023-04-26,2023-06-10,Initial Signup
7869,104378,Enterprise,878,30.59,26858.02,2023-06-10,2023-08-08,Seat Change
7870,104378,Enterprise,741,30.59,21185.53,2023-08-08,,Seat Change
7871,104379,Starter,4,15.0,60.0,2023-02-15,,Initial Signup
7872,104380,Starter,3,15.0,45.0,2022-08-12,,Initial Signup
7873,104381,Growth,5,29.0,145.0,2024-10-04,,Initial Signup
7874,104382,Pro,20,49.0,980.0,2021-11-22,2024-10-01,Initial Signup
7875,104382,Pro,20,49.0,980.0,2024-10-01,,Renewal
7876,104383,Growth,14,29.0,406.0,2022-11-27,2023-08-11,Initial Signup
7877,104383,Pro,20,49.0,980.0,2023-08-11,,Upgrade
7878,104384,Starter,1,15.0,15.0,2022-09-02,2023-09-07,Initial Signup
7879,104384,Growth,5,29.0,145.0,2023-09-07,2023-12-09,Upgrade
7880,104384,Pro,20,49.0,980.0,2023-12-09,,Upgrade
7881,104385,Starter,1,15.0,15.0,2022-11-14,2024-10-03,Initial Signup
7882,104385,Starter,2,15.0,30.0,2024-10-03,,Seat Change
7883,104386,Starter,1,15.0,15.0,2022-11-10,,Initial Signup
7884,104387,Starter,1,15.0,15.0,2021-05-21,2021-08-12,Initial Signup
7885,104387,Growth,5,29.0,145.0,2021-08-12,,Upgrade
7886,104388,Pro,34,49.0,1666.0,2021-09-22,2022-01-03,Initial Signup
7887,104388,Pro,38,49.0,1862.0,2022-01-03,2022-05-03,Seat Change
7888,104388,Growth,20,29.0,580.0,2022-05-03,2024-08-14,Downgrade
7889,104388,Starter,5,15.0,75.0,2024-08-14,2024-12-18,Downgrade
7890,104388,Starter,4,15.0,60.0,2024-12-18,,Seat Change
7891,104389,Growth,17,29.0,493.0,2021-10-07,2023-08-28,Initial Signup
7892,104389,Pro,20,49.0,980.0,2023-08-28,,Upgrade
7893,104390,Growth,8,29.0,214.25,2022-11-27,2023-03-20,Initial Signup
7894,104390,Growth,8,29.0,232.0,2023-03-20,2023-03-30,Renewal
7895,104390,Growth,7,29.0,203.0,2023-03-30,,Seat Change
7896,104391,Growth,5,29.0,145.0,2022-10-04,2023-09-01,Initial Signup
7897,104391,Growth,6,29.0,174.0,2023-09-01,2024-09-04,Seat Change
7898,104391,Growth,6,29.0,174.0,2024-09-04,,Renewal
7899,104392,Enterprise,50,43.64,2182.0,2023-05-22,,Initial Signup
7900,104393,Growth,13,29.0,377.0,2023-01-21,,Initial Signup
7901,104394,Starter,4,15.0,60.0,2022-05-05,2023-09-24,Initial Signup
7902,104394,Starter,5,15.0,75.0,2023-09-24,2024-01-28,Seat Change
7903,104394,Starter,4,15.0,60.0,2024-01-28,,Seat Change
7904,104395,Starter,5,15.0,71.14,2021-04-19,,Initial Signup
7905,104396,Growth,11,29.0,319.0,2022-06-08,2024-06-02,Initial Signup
7906,104396,Growth,12,29.0,348.0,2024-06-02,,Seat Change
7907,104397,Starter,2,15.0,30.0,2023-09-08,2023-10-16,Initial Signup
7908,104397,Growth,5,29.0,145.0,2023-10-16,2024-04-13,Upgrade
7909,104397,Pro,20,49.0,980.0,2024-04-13,2024-08-07,Upgrade
7910,104397,Pro,30,49.0,1470.0,2024-08-07,2024-12-02,Seat Change
7911,104397,Growth,20,29.0,580.0,2024-12-02,,Downgrade
7912,104398,Starter,2,15.0,30.0,2022-07-03,,Initial Signup
7913,104399,Growth,14,29.0,406.0,2023-10-21,,Initial Signup
7914,104400,Growth,5,29.0,145.0,2024-12-23,,Initial Signup
7915,104401,Starter,4,15.0,60.0,2021-09-15,2022-09-16,Initial Signup
7916,104401,Starter,5,15.0,75.0,2022-09-16,2023-03-04,Seat Change
7917,104401,Growth,5,29.0,145.0,2023-03-04,2023-12-18,Upgrade
7918,104401,Growth,7,29.0,203.0,2023-12-18,2024-07-17,Seat Change
7919,104401,Starter,5,15.0,75.0,2024-07-17,,Downgrade
7920,104402,Growth,10,29.0,290.0,2022-10-22,2023-04-06,Initial Signup
7921,104402,Starter,5,15.0,75.0,2023-04-06,,Downgrade
7922,104403,Growth,5,29.0,145.0,2022-02-10,2023-07-06,Initial Signup
7923,104403,Growth,7,29.0,203.0,2023-07-06,,Seat Change
7924,104404,Pro,38,49.0,1862.0,2021-11-16,,Initial Signup
7925,104405,Starter,2,15.0,30.0,2021-06-23,2023-03-23,Initial Signup
7926,104405,Starter,3,15.0,42.27,2023-03-23,,
7927,104406,Growth,11,29.0,319.0,2021-06-13,2022-05-10,Initial Signup
7928,104406,Pro,20,49.0,980.0,2022-05-10,,Upgrade
7929,104407,Growth,8,29.0,219.7,2021-05-18,2021-09-17,Initial Signup
7930,104407,Growth,9,29.0,261.0,2021-09-17,,Seat Change
7931,104408,Growth,12,29.0,348.0,2022-06-05,2022-07-22,Initial Signup
7932,104408,Pro,20,49.0,980.0,2022-07-22,2022-12-26,Upgrade
7933,104408,Pro,27,49.0,1323.0,2022-12-26,2024-05-15,Seat Change
7934,104408,Pro,27,49.0,1323.0,2024-05-15,,Renewal
7935,104409,Starter,1,15.0,15.0,2021-04-15,,Initial Signup
7936,104410,Growth,19,29.0,551.0,2021-11-24,,Initial Signup
7937,104411,Starter,2,15.0,30.0,2022-01-22,,Initial Signup
7938,104412,Pro,68,49.0,3332.0,2021-11-09,2021-11-19,Initial Signup
7939,104412,Enterprise,155,35.09,5438.95,2021-11-19,,Upgrade
7940,104413,Growth,5,29.0,145.0,2023-07-16,,Initial Signup
7941,104414,Starter,2,15.0,30.0,2021-11-18,,Initial Signup
7942,104415,Growth,7,29.0,203.0,2021-02-27,,Initial Signup
7943,104416,Starter,3,15.0,45.0,2024-11-24,,Initial Signup
7944,104417,Growth,11,29.0,288.2,2023-06-23,2023-07-10,Initial Signup
7945,104417,Pro,20,49.0,980.0,2023-07-10,,Upgrade
7946,104418,Pro,44,49.0,2156.0,2022-07-22,2022-10-09,Initial Signup
7947,104418,Pro,43,49.0,2107.0,2022-10-09,,Seat Change
7948,104419,Starter,2,15.0,30.0,2022-12-11,,Initial Signup
7949,104420,Pro,74,49.0,3626.0,2021-03-11,,Initial Signup
7950,104421,Growth,16,29.0,464.0,2022-12-14,,Initial Signup
7951,104422,Growth,19,29.0,551.0,2021-05-12,,Initial Signup
7952,104423,Growth,6,29.0,174.0,2021-12-27,,Initial Signup
7953,104424,Growth,7,29.0,203.0,2021-05-25,2021-06-12,Initial Signup
7954,104424,Pro,20,49.0,980.0,2021-06-12,2022-04-15,Upgrade
7955,104424,Pro,27,49.0,1323.0,2022-04-15,2023-04-20,Seat Change
7956,104424,Enterprise,56,28.79,1612.24,2023-04-20,2024-01-02,Upgrade
7957,104424,Enterprise,52,28.79,1497.08,2024-01-02,,Seat Change
7958,104425,Starter,3,15.0,45.0,2022-12-26,2024-01-24,Initial Signup
7959,104425,Growth,5,29.0,145.0,2024-01-24,,Upgrade
7960,104426,Growth,5,29.0,145.0,2021-06-18,2021-07-25,Initial Signup
7961,104426,Starter,5,15.0,75.0,2021-07-25,2022-08-27,Downgrade
7962,104426,Starter,5,15.0,75.0,2022-08-27,,Renewal
7963,104427,Starter,4,15.0,60.0,2021-07-06,,Initial Signup
7964,104428,Pro,46,49.0,2254.0,2021-03-05,2021-03-11,Initial Signup
7965,104428,Pro,50,49.0,2450.0,2021-03-11,,Seat Change
7966,104429,Pro,22,49.0,1078.0,2022-10-08,2022-10-31,Initial Signup
7967,104429,Pro,20,49.0,980.0,2022-10-31,,Seat Change
7968,104430,Pro,43,49.0,2107.0,2021-08-19,2022-09-08,Initial Signup
7969,104430,Pro,53,49.0,2597.0,2022-09-08,2024-11-22,Seat Change
7970,104430,Pro,53,49.0,2597.0,2024-11-22,,Renewal
7971,104431,Growth,9,29.0,261.0,2022-01-11,,Initial Signup
7972,104432,Growth,5,29.0,145.0,2021-08-19,,
7973,104433,Starter,1,15.0,15.0,2022-12-25,2023-05-10,Initial Signup
7974,104433,Growth,5,29.0,145.0,2023-05-10,,Upgrade
7975,104434,Growth,14,29.0,406.0,2021-06-10,2022-01-24,Initial Signup
7976,104434,Pro,20,49.0,980.0,2022-01-24,2022-03-06,Upgrade
7977,104434,Pro,28,49.0,1372.0,2022-03-06,,Seat Change
7978,104435,Pro,69,49.0,3381.0,2024-03-26,,Initial Signup
7979,104436,Growth,16,29.0,464.0,2021-08-15,2021-09-16,Initial Signup
7980,104436,Growth,18,29.0,522.0,2021-09-16,,Seat Change
7981,104437,Growth,11,29.0,319.0,2021-03-23,2021-03-29,Initial Signup
7982,104437,Growth,11,29.0,319.0,2021-03-29,2021-04-27,Renewal
7983,104437,Growth,11,29.0,319.0,2021-04-27,,Renewal
7984,104438,Growth,16,29.0,464.0,2021-06-02,2022-04-18,Initial Signup
7985,104438,Starter,5,15.0,75.0,2022-04-18,2023-02-13,Downgrade
7986,104438,Growth,5,29.0,129.58,2023-02-13,,Upgrade
7987,104439,Starter,4,15.0,60.0,2021-02-08,2021-05-25,Initial Signup
7988,104439,Starter,3,15.0,45.0,2021-05-25,,Seat Change
7989,104440,Pro,71,49.0,3479.0,2021-12-27,2022-01-17,Initial Signup
7990,104440,Pro,60,49.0,2940.0,2022-01-17,,Seat Change
7991,104441,Growth,13,29.0,377.0,2021-06-25,2021-10-18,Initial Signup
7992,104441,Pro,20,49.0,980.0,2021-10-18,,Upgrade
7993,104442,Starter,2,15.0,25.52,2023-09-16,,Initial Signup
7994,104443,Starter,2,15.0,30.0,2022-01-01,,Initial Signup
7995,104444,Growth,5,29.0,145.0,2021-06-02,2021-08-11,Initial Signup
7996,104444,Pro,20,49.0,980.0,2021-08-11,2021-11-18,Upgrade
7997,104444,Pro,20,49.0,980.0,2021-11-18,2022-02-17,Renewal
7998,104444,Enterprise,50,38.67,1933.5,2022-02-17,,Upgrade
7999,104445,Growth,18,29.0,522.0,2021-11-12,,Initial Signup
8000,104446,Growth,7,29.0,203.0,2021-05-26,,Initial Signup
8001,104447,Starter,1,15.0,15.0,2021-05-11,,
8002,104448,Starter,2,15.0,26.85,2021-08-25,2024-10-23,Initial Signup
8003,104448,Growth,5,29.0,145.0,2024-10-23,,Upgrade
8004,104449,Growth,9,29.0,261.0,2021-03-15,2021-04-27,Initial Signup
8005,104449,Pro,20,49.0,916.99,2021-04-27,2021-11-22,Upgrade
8006,104449,Pro,20,49.0,980.0,2021-11-22,2022-12-19,Renewal
8007,104449,Enterprise,50,37.75,1799.65,2022-12-19,2024-10-02,Upgrade
8008,104449,Enterprise,53,37.75,2000.75,2024-10-02,,Seat Change
8009,104450,Pro,23,49.0,1127.0,2021-05-04,,Initial Signup
8010,104451,Starter,3,15.0,45.0,2024-02-16,2024-05-15,Initial Signup
8011,104451,Starter,3,15.0,45.0,2024-05-15,,Renewal
8012,104452,Growth,12,29.0,348.0,2022-08-11,,Initial Signup
8013,104453,Starter,2,15.0,30.0,2023-12-07,2023-12-08,Initial Signup
8014,104453,Starter,3,15.0,45.0,2023-12-08,2024-01-15,Seat Change
8015,104453,Growth,5,29.0,145.0,2024-01-15,,Upgrade
8016,104454,Starter,2,15.0,30.0,2021-07-19,2024-02-28,Initial Signup
8017,104454,Growth,5,29.0,145.0,2024-02-28,,Upgrade
8018,104455,Growth,6,29.0,174.0,2023-07-06,2023-07-17,Initial Signup
8019,104455,Starter,5,15.0,75.0,2023-07-17,,Downgrade
8020,104456,Starter,1,15.0,15.0,2021-09-26,,Initial Signup
8021,104457,Starter,2,15.0,30.0,2021-04-23,2022-05-25,Initial Signup
8022,104457,Starter,3,15.0,45.0,2022-05-25,2022-09-21,Seat Change
8023,104457,Starter,3,15.0,45.0,2022-09-21,2024-04-29,Renewal
8024,104457,Growth,5,29.0,145.0,2024-04-29,2024-05-02,Upgrade
8025,104457,Growth,7,29.0,203.0,2024-05-02,,Seat Change
8026,104458,Growth,13,29.0,377.0,2023-03-22,,Initial Signup
8027,104459,Pro,56,49.0,2744.0,2021-02-03,,Initial Signup
8028,104460,Growth,16,29.0,464.0,2021-10-27,2024-03-24,Initial Signup
8029,104460,Growth,16,29.0,464.0,2024-03-24,,Renewal
8030,104461,Starter,2,15.0,30.0,2023-04-14,,Initial Signup
8031,104462,Growth,8,29.0,232.0,2022-06-21,,Initial Signup
8032,104463,Starter,1,15.0,15.0,2022-01-06,,Initial Signup
8033,104464,Growth,13,29.0,377.0,2021-09-22,2023-09-03,Initial Signup
8034,104464,Growth,13,29.0,377.0,2023-09-03,,Renewal
8035,104465,Growth,13,29.0,377.0,2021-02-09,,Initial Signup
8036,104466,Starter,1,15.0,15.0,2024-11-20,,Initial Signup
8037,104467,Starter,2,15.0,30.0,2021-05-08,2024-12-14,Initial Signup
8038,104467,Growth,5,29.0,145.0,2024-12-14,,Upgrade
8039,104468,Growth,7,29.0,203.0,2021-07-27,2024-05-23,Initial Signup
8040,104468,Growth,8,29.0,232.0,2024-05-23,2024-12-06,Seat Change
8041,104468,Growth,7,29.0,203.0,2024-12-06,,Seat Change
8042,104469,Starter,1,15.0,15.0,2021-06-20,,Initial Signup
8043,104470,Starter,2,15.0,30.0,2023-11-13,,Initial Signup
8044,104471,Starter,1,15.0,13.01,2022-12-13,2024-05-02,Initial Signup
8045,104471,Growth,5,29.0,145.0,2024-05-02,2024-09-29,Upgrade
8046,104471,Starter,5,15.0,75.0,2024-09-29,,Downgrade
8047,104472,Growth,5,29.0,145.0,2021-11-01,,Initial Signup
8048,104473,Starter,3,15.0,45.0,2024-05-09,,Initial Signup
8049,104474,Starter,3,15.0,40.93,2021-02-23,,
8050,104475,Growth,5,29.0,145.0,2023-10-24,2024-07-27,Initial Signup
8051,104475,Growth,7,29.0,203.0,2024-07-27,,Seat Change
8052,104476,Starter,1,15.0,15.0,2021-02-28,,Initial Signup
8053,104477,Growth,20,29.0,580.0,2021-10-03,2022-07-17,Initial Signup
8054,104477,Growth,17,29.0,493.0,2022-07-17,2023-01-11,Seat Change
8055,104477,Pro,20,49.0,855.87,2023-01-11,,Upgrade
8056,104478,Starter,3,15.0,45.0,2021-02-08,2023-04-05,Initial Signup
8057,104478,Starter,3,15.0,45.0,2023-04-05,,Renewal
8058,104479,Growth,9,29.0,261.0,2024-12-22,,Initial Signup
8059,104480,Growth,13,29.0,377.0,2023-12-11,,Initial Signup
8060,104481,Pro,93,49.0,4557.0,2022-04-07,2023-01-31,Initial Signup
8061,104481,Pro,100,49.0,4900.0,2023-01-31,,Seat Change
8062,104482,Pro,21,49.0,927.27,2021-06-08,2023-05-10,Initial Signup
8063,104482,Growth,20,29.0,580.0,2023-05-10,,Downgrade
8064,104483,Pro,22,49.0,1078.0,2021-07-26,,Initial Signup
8065,104484,Growth,14,29.0,406.0,2021-11-25,,Initial Signup
8066,104485,Growth,12,29.0,348.0,2021-08-01,2024-02-13,Initial Signup
8067,104485,Growth,15,29.0,435.0,2024-02-13,,Seat Change
8068,104486,Pro,34,49.0,1448.46,2021-01-24,,Initial Signup
8069,104487,Growth,8,29.0,232.0,2022-07-16,2024-03-26,Initial Signup
8070,104487,Pro,20,49.0,980.0,2024-03-26,,Upgrade
8071,104488,Growth,6,29.0,174.0,2022-05-24,2023-03-09,Initial Signup
8072,104488,Pro,20,49.0,980.0,2023-03-09,,Upgrade
8073,104489,Growth,11,29.0,319.0,2023-11-18,2024-01-21,Initial Signup
8074,104489,Growth,12,29.0,348.0,2024-01-21,,Seat Change
8075,104490,Starter,2,15.0,30.0,2021-12-20,,Initial Signup
8076,104491,Starter,1,15.0,13.49,2021-09-17,2024-02-27,Initial Signup
8077,104491,Starter,2,15.0,30.0,2024-02-27,,Seat Change
8078,104492,Starter,1,15.0,15.0,2022-01-21,,Initial Signup
8079,104493,Starter,1,15.0,15.0,2021-05-23,2024-07-19,Initial Signup
8080,104493,Growth,5,29.0,145.0,2024-07-19,,Upgrade
8081,104494,Pro,40,49.0,1960.0,2022-06-15,2023-09-20,Initial Signup
8082,104494,Enterprise,95,31.83,3023.85,2023-09-20,,Upgrade
8083,104495,Starter,2,15.0,30.0,2022-12-04,,Initial Signup
8084,104496,Growth,5,29.0,145.0,2021-04-03,2021-10-19,Initial Signup
8085,104496,Pro,20,49.0,980.0,2021-10-19,2022-09-03,Upgrade
8086,104496,Enterprise,58,29.86,1731.88,2022-09-03,2022-12-05,Upgrade
8087,104496,Enterprise,50,29.86,1493.0,2022-12-05,,Seat Change
8088,104497,Pro,59,49.0,2891.0,2021-08-12,,Initial Signup
8089,104498,Growth,6,29.0,161.91,2023-08-14,,Initial Signup
8090,104499,Starter,1,15.0,15.0,2022-01-25,2022-07-09,Initial Signup
8091,104499,Starter,2,15.0,30.0,2022-07-09,2022-07-26,Seat Change
8092,104499,Growth,5,29.0,145.0,2022-07-26,,Upgrade
8093,104500,Starter,2,15.0,30.0,2022-02-01,2022-02-25,Initial Signup
8094,104500,Growth,5,29.0,145.0,2022-02-25,2022-03-29,Upgrade
8095,104500,Growth,5,29.0,145.0,2022-03-29,,Renewal
8096,104501,Pro,24,49.0,1176.0,2022-10-25,2024-05-02,Initial Signup
8097,104501,Enterprise,51,30.28,1544.28,2024-05-02,,Upgrade
8098,104502,Starter,2,15.0,30.0,2022-04-02,,Initial Signup
8099,104503,Starter,1,15.0,15.0,2021-02-14,,Initial Signup
8100,104504,Starter,5,15.0,75.0,2023-03-12,2024-05-06,Initial Signup
8101,104504,Growth,5,29.0,145.0,2024-05-06,,Upgrade
8102,104505,Growth,13,29.0,377.0,2023-12-16,2024-02-17,Initial Signup
8103,104505,Pro,20,49.0,980.0,2024-02-17,2024-02-19,Upgrade
8104,104505,Enterprise,50,37.24,1862.0,2024-02-19,,Upgrade
8105,104506,Growth,16,29.0,464.0,2021-02-02,,Initial Signup
8106,104507,Starter,2,15.0,30.0,2021-03-22,2021-04-09,Initial Signup
8107,104507,Growth,5,29.0,145.0,2021-04-09,2021-05-26,Upgrade
8108,104507,Pro,20,49.0,980.0,2021-05-26,,Upgrade
8109,104508,Starter,4,15.0,60.0,2022-09-04,,Initial Signup
8110,104509,Pro,22,49.0,1019.65,2022-05-22,2023-02-24,Initial Signup
8111,104509,Pro,22,49.0,1078.0,2023-02-24,,Renewal
8112,104510,Starter,1,15.0,15.0,2021-10-16,,Initial Signup
8113,104511,Growth,8,29.0,232.0,2022-02-25,,Initial Signup
8114,104512,Growth,5,29.0,145.0,2022-09-28,2024-01-25,Initial Signup
8115,104512,Pro,20,49.0,980.0,2024-01-25,,Upgrade
8116,104513,Starter,1,15.0,13.17,2022-01-24,2022-10-20,Initial Signup
8117,104513,Starter,1,15.0,15.0,2022-10-20,,Renewal
8118,104514,Growth,14,29.0,406.0,2021-04-13,2023-10-05,Initial Signup
8119,104514,Pro,20,49.0,980.0,2023-10-05,2024-05-23,Upgrade
8120,104514,Enterprise,50,42.75,2137.5,2024-05-23,2024-08-02,Upgrade
8121,104514,Pro,27,49.0,1323.0,2024-08-02,,Downgrade
8122,104515,Pro,51,49.0,2499.0,2021-02-12,2023-02-10,Initial Signup
8123,104515,Enterprise,110,26.87,2955.7,2023-02-10,,Upgrade
8124,104516,Pro,23,49.0,1127.0,2021-11-19,2023-02-14,Initial Signup
8125,104516,Pro,23,49.0,1127.0,2023-02-14,2023-04-06,Renewal
8126,104516,Enterprise,50,34.95,1747.5,2023-04-06,2024-09-20,Upgrade
8127,104516,Enterprise,65,34.95,2271.75,2024-09-20,,Seat Change
8128,104517,Enterprise,478,27.82,13297.96,2023-12-19,,Initial Signup
8129,104518,Growth,5,29.0,145.0,2022-03-23,,Initial Signup
8130,104519,Starter,4,15.0,60.0,2021-09-14,2022-02-14,Initial Signup
8131,104519,Starter,5,15.0,75.0,2022-02-14,,Seat Change
8132,104520,Pro,38,49.0,1862.0,2023-11-13,2024-09-28,Initial Signup
8133,104520,Growth,20,29.0,580.0,2024-09-28,2024-11-16,Downgrade
8134,104520,Starter,5,15.0,75.0,2024-11-16,,Downgrade
8135,104521,Starter,2,15.0,30.0,2021-10-04,,Initial Signup
8136,104522,Growth,10,29.0,290.0,2022-01-05,2023-02-14,Initial Signup
8137,104522,Growth,10,29.0,269.27,2023-02-14,2024-02-17,Renewal
8138,104522,Growth,10,29.0,290.0,2024-02-17,,Renewal
8139,104523,Growth,11,29.0,319.0,2021-03-24,2021-09-08,Initial Signup
8140,104523,Starter,5,15.0,75.0,2021-09-08,,Downgrade
8141,104524,Starter,1,15.0,15.0,2022-11-28,2022-12-14,Initial Signup
8142,104524,Growth,5,29.0,145.0,2022-12-14,2023-02-01,Upgrade
8143,104524,Starter,5,15.0,75.0,2023-02-01,,Downgrade
8144,104525,Starter,1,15.0,12.88,2022-09-17,,Initial Signup
8145,104526,Starter,3,15.0,45.0,2023-02-10,2024-11-09,Initial Signup
8146,104526,Growth,5,29.0,145.0,2024-11-09,,Upgrade
8147,104527,Growth,7,29.0,203.0,2021-08-02,,Initial Signup
8148,104528,Starter,2,15.0,27.92,2021-11-02,,Initial Signup
8149,104529,Starter,1,15.0,15.0,2021-04-19,,Initial Signup
8150,104530,Starter,2,15.0,30.0,2024-07-18,,Initial Signup
8151,104531,Pro,21,49.0,963.27,2021-02-08,,Initial Signup
8152,104532,Starter,3,15.0,45.0,2022-07-06,2022-07-08,Initial Signup
8153,104532,Growth,5,29.0,145.0,2022-07-08,,Upgrade
8154,104533,Starter,2,15.0,30.0,2022-09-02,2024-02-16,Initial Signup
8155,104533,Starter,1,15.0,15.0,2024-02-16,,Seat Change
8156,104534,Growth,5,29.0,136.47,2021-04-20,,Initial Signup
8157,104535,Growth,8,29.0,232.0,2021-09-17,2022-02-23,Initial Signup
8158,104535,Growth,8,29.0,232.0,2022-02-23,2023-11-12,Renewal
8159,104535,Pro,20,49.0,980.0,2023-11-12,,Upgrade
8160,104536,Starter,1,15.0,15.0,2021-01-10,,Initial Signup
8161,104537,Growth,9,29.0,261.0,2022-03-21,,Initial Signup
8162,104538,Growth,5,29.0,145.0,2024-12-24,,Initial Signup
8163,104539,Growth,9,29.0,261.0,2021-11-15,2024-06-02,Initial Signup
8164,104539,Growth,7,29.0,203.0,2024-06-02,,Seat Change
8165,104540,Starter,1,15.0,15.0,2024-11-08,,Initial Signup
8166,104541,Starter,4,15.0,55.71,2021-03-01,2021-07-23,Initial Signup
8167,104541,Starter,4,15.0,60.0,2021-07-23,2022-01-01,Renewal
8168,104541,Starter,5,15.0,75.0,2022-01-01,,Seat Change
8169,104542,Starter,2,15.0,30.0,2021-10-23,2022-08-27,Initial Signup
8170,104542,Growth,5,29.0,145.0,2022-08-27,,Upgrade
8171,104543,Growth,10,29.0,290.0,2023-11-17,2024-10-20,Initial Signup
8172,104543,Growth,8,29.0,232.0,2024-10-20,,Seat Change
8173,104544,Starter,1,15.0,15.0,2023-09-10,2023-10-02,Initial Signup
8174,104544,Growth,5,29.0,128.43,2023-10-02,,Upgrade
8175,104545,Growth,11,29.0,319.0,2021-08-01,2022-03-19,Initial Signup
8176,104545,Growth,11,29.0,319.0,2022-03-19,2023-11-05,Renewal
8177,104545,Growth,11,29.0,319.0,2023-11-05,,Renewal
8178,104546,Growth,5,29.0,145.0,2022-08-23,,Initial Signup
8179,104547,Starter,3,15.0,45.0,2023-09-26,2023-10-22,Initial Signup
8180,104547,Starter,4,15.0,60.0,2023-10-22,2024-03-17,Seat Change
8181,104547,Growth,5,29.0,145.0,2024-03-17,2024-12-06,Upgrade
8182,104547,Growth,7,29.0,203.0,2024-12-06,,Seat Change
8183,104548,Growth,11,29.0,319.0,2022-12-14,2024-02-25,Initial Signup
8184,104548,Growth,11,29.0,319.0,2024-02-25,2024-04-04,Renewal
8185,104548,Growth,9,29.0,261.0,2024-04-04,2024-11-15,Seat Change
8186,104548,Growth,9,29.0,261.0,2024-11-15,2024-12-14,Renewal
8187,104548,Starter,5,15.0,75.0,2024-12-14,,Downgrade
8188,104549,Growth,12,29.0,348.0,2022-06-08,2023-11-07,Initial Signup
8189,104549,Growth,12,29.0,334.06,2023-11-07,2024-02-25,Renewal
8190,104549,Growth,12,29.0,348.0,2024-02-25,,Renewal
8191,104550,Pro,72,49.0,3528.0,2021-04-18,,Initial Signup
8192,104551,Starter,4,15.0,60.0,2021-02-25,,Initial Signup
8193,104552,Growth,7,29.0,203.0,2022-05-17,,Initial Signup
8194,104553,Growth,9,29.0,261.0,2022-01-01,,Initial Signup
8195,104554,Growth,5,29.0,145.0,2021-06-06,2021-09-17,Initial Signup
8196,104554,Growth,7,29.0,203.0,2021-09-17,2021-11-19,Seat Change
8197,104554,Growth,6,29.0,156.78,2021-11-19,,Seat Change
8198,104555,Starter,3,15.0,45.0,2021-08-03,,Initial Signup
8199,104556,Starter,3,15.0,45.0,2021-10-12,2021-11-19,Initial Signup
8200,104556,Growth,5,29.0,145.0,2021-11-19,,Upgrade
8201,104557,Starter,4,15.0,60.0,2021-12-13,,Initial Signup
8202,104558,Growth,5,29.0,145.0,2021-10-15,,Initial Signup
8203,104559,Pro,24,49.0,1176.0,2021-10-22,2022-10-06,Initial Signup
8204,104559,Growth,20,29.0,580.0,2022-10-06,,Downgrade
8205,104560,Starter,1,15.0,15.0,2021-03-04,2021-04-02,Initial Signup
8206,104560,Growth,5,29.0,145.0,2021-04-02,2021-05-31,Upgrade
8207,104560,Growth,6,29.0,174.0,2021-05-31,,Seat Change
8208,104561,Growth,17,29.0,493.0,2023-08-27,,Initial Signup
8209,104562,Starter,1,15.0,15.0,2022-05-08,,Initial Signup
8210,104563,Starter,1,15.0,15.0,2021-04-15,2021-10-05,Initial Signup
8211,104563,Growth,5,29.0,145.0,2021-10-05,,Upgrade
8212,104564,Growth,9,29.0,261.0,2021-11-06,,Initial Signup
8213,104565,Growth,6,29.0,174.0,2021-10-10,2022-12-20,Initial Signup
8214,104565,Pro,20,49.0,980.0,2022-12-20,,Upgrade
8215,104566,Growth,5,29.0,145.0,2022-05-24,,Initial Signup
8216,104567,Pro,24,49.0,1176.0,2022-05-02,2023-02-26,Initial Signup
8217,104567,Pro,26,49.0,1274.0,2023-02-26,2024-11-10,Seat Change
8218,104567,Pro,32,49.0,1568.0,2024-11-10,,Seat Change
8219,104568,Starter,1,15.0,15.0,2022-07-14,,Initial Signup
8220,104569,Growth,16,29.0,464.0,2022-09-17,,Initial Signup
8221,104570,Pro,93,49.0,4557.0,2021-03-16,,Initial Signup
8222,104571,Growth,18,29.0,522.0,2021-08-11,2024-07-30,Initial Signup
8223,104571,Pro,20,49.0,890.76,2024-07-30,,Upgrade
8224,104572,Enterprise,134,23.71,3177.14,2021-01-11,,Initial Signup
8225,104573,Growth,13,29.0,377.0,2021-11-26,2023-03-05,Initial Signup
8226,104573,Growth,14,29.0,406.0,2023-03-05,,Seat Change
8227,104574,Pro,28,49.0,1372.0,2021-11-07,,Initial Signup
8228,104575,Starter,2,15.0,27.59,2022-11-14,,Initial Signup
8229,104576,Growth,15,29.0,435.0,2021-04-11,,Initial Signup
8230,104577,Starter,4,15.0,60.0,2022-06-22,,Initial Signup
8231,104578,Starter,1,15.0,15.0,2021-08-23,2021-12-23,Initial Signup
8232,104578,Growth,5,29.0,145.0,2021-12-23,2023-10-02,Upgrade
8233,104578,Growth,5,29.0,145.0,2023-10-02,,Renewal
8234,104579,Starter,1,15.0,15.0,2021-10-24,2021-10-31,Initial Signup
8235,104579,Starter,2,15.0,30.0,2021-10-31,2021-11-09,Seat Change
8236,104579,Growth,5,29.0,145.0,2021-11-09,2022-01-29,Upgrade
8237,104579,Growth,6,29.0,158.37,2022-01-29,,Seat Change
8238,104580,Starter,4,15.0,60.0,2022-10-03,,Initial Signup
8239,104581,Enterprise,145,26.09,3783.05,2021-02-03,,Initial Signup
8240,104582,Starter,1,15.0,15.0,2021-09-11,,Initial Signup
8241,104583,Starter,4,15.0,60.0,2021-10-13,,Initial Signup
8242,104584,Growth,5,29.0,145.0,2022-10-02,,Initial Signup
8243,104585,Growth,17,29.0,493.0,2021-05-26,2022-02-03,Initial Signup
8244,104585,Growth,17,29.0,493.0,2022-02-03,2023-05-13,Renewal
8245,104585,Pro,20,49.0,980.0,2023-05-13,,Upgrade
8246,104586,Starter,4,15.0,60.0,2024-04-26,,Initial Signup
8247,104587,Growth,8,29.0,232.0,2024-12-12,,Initial Signup
8248,104588,Starter,1,15.0,14.15,2023-04-22,2023-07-12,Initial Signup
8249,104588,Starter,1,15.0,15.0,2023-07-12,,Renewal
8250,104589,Starter,1,15.0,15.0,2021-08-16,,Initial Signup
8251,104590,Enterprise,291,36.21,10537.11,2022-08-19,,Initial Signup
8252,104591,Growth,5,29.0,145.0,2021-02-25,2021-05-12,Initial Signup
8253,104591,Pro,20,49.0,980.0,2021-05-12,,Upgrade
8254,104592,Growth,6,29.0,174.0,2023-08-03,2023-09-13,Initial Signup
8255,104592,Growth,6,29.0,174.0,2023-09-13,2023-10-17,Renewal
8256,104592,Starter,5,15.0,75.0,2023-10-17,2024-03-30,Downgrade
8257,104592,Starter,4,15.0,60.0,2024-03-30,2024-10-18,Seat Change
8258,104592,Growth,5,29.0,145.0,2024-10-18,,Upgrade
8259,104593,Starter,4,15.0,60.0,2022-01-07,2022-08-06,Initial Signup
8260,104593,Starter,3,15.0,45.0,2022-08-06,,Seat Change
8261,104594,Starter,2,15.0,30.0,2021-05-12,,Initial Signup
8262,104595,Starter,1,15.0,15.0,2021-08-26,2022-02-14,Initial Signup
8263,104595,Growth,5,29.0,145.0,2022-02-14,,Upgrade
8264,104596,Starter,3,15.0,45.0,2023-02-17,2023-10-05,Initial Signup
8265,104596,Starter,2,15.0,30.0,2023-10-05,,Seat Change
8266,104597,Growth,15,29.0,435.0,2023-08-12,,Initial Signup
8267,104598,Pro,21,49.0,1029.0,2022-01-01,,
8268,104599,Growth,8,29.0,232.0,2021-12-17,,Initial Signup
8269,104600,Starter,2,15.0,30.0,2022-11-08,,Initial Signup
8270,104601,Growth,6,29.0,174.0,2023-04-10,,Initial Signup
8271,104602,Pro,83,49.0,4067.0,2022-12-28,,Initial Signup
8272,104603,Growth,8,29.0,232.0,2021-10-15,,Initial Signup
8273,104604,Pro,63,49.0,3087.0,2022-07-04,,Initial Signup
8274,104605,Growth,19,29.0,551.0,2023-07-02,,Initial Signup
8275,104606,Pro,34,49.0,1666.0,2021-04-11,,Initial Signup
8276,104607,Pro,24,49.0,1040.6,2021-10-02,,Initial Signup
8277,104608,Starter,1,15.0,15.0,2021-02-13,2022-10-24,Initial Signup
8278,104608,Starter,2,15.0,30.0,2022-10-24,,Seat Change
8279,104609,Starter,3,15.0,45.0,2021-10-12,,Initial Signup
8280,104610,Pro,43,49.0,2107.0,2022-12-25,2024-04-23,Initial Signup
8281,104610,Pro,46,49.0,2254.0,2024-04-23,,Seat Change
8282,104611,Starter,1,15.0,15.0,2021-05-10,2024-12-24,Initial Signup
8283,104611,Starter,2,15.0,30.0,2024-12-24,,Seat Change
8284,104612,Starter,3,15.0,45.0,2022-02-08,2023-08-15,Initial Signup
8285,104612,Starter,4,15.0,60.0,2023-08-15,,Seat Change
8286,104613,Growth,16,29.0,464.0,2021-01-18,2021-02-10,Initial Signup
8287,104613,Pro,20,49.0,980.0,2021-02-10,2021-03-09,Upgrade
8288,104613,Enterprise,51,27.11,1382.61,2021-03-09,,Upgrade
8289,104614,Starter,2,15.0,30.0,2023-10-18,,Initial Signup
8290,104615,Pro,21,49.0,1029.0,2023-04-02,2023-05-08,Initial Signup
8291,104615,Enterprise,50,40.09,2004.5,2023-05-08,,Upgrade
8292,104616,Starter,4,15.0,60.0,2022-01-03,2022-08-30,Initial Signup
8293,104616,Starter,4,15.0,60.0,2022-08-30,2023-02-25,Renewal
8294,104616,Growth,5,29.0,145.0,2023-02-25,2024-03-08,Upgrade
8295,104616,Pro,20,49.0,980.0,2024-03-08,,Upgrade
8296,104617,Growth,13,29.0,377.0,2022-09-05,2022-10-23,Initial Signup
8297,104617,Pro,20,49.0,980.0,2022-10-23,2023-10-10,Upgrade
8298,104617,Growth,20,29.0,580.0,2023-10-10,,Downgrade
8299,104618,Starter,1,15.0,15.0,2021-03-22,,Initial Signup
8300,104619,Starter,3,15.0,40.87,2023-06-06,2023-07-20,Initial Signup
8301,104619,Starter,2,15.0,30.0,2023-07-20,2024-05-06,Seat Change
8302,104619,Starter,1,15.0,15.0,2024-05-06,2024-06-30,Seat Change
8303,104619,Starter,2,15.0,30.0,2024-06-30,2024-09-07,Seat Change
8304,104619,Starter,1,15.0,15.0,2024-09-07,,Seat Change
8305,104620,Growth,5,29.0,145.0,2022-10-28,2022-11-06,Initial Signup
8306,104620,Starter,4,15.0,60.0,2022-11-06,,Downgrade
8307,104621,Pro,20,49.0,980.0,2021-03-13,,Initial Signup
8308,104622,Starter,1,15.0,15.0,2024-09-27,2024-12-24,Initial Signup
8309,104622,Starter,2,15.0,30.0,2024-12-24,,Seat Change
8310,104623,Starter,3,15.0,45.0,2021-01-07,,Initial Signup
8311,104624,Pro,60,49.0,2940.0,2022-06-12,2023-10-04,Initial Signup
8312,104624,Pro,47,49.0,2303.0,2023-10-04,,Seat Change
8313,104625,Pro,84,49.0,4116.0,2021-05-04,2022-06-05,Initial Signup
8314,104625,Enterprise,152,44.8,6809.6,2022-06-05,2022-11-03,Upgrade
8315,104625,Enterprise,182,,7473.37,2022-11-03,2022-11-16,Seat Change
8316,104625,Enterprise,202,44.8,9049.6,2022-11-16,,Seat Change
8317,104626,Growth,8,29.0,232.0,2022-10-24,2023-08-25,Initial Signup
8318,104626,Growth,8,29.0,223.76,2023-08-25,,Renewal
8319,104627,Growth,16,29.0,464.0,2021-02-17,2022-11-02,Initial Signup
8320,104627,Pro,20,49.0,919.24,2022-11-02,,Upgrade
8321,104628,Growth,6,29.0,174.0,2021-02-03,2021-12-12,Initial Signup
8322,104628,Pro,20,49.0,980.0,2021-12-12,2023-02-01,Upgrade
8323,104628,Pro,25,49.0,1225.0,2023-02-01,,Seat Change
8324,104629,Starter,4,15.0,60.0,2021-12-21,,Initial Signup
8325,104630,Pro,26,49.0,1274.0,2024-12-25,,Initial Signup
8326,104631,Growth,9,29.0,261.0,2021-07-20,2022-06-12,Initial Signup
8327,104631,Growth,9,29.0,261.0,2022-06-12,2023-07-04,Renewal
8328,104631,Growth,9,29.0,239.09,2023-07-04,,Renewal
8329,104632,Starter,1,15.0,15.0,2022-05-23,2022-07-16,Initial Signup
8330,104632,Starter,2,15.0,30.0,2022-07-16,2024-05-17,Seat Change
8331,104632,Growth,5,29.0,145.0,2024-05-17,,Upgrade
8332,104633,Starter,4,15.0,60.0,2022-01-08,2022-02-14,Initial Signup
8333,104633,Starter,5,15.0,75.0,2022-02-14,2022-04-02,Seat Change
8334,104633,Starter,4,15.0,60.0,2022-04-02,2022-04-13,Seat Change
8335,104633,Growth,5,29.0,145.0,2022-04-13,,Upgrade
8336,104634,Starter,3,15.0,45.0,2023-06-13,2023-10-28,Initial Signup
8337,104634,Starter,3,15.0,45.0,2023-10-28,,Renewal
8338,104635,Starter,4,15.0,60.0,2021-07-24,2021-11-11,Initial Signup
8339,104635,Growth,5,29.0,145.0,2021-11-11,,Upgrade
8340,104636,Starter,4,15.0,60.0,2022-03-18,2023-07-08,Initial Signup
8341,104636,Growth,5,29.0,145.0,2023-07-08,,Upgrade
8342,104637,Starter,5,15.0,75.0,2024-04-18,2024-05-31,Initial Signup
8343,104637,Starter,4,15.0,60.0,2024-05-31,,Seat Change
8344,104638,Starter,1,15.0,15.0,2021-08-22,2022-01-09,Initial Signup
8345,104638,Starter,1,15.0,15.0,2022-01-09,2022-05-23,Renewal
8346,104638,Starter,1,15.0,15.0,2022-05-23,2024-12-07,Renewal
8347,104638,Starter,2,15.0,30.0,2024-12-07,,Seat Change
8348,104639,Starter,5,15.0,75.0,2021-11-18,,Initial Signup
8349,104640,Growth,17,29.0,493.0,2023-10-04,2024-02-01,Initial Signup
8350,104640,Growth,17,29.0,493.0,2024-02-01,,Renewal
8351,104641,Starter,1,15.0,15.0,2021-08-06,,Initial Signup
8352,104642,Starter,5,15.0,75.0,2021-10-22,2023-03-11,Initial Signup
8353,104642,Starter,4,15.0,60.0,2023-03-11,2023-08-07,Seat Change
8354,104642,Starter,5,15.0,75.0,2023-08-07,,Seat Change
8355,104643,Starter,1,15.0,13.29,2021-08-07,2023-11-03,Initial Signup
8356,104643,Growth,5,29.0,145.0,2023-11-03,,Upgrade
8357,104644,Starter,1,15.0,15.0,2023-03-19,,Initial Signup
8358,104645,Starter,1,15.0,15.0,2024-01-14,2024-03-30,Initial Signup
8359,104645,Growth,5,29.0,145.0,2024-03-30,,Upgrade
8360,104646,Pro,79,49.0,3871.0,2022-06-18,2022-11-30,Initial Signup
8361,104646,Enterprise,150,30.9,4635.0,2022-11-30,,Upgrade
8362,104647,Enterprise,527,43.2,22766.4,2022-06-07,2022-11-06,Initial Signup
8363,104647,Pro,100,49.0,4702.29,2022-11-06,2024-03-24,Downgrade
8364,104647,Pro,96,49.0,4704.0,2024-03-24,2024-10-25,Seat Change
8365,104647,Pro,96,49.0,4704.0,2024-10-25,2024-12-30,Renewal
8366,104647,Enterprise,207,28.27,5534.15,2024-12-30,,Upgrade
8367,104648,Starter,3,15.0,45.0,2021-10-09,2022-11-28,Initial Signup
8368,104648,Growth,5,29.0,145.0,2022-11-28,2023-12-22,Upgrade
8369,104648,Pro,20,49.0,980.0,2023-12-22,2024-01-08,Upgrade
8370,104648,Pro,23,49.0,1127.0,2024-01-08,,Seat Change
8371,104649,Growth,7,29.0,203.0,2021-01-20,,Initial Signup
8372,104650,Growth,6,29.0,174.0,2021-05-05,2022-02-06,Initial Signup
8373,104650,Growth,7,29.0,203.0,2022-02-06,,Seat Change
8374,104651,Starter,1,15.0,15.0,2021-04-09,2021-11-29,Initial Signup
8375,104651,Starter,2,15.0,28.61,2021-11-29,,Seat Change
8376,104652,Growth,19,29.0,551.0,2021-03-28,2021-07-15,Initial Signup
8377,104652,Growth,19,29.0,551.0,2021-07-15,2024-02-11,Renewal
8378,104652,Growth,19,29.0,502.18,2024-02-11,,Renewal
8379,104653,Starter,1,15.0,15.0,2022-07-05,2022-07-07,Initial Signup
8380,104653,Growth,5,29.0,145.0,2022-07-07,2024-11-19,Upgrade
8381,104653,Growth,5,29.0,145.0,2024-11-19,,Renewal
8382,104654,Starter,3,15.0,45.0,2021-04-17,2021-05-03,Initial Signup
8383,104654,Starter,2,15.0,30.0,2021-05-03,,Seat Change
8384,104655,Pro,63,49.0,3087.0,2021-02-05,2021-03-23,Initial Signup
8385,104655,Pro,70,49.0,3430.0,2021-03-23,2021-04-26,Seat Change
8386,104655,Pro,79,49.0,3871.0,2021-04-26,,Seat Change
8387,104656,Starter,4,15.0,60.0,2021-10-20,,Initial Signup
8388,104657,Growth,19,29.0,551.0,2021-06-04,,Initial Signup
8389,104658,Starter,1,15.0,15.0,2021-04-17,2024-03-10,Initial Signup
8390,104658,Starter,2,15.0,30.0,2024-03-10,,Seat Change
8391,104659,Growth,12,29.0,348.0,2021-04-13,,Initial Signup
8392,104660,Starter,4,15.0,60.0,2021-07-20,2021-08-18,Initial Signup
8393,104660,Starter,5,15.0,75.0,2021-08-18,2021-09-22,Seat Change
8394,104660,Growth,5,29.0,145.0,2021-09-22,,Upgrade
8395,104661,Growth,5,29.0,136.66,2022-02-01,2024-06-26,Initial Signup
8396,104661,Pro,20,49.0,980.0,2024-06-26,,Upgrade
8397,104662,Starter,4,15.0,60.0,2022-12-15,2023-04-06,Initial Signup
8398,104662,Growth,5,29.0,145.0,2023-04-06,,Upgrade
8399,104663,Starter,4,15.0,60.0,2023-07-16,,Initial Signup
8400,104664,Starter,1,15.0,15.0,2022-11-07,2022-12-19,Initial Signup
8401,104664,Growth,5,29.0,145.0,2022-12-19,2023-06-16,Upgrade
8402,104664,Growth,6,29.0,174.0,2023-06-16,2024-04-23,Seat Change
8403,104664,Pro,20,49.0,980.0,2024-04-23,2024-08-19,Upgrade
8404,104664,Enterprise,50,36.99,1849.5,2024-08-19,,Upgrade
8405,104665,Starter,1,15.0,15.0,2022-06-09,2022-10-07,Initial Signup
8406,104665,Starter,2,15.0,30.0,2022-10-07,2022-12-04,Seat Change
8407,104665,Growth,5,29.0,145.0,2022-12-04,2022-12-09,Upgrade
8408,104665,Pro,20,49.0,980.0,2022-12-09,2024-12-11,Upgrade
8409,104665,Enterprise,50,29.88,1494.0,2024-12-11,,Upgrade
8410,104666,Growth,5,29.0,145.0,2023-11-20,,Initial Signup
8411,104667,Starter,1,15.0,15.0,2022-01-16,2023-10-05,Initial Signup
8412,104667,Starter,2,15.0,30.0,2023-10-05,,Seat Change
8413,104668,Starter,4,15.0,60.0,2022-06-17,,Initial Signup
8414,104669,Starter,2,15.0,30.0,2021-10-27,,Initial Signup
8415,104670,Starter,1,15.0,15.0,2021-08-12,,Initial Signup
8416,104671,Starter,2,15.0,30.0,2021-08-25,2022-03-12,Initial Signup
8417,104671,Starter,3,15.0,45.0,2022-03-12,2023-07-26,Seat Change
8418,104671,Starter,4,15.0,60.0,2023-07-26,,Seat Change
8419,104672,Starter,3,15.0,45.0,2021-04-28,2021-05-03,Initial Signup
8420,104672,Growth,5,29.0,145.0,2021-05-03,2023-10-28,Upgrade
8421,104672,Growth,5,29.0,145.0,2023-10-28,2024-12-20,Renewal
8422,104672,Pro,20,49.0,980.0,2024-12-20,,Upgrade
8423,104673,Starter,4,15.0,60.0,2023-02-17,2024-01-23,Initial Signup
8424,104673,Starter,4,15.0,60.0,2024-01-23,2024-05-21,Renewal
8425,104673,Starter,4,15.0,60.0,2024-05-21,,Renewal
8426,104674,Growth,9,29.0,261.0,2021-02-06,,Initial Signup
8427,104675,Growth,13,29.0,377.0,2022-08-12,,Initial Signup
8428,104676,Enterprise,50,38.41,1769.57,2023-08-02,2024-02-28,Initial Signup
8429,104676,Enterprise,62,38.41,2381.42,2024-02-28,2024-09-22,Seat Change
8430,104676,Enterprise,62,38.41,2381.42,2024-09-22,,Renewal
8431,104677,Starter,1,15.0,12.86,2021-12-20,2022-05-29,Initial Signup
8432,104677,Growth,5,29.0,145.0,2022-05-29,,Upgrade
8433,104678,Pro,20,49.0,980.0,2021-02-08,2022-12-07,Initial Signup
8434,104678,Growth,20,29.0,580.0,2022-12-07,,Downgrade
8435,104679,Growth,7,29.0,203.0,2021-11-26,,Initial Signup
8436,104680,Starter,1,15.0,15.0,2021-09-19,2023-11-01,Initial Signup
8437,104680,Starter,2,15.0,30.0,2023-11-01,,Seat Change
8438,104681,Starter,1,15.0,15.0,2024-10-14,,Initial Signup
8439,104682,Starter,3,15.0,45.0,2022-09-06,,Initial Signup
8440,104683,Growth,20,29.0,580.0,2022-10-03,,Initial Signup
8441,104684,Starter,1,15.0,15.0,2022-01-19,,Initial Signup
8442,104685,Growth,16,29.0,464.0,2022-10-22,,Initial Signup
8443,104686,Growth,5,29.0,145.0,2022-10-08,,Initial Signup
8444,104687,Starter,4,15.0,60.0,2021-02-01,,Initial Signup
8445,104688,Pro,20,49.0,980.0,2021-06-09,2022-06-09,Initial Signup
8446,104688,Growth,20,29.0,580.0,2022-06-09,,Downgrade
8447,104689,Pro,27,49.0,1323.0,2021-01-22,2023-01-09,Initial Signup
8448,104689,Enterprise,83,21.4,1776.2,2023-01-09,,Upgrade
8449,104690,Starter,2,15.0,30.0,2022-01-17,,Initial Signup
8450,104691,Starter,2,15.0,30.0,2023-09-03,,Initial Signup
8451,104692,Pro,49,49.0,2401.0,2022-05-04,2022-07-16,Initial Signup
8452,104692,Enterprise,121,,5300.29,2022-07-16,2022-08-20,Upgrade
8453,104692,Enterprise,126,23.93,3015.18,2022-08-20,2024-12-15,Seat Change
8454,104692,Enterprise,145,23.93,3469.85,2024-12-15,,Seat Change
8455,104693,Starter,2,15.0,30.0,2022-01-03,2022-11-05,Initial Signup
8456,104693,Starter,3,15.0,45.0,2022-11-05,2024-08-24,Seat Change
8457,104693,Growth,5,29.0,124.08,2024-08-24,,Upgrade
8458,104694,Growth,7,29.0,203.0,2024-01-22,,Initial Signup
8459,104695,Starter,1,15.0,15.0,2021-05-22,,Initial Signup
8460,104696,Growth,13,29.0,377.0,2021-02-12,2023-05-12,Initial Signup
8461,104696,Growth,12,29.0,348.0,2023-05-12,,Seat Change
8462,104697,Starter,1,15.0,15.0,2023-12-20,2024-02-04,Initial Signup
8463,104697,Growth,5,29.0,145.0,2024-02-04,2024-04-17,Upgrade
8464,104697,Growth,6,29.0,174.0,2024-04-17,,Seat Change
8465,104698,Growth,6,29.0,174.0,2023-11-01,2023-11-13,Initial Signup
8466,104698,Growth,6,29.0,174.0,2023-11-13,,Renewal
8467,104699,Growth,11,29.0,319.0,2022-09-16,2022-09-18,Initial Signup
8468,104699,Pro,20,49.0,980.0,2022-09-18,2023-06-12,Upgrade
8469,104699,Pro,30,49.0,1470.0,2023-06-12,2024-01-21,Seat Change
8470,104699,Enterprise,95,27.59,2621.05,2024-01-21,2024-12-25,Upgrade
8471,104699,Enterprise,94,27.59,2593.46,2024-12-25,,Seat Change
8472,104700,Starter,2,15.0,30.0,2021-06-08,2022-11-30,Initial Signup
8473,104700,Starter,2,15.0,30.0,2022-11-30,,Renewal
8474,104701,Starter,2,15.0,30.0,2024-08-23,,Initial Signup
8475,104702,Pro,29,49.0,1421.0,2022-12-14,2023-10-15,Initial Signup
8476,104702,Enterprise,107,20.3,2172.1,2023-10-15,,Upgrade
8477,104703,Starter,5,15.0,75.0,2022-08-24,,Initial Signup
8478,104704,Starter,4,15.0,60.0,2021-06-16,2023-03-09,Initial Signup
8479,104704,Starter,4,15.0,60.0,2023-03-09,2023-10-12,Renewal
8480,104704,Growth,5,29.0,145.0,2023-10-12,,Upgrade
8481,104705,Starter,1,15.0,15.0,2022-01-13,,Initial Signup
8482,104706,Growth,14,29.0,406.0,2023-04-27,,Initial Signup
8483,104707,Growth,6,29.0,160.04,2023-07-28,,Initial Signup
8484,104708,Growth,11,29.0,319.0,2022-03-13,,Initial Signup
8485,104709,Starter,2,15.0,30.0,2022-01-11,,Initial Signup
8486,104710,Growth,20,29.0,580.0,2022-09-19,,Initial Signup
8487,104711,Starter,1,15.0,15.0,2022-02-05,,Initial Signup
8488,104712,Pro,29,49.0,1220.85,2021-10-11,2021-10-31,Initial Signup
8489,104712,Pro,35,49.0,1715.0,2021-10-31,,Seat Change
8490,104713,Growth,18,29.0,522.0,2021-02-24,2021-03-10,Initial Signup
8491,104713,Starter,5,15.0,71.23,2021-03-10,,Downgrade
8492,104714,Starter,1,15.0,15.0,2021-03-26,2023-06-10,Initial Signup
8493,104714,Growth,5,29.0,145.0,2023-06-10,2023-12-17,Upgrade
8494,104714,Pro,20,49.0,980.0,2023-12-17,2024-11-24,Upgrade
8495,104714,Pro,24,49.0,1176.0,2024-11-24,,Seat Change
8496,104715,Starter,1,15.0,15.0,2022-12-12,,Initial Signup
8497,104716,Growth,7,29.0,203.0,2021-01-11,,Initial Signup
8498,104717,Starter,5,15.0,75.0,2021-02-25,2024-12-20,Initial Signup
8499,104717,Growth,5,29.0,145.0,2024-12-20,,Upgrade
8500,104718,Starter,2,15.0,30.0,2023-11-06,,Initial Signup
8501,104719,Starter,1,15.0,15.0,2022-09-02,,Initial Signup
8502,104720,Starter,1,15.0,15.0,2021-01-03,,Initial Signup
8503,104721,Growth,5,29.0,127.88,2021-08-04,2022-05-15,Initial Signup
8504,104721,Pro,20,49.0,980.0,2022-05-15,,Upgrade
8505,104722,Growth,5,29.0,145.0,2022-12-25,,Initial Signup
8506,104723,Growth,6,29.0,174.0,2021-10-02,,Initial Signup
8507,104724,Pro,62,49.0,3038.0,2021-12-10,,Initial Signup
8508,104725,Pro,22,49.0,1078.0,2021-11-17,2023-11-15,Initial Signup
8509,104725,Pro,22,49.0,1078.0,2023-11-15,,
8510,104726,Starter,2,15.0,30.0,2021-05-18,,Initial Signup
8511,104727,Starter,3,15.0,45.0,2022-10-24,,Initial Signup
8512,104728,Growth,9,29.0,261.0,2021-03-28,,Initial Signup
8513,104729,Growth,7,29.0,203.0,2022-01-12,2022-08-30,Initial Signup
8514,104729,Pro,20,49.0,980.0,2022-08-30,,Upgrade
8515,104730,Starter,2,15.0,30.0,2021-04-07,,Initial Signup
8516,104731,Pro,30,49.0,1470.0,2021-01-03,,Initial Signup
8517,104732,Pro,68,49.0,3332.0,2021-04-25,,Initial Signup
8518,104733,Enterprise,140,30.77,4307.8,2023-08-11,2024-03-09,Initial Signup
8519,104733,Enterprise,140,30.77,4307.8,2024-03-09,,Renewal
8520,104734,Starter,2,15.0,30.0,2021-05-26,2021-08-13,Initial Signup
8521,104734,Starter,3,15.0,42.56,2021-08-13,,Seat Change
8522,104735,Growth,13,29.0,377.0,2021-07-10,,Initial Signup
8523,104736,Starter,3,15.0,45.0,2021-04-22,,Initial Signup
8524,104737,Growth,11,29.0,319.0,2022-11-19,2024-06-18,Initial Signup
8525,104737,Starter,5,15.0,75.0,2024-06-18,2024-09-07,Downgrade
8526,104737,Starter,5,15.0,75.0,2024-09-07,,Renewal
8527,104738,Starter,1,15.0,15.0,2021-11-20,,Initial Signup
8528,104739,Growth,5,29.0,145.0,2024-03-19,2024-08-14,Initial Signup
8529,104739,Pro,20,49.0,980.0,2024-08-14,2024-12-18,Upgrade
8530,104739,Pro,26,49.0,1274.0,2024-12-18,,Seat Change
8531,104740,Growth,12,29.0,348.0,2022-08-09,,Initial Signup
8532,104741,Starter,2,15.0,30.0,2022-02-03,,Initial Signup
8533,104742,Starter,2,15.0,30.0,2022-07-01,2022-08-11,Initial Signup
8534,104742,Growth,5,29.0,145.0,2022-08-11,,Upgrade
8535,104743,Starter,2,15.0,30.0,2021-01-12,,Initial Signup
8536,104744,Starter,1,15.0,15.0,2024-04-25,,Initial Signup
8537,104745,Pro,57,49.0,2793.0,2024-05-18,,Initial Signup
8538,104746,Growth,14,29.0,406.0,2021-07-19,2022-01-23,Initial Signup
8539,104746,Pro,20,49.0,834.92,2022-01-23,2022-02-21,Upgrade
8540,104746,Enterprise,50,35.55,1777.5,2022-02-21,2023-02-20,Upgrade
8541,104746,Enterprise,69,35.55,2452.95,2023-02-20,,Seat Change
8542,104747,Starter,2,15.0,30.0,2022-06-08,2023-12-27,Initial Signup
8543,104747,Starter,3,15.0,45.0,2023-12-27,,Seat Change
8544,104748,Growth,16,29.0,464.0,2021-05-14,2021-07-31,Initial Signup
8545,104748,Growth,14,29.0,406.0,2021-07-31,,Seat Change
8546,104749,Starter,2,15.0,30.0,2022-02-12,,Initial Signup
8547,104750,Growth,8,29.0,232.0,2022-12-04,,Initial Signup
8548,104751,Enterprise,430,31.68,13622.4,2024-03-18,2024-04-05,Initial Signup
8549,104751,Enterprise,554,31.68,17550.72,2024-04-05,,Seat Change
8550,104752,Pro,51,49.0,2499.0,2021-09-11,,Initial Signup
8551,104753,Starter,3,15.0,45.0,2022-09-12,2022-10-27,Initial Signup
8552,104753,Starter,4,15.0,60.0,2022-10-27,2023-05-20,Seat Change
8553,104753,Starter,3,15.0,45.0,2023-05-20,,Seat Change
8554,104754,Pro,62,49.0,3038.0,2022-10-17,,Initial Signup
8555,104755,Growth,6,29.0,174.0,2021-06-01,,Initial Signup
8556,104756,Starter,2,15.0,30.0,2022-06-27,,Initial Signup
8557,104757,Pro,28,49.0,1372.0,2022-07-07,2022-07-13,Initial Signup
8558,104757,Pro,26,49.0,1274.0,2022-07-13,,Seat Change
8559,104758,Pro,38,49.0,1862.0,2022-12-20,2024-05-04,Initial Signup
8560,104758,Pro,47,49.0,2303.0,2024-05-04,,Seat Change
8561,104759,Starter,3,15.0,45.0,2024-12-22,,Initial Signup
8562,104760,Starter,1,15.0,15.0,2021-01-05,2022-12-20,Initial Signup
8563,104760,Starter,2,15.0,30.0,2022-12-20,,Seat Change
8564,104761,Growth,11,29.0,319.0,2021-05-07,2023-08-04,Initial Signup
8565,104761,Pro,20,49.0,980.0,2023-08-04,,Upgrade
8566,104762,Growth,9,29.0,261.0,2021-04-12,,Initial Signup
8567,104763,Starter,2,15.0,30.0,2021-04-23,2021-05-24,Initial Signup
8568,104763,Starter,2,15.0,30.0,2021-05-24,,Renewal
8569,104764,Pro,57,49.0,2793.0,2021-11-18,2023-02-23,Initial Signup
8570,104764,Enterprise,87,42.25,3359.0,2023-02-23,,Upgrade
8571,104765,Growth,7,29.0,203.0,2023-09-14,2024-11-29,Initial Signup
8572,104765,Pro,20,49.0,980.0,2024-11-29,,Upgrade
8573,104766,Growth,17,29.0,493.0,2021-11-24,,Initial Signup
8574,104767,Starter,3,15.0,45.0,2022-08-14,,Initial Signup
8575,104768,Pro,33,49.0,1617.0,2021-09-25,,Initial Signup
8576,104769,Growth,5,29.0,145.0,2021-08-22,2024-09-23,Initial Signup
8577,104769,Growth,6,29.0,174.0,2024-09-23,,Seat Change
8578,104770,Starter,1,15.0,15.0,2023-05-05,2024-03-05,Initial Signup
8579,104770,Growth,5,29.0,145.0,2024-03-05,,Upgrade
8580,104771,Starter,5,15.0,75.0,2022-07-11,,Initial Signup
8581,104772,Growth,8,29.0,232.0,2021-09-01,2022-03-24,Initial Signup
8582,104772,Growth,7,29.0,203.0,2022-03-24,2024-05-11,Seat Change
8583,104772,Growth,7,29.0,203.0,2024-05-11,,Renewal
8584,104773,Growth,5,29.0,139.2,2023-12-07,,Initial Signup
8585,104774,Starter,2,15.0,30.0,2021-12-01,,Initial Signup
8586,104775,Starter,3,15.0,45.0,2021-05-03,,Initial Signup
8587,104776,Starter,5,15.0,75.0,2021-12-01,,Initial Signup
8588,104777,Starter,1,15.0,12.82,2022-08-19,,Initial Signup
8589,104778,Pro,20,49.0,980.0,2021-09-12,2023-03-30,Initial Signup
8590,104778,Pro,27,49.0,1323.0,2023-03-30,,Seat Change
8591,104779,Starter,3,15.0,45.0,2023-06-14,2024-05-28,Initial Signup
8592,104779,Starter,4,15.0,60.0,2024-05-28,,Seat Change
8593,104780,Growth,5,29.0,145.0,2022-02-22,,Initial Signup
8594,104781,Starter,1,15.0,15.0,2021-12-23,2023-06-24,Initial Signup
8595,104781,Starter,2,15.0,30.0,2023-06-24,,Seat Change
8596,104782,Starter,1,15.0,15.0,2023-07-15,2024-09-16,Initial Signup
8597,104782,Starter,1,15.0,15.0,2024-09-16,,Renewal
8598,104783,Pro,23,49.0,1127.0,2021-12-13,2022-10-14,Initial Signup
8599,104783,Pro,23,49.0,1039.05,2022-10-14,,Renewal
8600,104784,Starter,3,15.0,45.0,2021-10-19,,Initial Signup
8601,104785,Starter,4,15.0,60.0,2021-03-12,2021-12-22,Initial Signup
8602,104785,Starter,3,15.0,45.0,2021-12-22,2024-01-03,Seat Change
8603,104785,Starter,4,15.0,57.4,2024-01-03,2024-12-27,Seat Change
8604,104785,Starter,3,15.0,45.0,2024-12-27,,Seat Change
8605,104786,Starter,2,15.0,30.0,2021-09-13,,Initial Signup
8606,104787,Starter,5,15.0,75.0,2021-10-09,,Initial Signup
8607,104788,Starter,5,15.0,75.0,2021-05-06,,Initial Signup
8608,104789,Starter,3,15.0,45.0,2022-04-06,2022-06-12,Initial Signup
8609,104789,Growth,5,29.0,145.0,2022-06-12,2022-06-18,Upgrade
8610,104789,Growth,7,29.0,203.0,2022-06-18,,Seat Change
8611,104790,Enterprise,632,29.77,18814.64,2021-04-19,,Initial Signup
8612,104791,Growth,5,29.0,145.0,2021-06-24,2022-07-07,Initial Signup
8613,104791,Pro,20,49.0,980.0,2022-07-07,,Upgrade
8614,104792,Starter,2,15.0,30.0,2022-03-12,,Initial Signup
8615,104793,Growth,12,29.0,348.0,2021-07-03,,Initial Signup
8616,104794,Growth,7,29.0,203.0,2022-07-18,2023-03-02,Initial Signup
8617,104794,Pro,20,49.0,980.0,2023-03-02,2024-09-03,Upgrade
8618,104794,Pro,24,49.0,1176.0,2024-09-03,,Seat Change
8619,104795,Starter,2,15.0,30.0,2022-09-26,2024-01-12,Initial Signup
8620,104795,Starter,3,15.0,42.12,2024-01-12,2024-08-21,Seat Change
8621,104795,Growth,5,29.0,145.0,2024-08-21,,Upgrade
8622,104796,Growth,8,29.0,232.0,2021-08-15,2024-02-24,Initial Signup
8623,104796,Pro,20,49.0,980.0,2024-02-24,2024-06-09,Upgrade
8624,104796,Pro,26,49.0,1274.0,2024-06-09,,Seat Change
8625,104797,Starter,4,15.0,60.0,2021-02-01,2022-03-06,Initial Signup
8626,104797,Starter,4,15.0,60.0,2022-03-06,,Renewal
8627,104798,Starter,2,15.0,26.21,2021-12-03,,Initial Signup
8628,104799,Growth,10,29.0,290.0,2021-03-15,,Initial Signup
8629,104800,Growth,8,29.0,232.0,2022-01-25,,
8630,104801,Growth,8,29.0,232.0,2022-10-02,2023-12-22,Initial Signup
8631,104801,Pro,20,49.0,980.0,2023-12-22,,Upgrade
8632,104802,Starter,2,15.0,30.0,2022-06-22,,Initial Signup
8633,104803,Growth,13,29.0,377.0,2021-11-22,,Initial Signup
8634,104804,Starter,1,15.0,15.0,2024-04-02,2024-08-17,Initial Signup
8635,104804,Starter,2,15.0,30.0,2024-08-17,,Seat Change
8636,104805,Pro,21,49.0,972.13,2021-03-06,,Initial Signup
8637,104806,Growth,5,29.0,145.0,2023-09-01,2023-10-30,Initial Signup
8638,104806,Growth,6,29.0,174.0,2023-10-30,,
8639,104807,Starter,1,15.0,15.0,2023-02-16,,Initial Signup
8640,104808,Starter,2,15.0,30.0,2021-11-05,2023-12-29,Initial Signup
8641,104808,Starter,3,15.0,45.0,2023-12-29,2024-09-18,Seat Change
8642,104808,Starter,3,15.0,45.0,2024-09-18,,Renewal
8643,104809,Starter,1,15.0,15.0,2021-04-26,,Initial Signup
8644,104810,Starter,2,15.0,30.0,2021-04-03,2022-11-13,Initial Signup
8645,104810,Starter,1,15.0,15.0,2022-11-13,,Seat Change
8646,104811,Growth,6,29.0,174.0,2023-12-19,,Initial Signup
8647,104812,Growth,15,29.0,435.0,2021-06-23,2022-01-09,Initial Signup
8648,104812,Growth,15,29.0,435.0,2022-01-09,,Renewal
8649,104813,Pro,93,49.0,4557.0,2023-08-05,2023-11-16,Initial Signup
8650,104813,Pro,93,49.0,4557.0,2023-11-16,,Renewal
8651,104814,Starter,3,15.0,45.0,2022-01-08,2023-07-26,Initial Signup
8652,104814,Starter,2,15.0,30.0,2023-07-26,2024-12-24,Seat Change
8653,104814,Starter,2,15.0,30.0,2024-12-24,,Renewal
8654,104815,Starter,5,15.0,75.0,2021-12-23,,Initial Signup
8655,104816,Starter,1,15.0,14.41,2022-06-03,2023-09-22,Initial Signup
8656,104816,Growth,5,29.0,145.0,2023-09-22,2024-01-14,Upgrade
8657,104816,Growth,5,29.0,145.0,2024-01-14,2024-07-06,Renewal
8658,104816,Starter,5,15.0,75.0,2024-07-06,2024-09-08,Downgrade
8659,104816,Starter,5,15.0,75.0,2024-09-08,,Renewal
8660,104817,Starter,2,15.0,30.0,2021-06-13,2022-03-29,Initial Signup
8661,104817,Starter,2,15.0,30.0,2022-03-29,2023-05-27,Renewal
8662,104817,Starter,1,15.0,13.21,2023-05-27,,Seat Change
8663,104818,Growth,5,29.0,145.0,2021-11-08,,Initial Signup
8664,104819,Starter,1,15.0,15.0,2024-02-01,,Initial Signup
8665,104820,Starter,5,15.0,75.0,2021-06-13,,Initial Signup
8666,104821,Pro,60,49.0,2940.0,2023-12-14,,Initial Signup
8667,104822,Growth,14,29.0,406.0,2024-12-10,,Initial Signup
8668,104823,Starter,4,15.0,60.0,2021-02-23,,Initial Signup
8669,104824,Enterprise,62,30.33,1880.46,2022-02-03,2023-04-28,Initial Signup
8670,104824,Enterprise,52,30.33,1577.16,2023-04-28,2023-08-16,Seat Change
8671,104824,Enterprise,66,30.33,2001.78,2023-08-16,,Seat Change
8672,104825,Starter,1,15.0,15.0,2021-05-13,2022-09-28,Initial Signup
8673,104825,Growth,5,29.0,145.0,2022-09-28,,Upgrade
8674,104826,Starter,4,15.0,60.0,2022-06-06,2024-07-24,Initial Signup
8675,104826,Starter,5,15.0,75.0,2024-07-24,,Seat Change
8676,104827,Enterprise,773,37.75,29180.75,2024-11-22,,Initial Signup
8677,104828,Starter,1,15.0,15.0,2023-10-16,2024-10-21,Initial Signup
8678,104828,Starter,2,15.0,30.0,2024-10-21,,Seat Change
8679,104829,Starter,2,15.0,30.0,2023-12-20,,Initial Signup
8680,104830,Starter,1,15.0,15.0,2021-06-04,,Initial Signup
8681,104831,Starter,1,15.0,15.0,2022-02-13,,Initial Signup
8682,104832,Growth,11,29.0,319.0,2021-06-02,2024-03-31,Initial Signup
8683,104832,Pro,20,49.0,877.96,2024-03-31,,Upgrade
8684,104833,Pro,27,49.0,1323.0,2023-10-10,2023-11-13,Initial Signup
8685,104833,Pro,27,49.0,1323.0,2023-11-13,2024-01-28,Renewal
8686,104833,Pro,30,49.0,1470.0,2024-01-28,2024-02-24,Seat Change
8687,104833,Enterprise,81,27.06,2191.86,2024-02-24,2024-03-25,Upgrade
8688,104833,Enterprise,67,27.06,1813.02,2024-03-25,,Seat Change
8689,104834,Starter,2,15.0,30.0,2021-05-27,2021-06-02,Initial Signup
8690,104834,Growth,5,29.0,145.0,2021-06-02,2021-08-10,Upgrade
8691,104834,Pro,20,49.0,980.0,2021-08-10,2021-11-25,Upgrade
8692,104834,Pro,22,49.0,1078.0,2021-11-25,2022-01-12,Seat Change
8693,104834,Pro,28,49.0,1372.0,2022-01-12,,Seat Change
8694,104835,Growth,20,29.0,494.86,2021-04-21,,Initial Signup
8695,104836,Growth,5,29.0,145.0,2021-01-03,2022-05-19,
8696,104836,Pro,20,49.0,980.0,2022-05-19,2022-06-29,Upgrade
8697,104836,Enterprise,50,35.94,1797.0,2022-06-29,2024-07-22,
8698,104836,Enterprise,69,35.94,2479.86,2024-07-22,,Seat Change
8699,104837,Growth,8,29.0,232.0,2021-05-11,2021-06-24,Initial Signup
8700,104837,Pro,20,49.0,980.0,2021-06-24,2021-06-30,Upgrade
8701,104837,Pro,30,49.0,1470.0,2021-06-30,2021-07-01,Seat Change
8702,104837,Pro,30,49.0,1470.0,2021-07-01,,Renewal
8703,104838,Starter,3,15.0,45.0,2021-05-25,2023-05-14,Initial Signup
8704,104838,Starter,4,15.0,60.0,2023-05-14,,Seat Change
8705,104839,Growth,5,29.0,145.0,2021-02-05,,Initial Signup
8706,104840,Starter,4,15.0,60.0,2023-08-22,,Initial Signup
8707,104841,Growth,9,29.0,261.0,2023-01-09,,Initial Signup
8708,104842,Growth,9,29.0,250.4,2021-07-14,2024-04-16,Initial Signup
8709,104842,Pro,20,49.0,980.0,2024-04-16,,Upgrade
8710,104843,Growth,5,29.0,145.0,2023-01-25,2023-06-14,Initial Signup
8711,104843,Growth,6,29.0,174.0,2023-06-14,,Seat Change
8712,104844,Starter,4,15.0,60.0,2021-11-19,2023-07-09,Initial Signup
8713,104844,Starter,3,15.0,45.0,2023-07-09,,Seat Change
8714,104845,Starter,1,15.0,15.0,2023-01-08,,Initial Signup
8715,104846,Growth,7,29.0,185.4,2021-08-01,,Initial Signup
8716,104847,Growth,15,29.0,416.04,2022-03-07,,Initial Signup
8717,104848,Starter,1,15.0,15.0,2021-10-12,2024-06-07,Initial Signup
8718,104848,Starter,2,15.0,30.0,2024-06-07,,Seat Change
8719,104849,Growth,14,29.0,406.0,2021-05-04,2022-04-09,Initial Signup
8720,104849,Starter,5,15.0,75.0,2022-04-09,,Downgrade
8721,104850,Starter,1,15.0,15.0,2022-04-25,2023-07-25,Initial Signup
8722,104850,Starter,2,15.0,30.0,2023-07-25,,Seat Change
8723,104851,Growth,12,29.0,305.92,2022-11-02,2024-02-20,Initial Signup
8724,104851,Pro,20,49.0,980.0,2024-02-20,,Upgrade
8725,104852,Pro,29,49.0,1421.0,2022-12-16,,Initial Signup
8726,104853,Growth,5,29.0,145.0,2021-09-28,,Initial Signup
8727,104854,Growth,17,29.0,460.83,2022-01-10,2022-10-29,Initial Signup
8728,104854,Pro,20,49.0,980.0,2022-10-29,,Upgrade
8729,104855,Starter,4,15.0,60.0,2022-12-16,,Initial Signup
8730,104856,Starter,3,15.0,45.0,2021-02-03,,Initial Signup
8731,104857,Enterprise,58,24.31,1409.98,2021-02-21,,Initial Signup
8732,104858,Growth,19,29.0,551.0,2021-09-28,2021-11-02,Initial Signup
8733,104858,Pro,20,49.0,980.0,2021-11-02,,Upgrade
8734,104859,Growth,19,29.0,551.0,2021-06-22,,Initial Signup
8735,104860,Starter,1,15.0,15.0,2021-09-05,,Initial Signup
8736,104861,Growth,14,29.0,406.0,2021-03-10,,Initial Signup
8737,104862,Growth,5,29.0,145.0,2022-04-21,,Initial Signup
8738,104863,Growth,14,29.0,406.0,2022-08-23,,Initial Signup
8739,104864,Pro,29,49.0,1322.16,2023-02-12,,Initial Signup
8740,104865,Pro,43,49.0,2107.0,2022-07-27,,Initial Signup
8741,104866,Starter,1,15.0,15.0,2021-10-06,,Initial Signup
8742,104867,Growth,9,29.0,261.0,2024-02-21,,Initial Signup
8743,104868,Starter,4,15.0,54.97,2022-10-14,,Initial Signup
8744,104869,Growth,5,29.0,145.0,2022-01-20,,Initial Signup
8745,104870,Starter,1,15.0,15.0,2021-05-17,,Initial Signup
8746,104871,Growth,16,29.0,434.86,2022-07-13,,Initial Signup
8747,104872,Starter,1,15.0,15.0,2022-04-23,,Initial Signup
8748,104873,Enterprise,476,23.8,11328.8,2022-09-24,,Initial Signup
8749,104874,Pro,25,49.0,1225.0,2023-01-23,2024-07-03,Initial Signup
8750,104874,Pro,28,49.0,1372.0,2024-07-03,,Seat Change
8751,104875,Starter,1,15.0,15.0,2023-12-03,,Initial Signup
8752,104876,Pro,78,49.0,3822.0,2024-04-12,,Initial Signup
8753,104877,Starter,3,15.0,45.0,2022-06-21,,Initial Signup
8754,104878,Starter,1,15.0,15.0,2024-07-25,2024-08-25,Initial Signup
8755,104878,Starter,1,15.0,15.0,2024-08-25,2024-09-04,Renewal
8756,104878,Growth,5,29.0,145.0,2024-09-04,2024-09-07,Upgrade
8757,104878,Growth,6,29.0,174.0,2024-09-07,,Seat Change
8758,104879,Pro,50,49.0,2450.0,2023-11-11,2024-06-13,Initial Signup
8759,104879,Enterprise,74,43.87,3246.38,2024-06-13,,Upgrade
8760,104880,Growth,5,29.0,145.0,2021-01-21,,Initial Signup
8761,104881,Starter,2,15.0,30.0,2022-06-16,2024-04-22,Initial Signup
8762,104881,Starter,2,15.0,30.0,2024-04-22,,Renewal
8763,104882,Growth,12,29.0,329.24,2021-05-07,,Initial Signup
8764,104883,Growth,14,29.0,406.0,2021-08-26,,Initial Signup
8765,104884,Starter,2,15.0,30.0,2021-08-13,,Initial Signup
8766,104885,Growth,6,29.0,174.0,2021-12-17,2022-02-03,Initial Signup
8767,104885,Starter,5,15.0,75.0,2022-02-03,,Downgrade
8768,104886,Starter,3,15.0,45.0,2021-01-09,2021-04-15,Initial Signup
8769,104886,Starter,3,15.0,45.0,2021-04-15,2022-03-25,Renewal
8770,104886,Growth,5,29.0,145.0,2022-03-25,,Upgrade
8771,104887,Starter,4,15.0,51.57,2021-06-01,2022-06-13,Initial Signup
8772,104887,Starter,5,15.0,75.0,2022-06-13,2023-12-04,Seat Change
8773,104887,Starter,4,15.0,60.0,2023-12-04,2024-10-30,Seat Change
8774,104887,Starter,3,15.0,45.0,2024-10-30,,Seat Change
8775,104888,Starter,3,15.0,42.33,2021-01-13,,Initial Signup
8776,104889,Pro,26,49.0,1274.0,2022-07-21,2023-04-07,Initial Signup
8777,104889,Pro,21,49.0,1029.0,2023-04-07,,Seat Change
8778,104890,Starter,3,15.0,45.0,2023-10-10,2024-01-10,Initial Signup
8779,104890,Starter,4,15.0,60.0,2024-01-10,,Seat Change
8780,104891,Growth,5,29.0,145.0,2024-12-27,,Initial Signup
8781,104892,Pro,51,49.0,2499.0,2021-11-22,,Initial Signup
8782,104893,Starter,1,15.0,15.0,2021-07-18,,Initial Signup
8783,104894,Pro,20,49.0,980.0,2023-07-23,,Initial Signup
8784,104895,Pro,99,49.0,4851.0,2021-03-25,,Initial Signup
8785,104896,Starter,4,15.0,60.0,2024-08-21,2024-08-27,Initial Signup
8786,104896,Starter,5,15.0,75.0,2024-08-27,2024-10-24,Seat Change
8787,104896,Starter,4,15.0,60.0,2024-10-24,2024-11-12,Seat Change
8788,104896,Starter,5,15.0,75.0,2024-11-12,2024-12-23,Seat Change
8789,104896,Growth,5,29.0,145.0,2024-12-23,,Upgrade
8790,104897,Starter,2,15.0,30.0,2022-10-24,,Initial Signup
8791,104898,Starter,1,15.0,15.0,2022-01-20,,Initial Signup
8792,104899,Starter,1,15.0,15.0,2021-03-25,2022-11-14,Initial Signup
8793,104899,Starter,2,15.0,30.0,2022-11-14,2023-04-13,Seat Change
8794,104899,Growth,5,29.0,145.0,2023-04-13,,Upgrade
8795,104900,Growth,6,29.0,174.0,2021-01-03,2022-03-20,Initial Signup
8796,104900,Growth,6,29.0,174.0,2022-03-20,,Renewal
8797,104901,Starter,2,15.0,30.0,2022-02-10,2022-08-05,Initial Signup
8798,104901,Starter,3,15.0,39.78,2022-08-05,,Seat Change
8799,104902,Starter,2,15.0,30.0,2021-10-25,2023-07-02,Initial Signup
8800,104902,Starter,2,15.0,30.0,2023-07-02,,Renewal
8801,104903,Starter,2,15.0,30.0,2023-06-14,2024-12-16,Initial Signup
8802,104903,Starter,1,15.0,15.0,2024-12-16,,Seat Change
8803,104904,Starter,2,15.0,30.0,2022-07-01,2023-04-23,Initial Signup
8804,104904,Growth,5,29.0,145.0,2023-04-23,,Upgrade
8805,104905,Starter,5,15.0,75.0,2021-11-24,,Initial Signup
8806,104906,Growth,6,29.0,174.0,2021-06-19,2021-06-23,Initial Signup
8807,104906,Pro,20,49.0,980.0,2021-06-23,,Upgrade
8808,104907,Starter,3,15.0,45.0,2021-12-26,,Initial Signup
8809,104908,Starter,2,15.0,30.0,2021-04-01,,Initial Signup
8810,104909,Starter,1,15.0,15.0,2022-08-05,2024-12-17,Initial Signup
8811,104909,Growth,5,29.0,145.0,2024-12-17,,Upgrade
8812,104910,Growth,15,29.0,435.0,2022-05-15,2024-03-09,Initial Signup
8813,104910,Growth,12,29.0,334.27,2024-03-09,,Seat Change
8814,104911,Growth,6,29.0,174.0,2023-03-06,,Initial Signup
8815,104912,Growth,5,29.0,145.0,2021-11-15,2022-08-29,Initial Signup
8816,104912,Starter,5,15.0,75.0,2022-08-29,2023-04-15,Downgrade
8817,104912,Starter,5,15.0,75.0,2023-04-15,,Renewal
8818,104913,Growth,13,29.0,377.0,2021-07-10,,Initial Signup
8819,104914,Starter,1,15.0,15.0,2023-05-06,,Initial Signup
8820,104915,Starter,2,15.0,30.0,2022-09-22,,Initial Signup
8821,104916,Growth,11,29.0,319.0,2022-09-02,,Initial Signup
8822,104917,Starter,5,15.0,75.0,2022-02-25,,Initial Signup
8823,104918,Growth,7,29.0,203.0,2023-09-05,,Initial Signup
8824,104919,Growth,5,29.0,145.0,2021-06-17,2021-11-13,
8825,104919,Growth,5,29.0,145.0,2021-11-13,2021-11-14,Renewal
8826,104919,Growth,7,29.0,203.0,2021-11-14,,Seat Change
8827,104920,Growth,9,29.0,261.0,2021-10-28,,Initial Signup
8828,104921,Starter,1,15.0,15.0,2023-02-04,,Initial Signup
8829,104922,Growth,6,29.0,174.0,2021-04-26,,Initial Signup
8830,104923,Growth,7,29.0,203.0,2023-03-09,2024-10-24,Initial Signup
8831,104923,Growth,6,29.0,174.0,2024-10-24,,Seat Change
8832,104924,Pro,23,49.0,1127.0,2021-09-21,2022-09-08,Initial Signup
8833,104924,Pro,20,49.0,980.0,2022-09-08,,Seat Change
8834,104925,Growth,6,29.0,174.0,2021-03-24,,Initial Signup
8835,104926,Growth,11,29.0,319.0,2021-02-07,2021-02-24,Initial Signup
8836,104926,Pro,20,49.0,980.0,2021-02-24,2021-03-04,Upgrade
8837,104926,Growth,18,29.0,522.0,2021-03-04,,Downgrade
8838,104927,Starter,1,15.0,15.0,2023-06-10,2023-09-23,Initial Signup
8839,104927,Starter,1,15.0,15.0,2023-09-23,2024-01-21,Renewal
8840,104927,Starter,2,15.0,30.0,2024-01-21,,Seat Change
8841,104928,Pro,30,49.0,1470.0,2023-01-25,,Initial Signup
8842,104929,Growth,14,29.0,406.0,2021-07-03,2021-10-03,Initial Signup
8843,104929,Pro,20,49.0,980.0,2021-10-03,,Upgrade
8844,104930,Starter,1,15.0,13.58,2021-03-04,2024-05-12,Initial Signup
8845,104930,Starter,2,15.0,30.0,2024-05-12,,Seat Change
8846,104931,Starter,4,15.0,60.0,2021-06-09,2024-12-05,Initial Signup
8847,104931,Starter,3,15.0,45.0,2024-12-05,,Seat Change
8848,104932,Starter,2,15.0,30.0,2021-06-17,2023-09-19,Initial Signup
8849,104932,Growth,5,29.0,145.0,2023-09-19,,Upgrade
8850,104933,Pro,36,49.0,1764.0,2022-11-23,,Initial Signup
8851,104934,Growth,6,29.0,174.0,2021-06-16,,Initial Signup
8852,104935,Growth,6,29.0,174.0,2021-06-14,2021-12-24,Initial Signup
8853,104935,Starter,5,15.0,75.0,2021-12-24,,Downgrade
8854,104936,Growth,5,29.0,145.0,2021-01-25,,Initial Signup
8855,104937,Pro,25,49.0,1225.0,2022-05-05,2022-05-17,Initial Signup
8856,104937,Pro,25,49.0,1225.0,2022-05-17,,Renewal
8857,104938,Starter,2,15.0,28.99,2022-09-26,,Initial Signup
8858,104939,Growth,5,29.0,145.0,2022-07-09,2023-11-25,Initial Signup
8859,104939,Growth,5,29.0,145.0,2023-11-25,,Renewal
8860,104940,Growth,9,29.0,261.0,2022-03-08,,Initial Signup
8861,104941,Growth,5,29.0,145.0,2024-07-27,,Initial Signup
8862,104942,Starter,3,15.0,45.0,2021-12-19,,
8863,104943,Growth,11,29.0,319.0,2023-07-13,,Initial Signup
8864,104944,Growth,18,29.0,459.47,2022-07-10,2024-12-13,Initial Signup
8865,104944,Pro,20,49.0,980.0,2024-12-13,,Upgrade
8866,104945,Growth,5,29.0,145.0,2021-02-13,,Initial Signup
8867,104946,Growth,9,29.0,261.0,2023-03-23,2024-01-27,Initial Signup
8868,104946,Growth,10,29.0,290.0,2024-01-27,2024-03-26,Seat Change
8869,104946,Pro,20,49.0,980.0,2024-03-26,,Upgrade
8870,104947,Starter,1,15.0,15.0,2022-04-05,2023-05-12,Initial Signup
8871,104947,Growth,5,29.0,145.0,2023-05-12,2023-05-27,Upgrade
8872,104947,Growth,6,29.0,174.0,2023-05-27,,Seat Change
8873,104948,Growth,10,29.0,290.0,2022-07-05,,
8874,104949,Growth,5,29.0,145.0,2021-05-09,2022-11-16,
8875,104949,Growth,6,29.0,174.0,2022-11-16,,Seat Change
8876,104950,Starter,2,15.0,30.0,2021-11-14,,Initial Signup
8877,104951,Starter,3,15.0,45.0,2023-09-23,2024-10-17,Initial Signup
8878,104951,Starter,3,15.0,45.0,2024-10-17,,Renewal
8879,104952,Pro,20,49.0,980.0,2021-06-06,,Initial Signup
8880,104953,Pro,80,49.0,3920.0,2021-01-23,,Initial Signup
8881,104954,Pro,42,49.0,2058.0,2021-07-26,2021-08-11,Initial Signup
8882,104954,Enterprise,131,27.78,3639.18,2021-08-11,2021-08-14,Upgrade
8883,104954,Enterprise,165,27.78,4583.7,2021-08-14,,Seat Change
8884,104955,Starter,2,15.0,30.0,2021-12-13,,Initial Signup
8885,104956,Starter,4,15.0,60.0,2023-04-27,,Initial Signup
8886,104957,Starter,1,15.0,15.0,2022-07-26,,Initial Signup
8887,104958,Growth,5,29.0,145.0,2023-12-23,2024-05-09,Initial Signup
8888,104958,Growth,7,29.0,203.0,2024-05-09,2024-05-12,Seat Change
8889,104958,Growth,8,29.0,232.0,2024-05-12,,Seat Change
8890,104959,Starter,3,15.0,45.0,2021-11-11,2023-06-01,Initial Signup
8891,104959,Starter,3,15.0,39.34,2023-06-01,2024-02-02,Renewal
8892,104959,Starter,3,15.0,45.0,2024-02-02,2024-06-22,Renewal
8893,104959,Starter,4,15.0,60.0,2024-06-22,,Seat Change
8894,104960,Growth,12,29.0,348.0,2021-10-09,2023-10-19,Initial Signup
8895,104960,Growth,13,29.0,377.0,2023-10-19,,Seat Change
8896,104961,Starter,4,15.0,60.0,2021-06-25,2021-11-09,Initial Signup
8897,104961,Starter,5,15.0,75.0,2021-11-09,2021-11-26,Seat Change
8898,104961,Starter,4,15.0,60.0,2021-11-26,,Seat Change
8899,104962,Pro,23,49.0,1127.0,2021-06-13,2021-09-24,Initial Signup
8900,104962,Pro,23,49.0,1127.0,2021-09-24,2022-03-23,Renewal
8901,104962,Pro,27,49.0,1323.0,2022-03-23,2022-08-25,Seat Change
8902,104962,Pro,29,49.0,1232.97,2022-08-25,,Seat Change
8903,104963,Growth,18,29.0,522.0,2022-11-01,,Initial Signup
8904,104964,Starter,4,15.0,60.0,2021-02-21,2021-04-12,Initial Signup
8905,104964,Growth,5,29.0,145.0,2021-04-12,2022-11-11,Upgrade
8906,104964,Pro,20,49.0,980.0,2022-11-11,,Upgrade
8907,104965,Starter,5,15.0,75.0,2021-06-10,,Initial Signup
8908,104966,Starter,5,15.0,75.0,2023-09-27,,Initial Signup
8909,104967,Growth,9,29.0,261.0,2022-04-24,,Initial Signup
8910,104968,Growth,6,29.0,174.0,2021-01-03,,Initial Signup
8911,104969,Growth,6,29.0,174.0,2022-09-26,2024-06-18,
8912,104969,Growth,6,29.0,174.0,2024-06-18,,Renewal
8913,104970,Growth,18,29.0,522.0,2022-01-27,2024-10-16,Initial Signup
8914,104970,Growth,18,29.0,522.0,2024-10-16,,Renewal
8915,104971,Starter,1,15.0,15.0,2023-07-22,2024-05-23,Initial Signup
8916,104971,Starter,2,15.0,30.0,2024-05-23,2024-10-20,Seat Change
8917,104971,Starter,1,15.0,13.81,2024-10-20,,Seat Change
8918,104972,Pro,81,49.0,3969.0,2022-08-08,2023-01-28,Initial Signup
8919,104972,Pro,81,49.0,3969.0,2023-01-28,2023-08-03,Renewal
8920,104972,Pro,100,49.0,4900.0,2023-08-03,,Seat Change
8921,104973,Growth,12,29.0,348.0,2021-01-19,2021-11-26,Initial Signup
8922,104973,Pro,20,49.0,980.0,2021-11-26,,Upgrade
8923,104974,Starter,1,15.0,13.22,2021-05-25,2024-04-26,Initial Signup
8924,104974,Growth,5,29.0,145.0,2024-04-26,,Upgrade
8925,104975,Starter,1,15.0,12.83,2021-07-23,2023-02-17,Initial Signup
8926,104975,Starter,2,15.0,30.0,2023-02-17,2023-05-19,Seat Change
8927,104975,Starter,1,15.0,15.0,2023-05-19,,Seat Change
8928,104976,Growth,18,29.0,483.37,2022-09-13,2023-04-22,Initial Signup
8929,104976,Pro,20,49.0,980.0,2023-04-22,2023-11-07,Upgrade
8930,104976,Pro,20,49.0,980.0,2023-11-07,2024-02-24,Renewal
8931,104976,Pro,20,49.0,980.0,2024-02-24,,Renewal
8932,104977,Growth,15,29.0,435.0,2022-01-20,,Initial Signup
8933,104978,Pro,30,49.0,1470.0,2022-11-11,2023-07-24,Initial Signup
8934,104978,Enterprise,92,27.8,2557.6,2023-07-24,2023-10-05,
8935,104978,Enterprise,74,27.8,2057.2,2023-10-05,,Seat Change
8936,104979,Growth,9,29.0,261.0,2022-01-08,,Initial Signup
8937,104980,Starter,5,15.0,75.0,2021-08-19,,Initial Signup
8938,104981,Growth,16,29.0,464.0,2021-03-14,,Initial Signup
8939,104982,Growth,5,29.0,145.0,2021-05-07,,Initial Signup
8940,104983,Growth,5,29.0,145.0,2021-10-19,,Initial Signup
8941,104984,Starter,2,15.0,27.16,2022-03-10,,Initial Signup
8942,104985,Growth,13,29.0,377.0,2024-03-17,,Initial Signup
8943,104986,Starter,1,15.0,13.09,2021-06-11,2021-08-05,Initial Signup
8944,104986,Starter,2,15.0,30.0,2021-08-05,2021-10-23,Seat Change
8945,104986,Starter,3,15.0,45.0,2021-10-23,2024-11-22,Seat Change
8946,104986,Growth,5,29.0,145.0,2024-11-22,2024-12-29,Upgrade
8947,104986,Growth,7,29.0,203.0,2024-12-29,,Seat Change
8948,104987,Starter,2,15.0,30.0,2022-08-25,,Initial Signup
8949,104988,Growth,9,29.0,261.0,2021-04-24,2022-08-23,Initial Signup
8950,104988,Growth,9,29.0,261.0,2022-08-23,,Renewal
8951,104989,Starter,4,15.0,60.0,2022-10-14,,Initial Signup
8952,104990,Starter,1,15.0,15.0,2021-01-20,2021-02-06,Initial Signup
8953,104990,Growth,5,29.0,145.0,2021-02-06,2021-03-26,Upgrade
8954,104990,Pro,20,49.0,980.0,2021-03-26,2021-05-09,Upgrade
8955,104990,Enterprise,50,37.08,1854.0,2021-05-09,,Upgrade
8956,104991,Growth,17,29.0,493.0,2022-07-05,2024-09-15,Initial Signup
8957,104991,Starter,5,15.0,75.0,2024-09-15,,Downgrade
8958,104992,Starter,5,15.0,75.0,2021-04-28,2021-05-19,Initial Signup
8959,104992,Starter,4,15.0,60.0,2021-05-19,2021-07-10,Seat Change
8960,104992,Starter,3,15.0,45.0,2021-07-10,,Seat Change
8961,104993,Enterprise,165,31.89,5261.85,2021-05-07,,Initial Signup
8962,104994,Growth,9,29.0,248.83,2022-03-25,2022-07-25,Initial Signup
8963,104994,Growth,9,29.0,261.0,2022-07-25,2022-09-29,Renewal
8964,104994,Starter,5,15.0,75.0,2022-09-29,,Downgrade
8965,104995,Starter,2,15.0,30.0,2021-09-24,2024-09-18,Initial Signup
8966,104995,Growth,5,29.0,145.0,2024-09-18,,Upgrade
8967,104996,Growth,6,29.0,174.0,2021-12-05,,Initial Signup
8968,104997,Starter,2,15.0,30.0,2021-08-01,,Initial Signup
8969,104998,Starter,2,15.0,30.0,2024-05-21,2024-06-28,Initial Signup
8970,104998,Growth,5,29.0,145.0,2024-06-28,2024-09-20,Upgrade
8971,104998,Pro,20,49.0,980.0,2024-09-20,,Upgrade
8972,104999,Growth,7,29.0,203.0,2021-07-25,2022-05-30,Initial Signup
8973,104999,Growth,8,29.0,232.0,2022-05-30,2024-03-06,Seat Change
8974,104999,Pro,20,49.0,980.0,2024-03-06,,Upgrade
